2025-08-11 15:43:49,108 [Worker-1: Loading available Gradle versions] INFO  o.e.b.c.i.u.g.PublishedGradleVersions - Gradle version information cache is not available. Remote download required.
2025-08-11 17:12:52,576 [Worker-36: Building] INFO  o.e.m.c.i.l.LifecycleMappingFactory - Using org.maven.ide.eclipse.wtp.WarLifecycleMapping lifecycle mapping for MavenProject: com.example:eureka-server:0.0.1-SNAPSHOT @ C:\Users\laksh\Music\Microservices\School Registration\eureka-server\pom.xml.
2025-08-11 17:12:56,823 [Worker-36: Building] INFO  o.a.m.s.f.DefaultMavenResourcesFiltering - Copying 1 resource from src\main\resources to target\classes
2025-08-11 17:12:56,861 [Worker-36: Building] INFO  o.a.m.s.f.DefaultMavenResourcesFiltering - Copying 0 resource from src\main\resources to target\classes
2025-08-11 17:12:56,873 [Worker-36: Building] INFO  o.a.m.s.f.DefaultMavenResourcesFiltering - skip non existing resourceDirectory C:\Users\laksh\Music\Microservices\School Registration\eureka-server\src\test\resources
2025-08-11 17:12:58,152 [Worker-40: Building] INFO  o.a.m.s.f.DefaultMavenResourcesFiltering - Copying 1 resource from src\main\resources to target\classes
2025-08-11 17:12:58,157 [Worker-40: Building] INFO  o.a.m.s.f.DefaultMavenResourcesFiltering - Copying 0 resource from src\main\resources to target\classes
2025-08-11 17:12:58,165 [Worker-40: Building] INFO  o.a.m.s.f.DefaultMavenResourcesFiltering - skip non existing resourceDirectory C:\Users\laksh\Music\Microservices\School Registration\eureka-server\src\test\resources
2025-08-11 17:13:04,393 [Worker-39: Building] INFO  o.e.m.c.i.l.LifecycleMappingFactory - Using org.maven.ide.eclipse.wtp.WarLifecycleMapping lifecycle mapping for MavenProject: com.example:api-gateway:0.0.1-SNAPSHOT @ C:\Users\laksh\Music\Microservices\School Registration\api-gateway\pom.xml.
2025-08-11 17:13:08,570 [Worker-39: Building] INFO  o.a.m.s.f.DefaultMavenResourcesFiltering - Copying 1 resource from src\main\resources to target\classes
2025-08-11 17:13:08,610 [Worker-39: Building] INFO  o.a.m.s.f.DefaultMavenResourcesFiltering - Copying 0 resource from src\main\resources to target\classes
2025-08-11 17:13:08,620 [Worker-39: Building] INFO  o.a.m.s.f.DefaultMavenResourcesFiltering - skip non existing resourceDirectory C:\Users\laksh\Music\Microservices\School Registration\api-gateway\src\test\resources
2025-08-11 17:13:11,585 [Worker-32: Updating Maven Dependencies] INFO  o.e.m.c.i.l.LifecycleMappingFactory - Using org.maven.ide.eclipse.wtp.WarLifecycleMapping lifecycle mapping for MavenProject: com.example:api-gateway:0.0.1-SNAPSHOT @ C:\Users\laksh\Music\Microservices\School Registration\api-gateway\pom.xml.
2025-08-11 17:13:11,685 [Worker-41: Building] INFO  o.a.m.s.f.DefaultMavenResourcesFiltering - Copying 1 resource from src\main\resources to target\classes
2025-08-11 17:13:11,715 [Worker-41: Building] INFO  o.a.m.s.f.DefaultMavenResourcesFiltering - Copying 0 resource from src\main\resources to target\classes
2025-08-11 17:13:11,728 [Worker-41: Building] INFO  o.a.m.s.f.DefaultMavenResourcesFiltering - skip non existing resourceDirectory C:\Users\laksh\Music\Microservices\School Registration\api-gateway\src\test\resources
2025-08-11 17:13:11,732 [Worker-41: Building] INFO  o.e.m.w.i.f.ResourceFilteringBuildParticipant - Changed resources require a complete clean of filtered resources of api-gateway
2025-08-11 17:13:11,733 [Worker-41: Building] INFO  o.e.m.w.i.f.ResourceFilteringBuildParticipant - Executing resource filtering for api-gateway
2025-08-11 17:13:17,613 [Worker-35: Update Maven projects configuration] INFO  o.e.m.c.i.p.ProjectConfigurationManager - Update started
2025-08-11 17:13:18,449 [Worker-35: Update Maven projects configuration] INFO  o.e.m.c.i.l.LifecycleMappingFactory - Using org.maven.ide.eclipse.wtp.WarLifecycleMapping lifecycle mapping for MavenProject: com.example:config-server:0.0.1-SNAPSHOT @ C:\Users\laksh\Music\Microservices\School Registration\config-server\pom.xml.
2025-08-11 17:13:18,964 [Worker-35: Update Maven projects configuration] INFO  o.e.m.c.i.e.AbstractTransferListenerAdapter - Downloading https://repo.maven.apache.org/maven2/org/springframework/cloud/spring-cloud-starter-config/4.3.0/spring-cloud-starter-config-4.3.0.pom
2025-08-11 17:13:18,984 [Worker-35: Update Maven projects configuration] INFO  o.e.m.c.i.e.AbstractTransferListenerAdapter - Downloaded https://repo.maven.apache.org/maven2/org/springframework/cloud/spring-cloud-starter-config/4.3.0/spring-cloud-starter-config-4.3.0.pom
2025-08-11 17:13:19,016 [Worker-35: Update Maven projects configuration] INFO  o.e.m.c.i.e.AbstractTransferListenerAdapter - Downloading https://repo.maven.apache.org/maven2/org/springframework/cloud/spring-cloud-config/4.3.0/spring-cloud-config-4.3.0.pom
2025-08-11 17:13:19,026 [Worker-35: Update Maven projects configuration] INFO  o.e.m.c.i.e.AbstractTransferListenerAdapter - Downloaded https://repo.maven.apache.org/maven2/org/springframework/cloud/spring-cloud-config/4.3.0/spring-cloud-config-4.3.0.pom
2025-08-11 17:13:19,186 [Worker-35: Update Maven projects configuration] INFO  o.e.m.c.i.e.AbstractTransferListenerAdapter - Downloading https://repo.maven.apache.org/maven2/org/springframework/cloud/spring-cloud-config-client/4.3.0/spring-cloud-config-client-4.3.0.pom
2025-08-11 17:13:19,199 [Worker-35: Update Maven projects configuration] INFO  o.e.m.c.i.e.AbstractTransferListenerAdapter - Downloaded https://repo.maven.apache.org/maven2/org/springframework/cloud/spring-cloud-config-client/4.3.0/spring-cloud-config-client-4.3.0.pom
2025-08-11 17:13:19,549 [Worker-35: Update Maven projects configuration] INFO  o.e.m.c.i.e.AbstractTransferListenerAdapter - Downloading https://repo.maven.apache.org/maven2/org/springframework/cloud/spring-cloud-starter-config/4.3.0/spring-cloud-starter-config-4.3.0.jar
2025-08-11 17:13:19,557 [Worker-35: Update Maven projects configuration] INFO  o.e.m.c.i.e.AbstractTransferListenerAdapter - Downloaded https://repo.maven.apache.org/maven2/org/springframework/cloud/spring-cloud-starter-config/4.3.0/spring-cloud-starter-config-4.3.0.jar
2025-08-11 17:13:19,577 [BasicRepositoryConnector-repo.maven.apache.org-0-0] INFO  o.e.m.c.i.e.AbstractTransferListenerAdapter - Downloading https://repo.maven.apache.org/maven2/org/springframework/cloud/spring-cloud-config-client/4.3.0/spring-cloud-config-client-4.3.0.jar
2025-08-11 17:13:19,609 [BasicRepositoryConnector-repo.maven.apache.org-0-0] INFO  o.e.m.c.i.e.AbstractTransferListenerAdapter - Downloaded https://repo.maven.apache.org/maven2/org/springframework/cloud/spring-cloud-config-client/4.3.0/spring-cloud-config-client-4.3.0.jar
2025-08-11 17:13:20,317 [Worker-35: Update Maven projects configuration] INFO  o.e.m.j.i.AbstractJavaProjectConfigurator - Adding source folder /config-server/src/main/java
2025-08-11 17:13:20,323 [Worker-35: Update Maven projects configuration] INFO  o.e.m.j.i.AbstractJavaProjectConfigurator - Adding resource folder /config-server/src/main/resources
2025-08-11 17:13:20,339 [Worker-35: Update Maven projects configuration] INFO  o.e.m.j.i.AbstractJavaProjectConfigurator - Adding resource folder /config-server/src/main/resources
2025-08-11 17:13:20,353 [Worker-35: Update Maven projects configuration] INFO  o.e.m.j.i.AbstractJavaProjectConfigurator - Adding source folder /config-server/src/test/java
2025-08-11 17:13:20,357 [Worker-35: Update Maven projects configuration] INFO  o.e.m.j.i.AbstractJavaProjectConfigurator - Adding resource folder /config-server/src/test/resources
2025-08-11 17:13:21,133 [Worker-39: Building] INFO  o.a.m.s.f.DefaultMavenResourcesFiltering - Copying 1 resource from src\main\resources to target\classes
2025-08-11 17:13:21,160 [Worker-22: Download sources and javadoc] INFO  o.e.m.c.i.e.AbstractTransferListenerAdapter - Downloaded https://repo.maven.apache.org/maven2/org/springframework/cloud/spring-cloud-starter-config/4.3.0/spring-cloud-starter-config-4.3.0-sources.jar
2025-08-11 17:13:21,166 [Worker-39: Building] INFO  o.a.m.s.f.DefaultMavenResourcesFiltering - Copying 0 resource from src\main\resources to target\classes
2025-08-11 17:13:21,176 [Worker-39: Building] INFO  o.a.m.s.f.DefaultMavenResourcesFiltering - skip non existing resourceDirectory C:\Users\laksh\Music\Microservices\School Registration\config-server\src\test\resources
2025-08-11 17:13:21,173 [Worker-22: Download sources and javadoc] ERROR o.e.m.j.internal.DownloadSourcesJob - Could not download sources for org.springframework.cloud:spring-cloud-starter-config:4.3.0
org.eclipse.core.runtime.CoreException: Could not resolve artifact org.springframework.cloud:spring-cloud-starter-config:jar:sources:4.3.0
	at org.eclipse.m2e.core.internal.embedder.MavenImpl.lambda$7(MavenImpl.java:540)
	at org.eclipse.m2e.core.internal.embedder.MavenExecutionContext.executeBare(MavenExecutionContext.java:458)
	at org.eclipse.m2e.core.internal.embedder.MavenExecutionContext.execute(MavenExecutionContext.java:292)
	at org.eclipse.m2e.core.internal.embedder.MavenExecutionContext.execute(MavenExecutionContext.java:278)
	at org.eclipse.m2e.core.internal.embedder.MavenImpl.resolve(MavenImpl.java:509)
	at org.eclipse.m2e.core.internal.embedder.MavenImpl.resolve(MavenImpl.java:494)
	at org.eclipse.m2e.jdt.internal.DownloadSourcesJob.download(DownloadSourcesJob.java:308)
	at org.eclipse.m2e.jdt.internal.DownloadSourcesJob.downloadAttachments(DownloadSourcesJob.java:282)
	at org.eclipse.m2e.jdt.internal.DownloadSourcesJob.downloadMaven(DownloadSourcesJob.java:252)
	at org.eclipse.m2e.jdt.internal.DownloadSourcesJob.downloadFilesAndPopulateToUpdate(DownloadSourcesJob.java:220)
	at org.eclipse.m2e.jdt.internal.DownloadSourcesJob.lambda$0(DownloadSourcesJob.java:149)
	at org.eclipse.m2e.core.internal.embedder.MavenExecutionContext.executeBare(MavenExecutionContext.java:458)
	at org.eclipse.m2e.core.internal.embedder.MavenExecutionContext.execute(MavenExecutionContext.java:339)
	at org.eclipse.m2e.core.internal.embedder.MavenExecutionContext.execute(MavenExecutionContext.java:278)
	at org.eclipse.m2e.core.embedder.IMaven.execute(IMaven.java:300)
	at org.eclipse.m2e.jdt.internal.DownloadSourcesJob.run(DownloadSourcesJob.java:149)
	at org.eclipse.core.internal.jobs.Worker.run(Worker.java:63)
2025-08-11 17:13:21,308 [Worker-22: Download sources and javadoc] INFO  o.e.m.c.i.e.AbstractTransferListenerAdapter - Downloading https://repo.maven.apache.org/maven2/org/springframework/cloud/spring-cloud-config-client/4.3.0/spring-cloud-config-client-4.3.0-sources.jar
2025-08-11 17:13:21,339 [Worker-22: Download sources and javadoc] INFO  o.e.m.c.i.e.AbstractTransferListenerAdapter - Downloaded https://repo.maven.apache.org/maven2/org/springframework/cloud/spring-cloud-config-client/4.3.0/spring-cloud-config-client-4.3.0-sources.jar
2025-08-11 17:13:21,351 [Worker-22: Download sources and javadoc] INFO  o.e.m.j.internal.DownloadSourcesJob - Downloaded sources for org.springframework.cloud:spring-cloud-config-client:4.3.0
2025-08-11 17:13:23,542 [Worker-34: Building] INFO  o.a.m.s.f.DefaultMavenResourcesFiltering - Copying 1 resource from src\main\resources to target\classes
2025-08-11 17:13:23,546 [Worker-34: Building] INFO  o.a.m.s.f.DefaultMavenResourcesFiltering - Copying 0 resource from src\main\resources to target\classes
2025-08-11 17:13:23,547 [Worker-35: Update Maven projects configuration] INFO  o.e.m.c.i.p.ProjectConfigurationManager - Update completed for 1 poms: local refresh takes 0.00 sec, refresh facades takes 2.00 sec, update config takes 3.00 sec 
2025-08-11 17:13:23,553 [Worker-34: Building] INFO  o.a.m.s.f.DefaultMavenResourcesFiltering - skip non existing resourceDirectory C:\Users\laksh\Music\Microservices\School Registration\config-server\src\test\resources
2025-08-11 17:13:24,725 [Worker-38: Building] INFO  o.a.m.s.f.DefaultMavenResourcesFiltering - Copying 0 resource from src\main\resources to target\classes
2025-08-11 17:13:24,726 [Worker-38: Building] INFO  o.a.m.s.f.DefaultMavenResourcesFiltering - Copying 0 resource from src\main\resources to target\classes
2025-08-11 17:13:24,730 [Worker-38: Building] INFO  o.a.m.s.f.DefaultMavenResourcesFiltering - skip non existing resourceDirectory C:\Users\laksh\Music\Microservices\School Registration\config-server\src\test\resources
2025-08-11 17:13:30,875 [Worker-39: Update Maven projects configuration] INFO  o.e.m.c.i.p.ProjectConfigurationManager - Update started
2025-08-11 17:13:31,676 [Worker-39: Update Maven projects configuration] INFO  o.e.m.c.i.l.LifecycleMappingFactory - Using org.maven.ide.eclipse.wtp.WarLifecycleMapping lifecycle mapping for MavenProject: com.example:school-service:0.0.1-SNAPSHOT @ C:\Users\laksh\Music\Microservices\School Registration\school-service\pom.xml.
2025-08-11 17:13:34,007 [Worker-39: Update Maven projects configuration] INFO  o.e.m.j.i.AbstractJavaProjectConfigurator - Adding source folder /school-service/src/main/java
2025-08-11 17:13:34,010 [Worker-39: Update Maven projects configuration] INFO  o.e.m.j.i.AbstractJavaProjectConfigurator - Adding resource folder /school-service/src/main/resources
2025-08-11 17:13:34,030 [Worker-39: Update Maven projects configuration] INFO  o.e.m.j.i.AbstractJavaProjectConfigurator - Adding resource folder /school-service/src/main/resources
2025-08-11 17:13:34,045 [Worker-39: Update Maven projects configuration] INFO  o.e.m.j.i.AbstractJavaProjectConfigurator - Adding source folder /school-service/src/test/java
2025-08-11 17:13:34,048 [Worker-39: Update Maven projects configuration] INFO  o.e.m.j.i.AbstractJavaProjectConfigurator - Adding resource folder /school-service/src/test/resources
2025-08-11 17:13:34,890 [Worker-40: Download sources and javadoc] INFO  o.e.m.c.i.e.AbstractTransferListenerAdapter - Downloaded https://repo.maven.apache.org/maven2/org/springframework/cloud/spring-cloud-starter-config/4.3.0/spring-cloud-starter-config-4.3.0-javadoc.jar
2025-08-11 17:13:34,899 [Worker-40: Download sources and javadoc] ERROR o.e.m.j.internal.DownloadSourcesJob - Could not download javadoc for org.springframework.cloud:spring-cloud-starter-config:4.3.0
org.eclipse.core.runtime.CoreException: Could not resolve artifact org.springframework.cloud:spring-cloud-starter-config:jar:javadoc:4.3.0
	at org.eclipse.m2e.core.internal.embedder.MavenImpl.lambda$7(MavenImpl.java:540)
	at org.eclipse.m2e.core.internal.embedder.MavenExecutionContext.executeBare(MavenExecutionContext.java:458)
	at org.eclipse.m2e.core.internal.embedder.MavenExecutionContext.execute(MavenExecutionContext.java:292)
	at org.eclipse.m2e.core.internal.embedder.MavenExecutionContext.execute(MavenExecutionContext.java:278)
	at org.eclipse.m2e.core.internal.embedder.MavenImpl.resolve(MavenImpl.java:509)
	at org.eclipse.m2e.core.internal.embedder.MavenImpl.resolve(MavenImpl.java:494)
	at org.eclipse.m2e.jdt.internal.DownloadSourcesJob.download(DownloadSourcesJob.java:308)
	at org.eclipse.m2e.jdt.internal.DownloadSourcesJob.downloadAttachments(DownloadSourcesJob.java:294)
	at org.eclipse.m2e.jdt.internal.DownloadSourcesJob.downloadMaven(DownloadSourcesJob.java:252)
	at org.eclipse.m2e.jdt.internal.DownloadSourcesJob.downloadFilesAndPopulateToUpdate(DownloadSourcesJob.java:220)
	at org.eclipse.m2e.jdt.internal.DownloadSourcesJob.lambda$0(DownloadSourcesJob.java:149)
	at org.eclipse.m2e.core.internal.embedder.MavenExecutionContext.executeBare(MavenExecutionContext.java:458)
	at org.eclipse.m2e.core.internal.embedder.MavenExecutionContext.execute(MavenExecutionContext.java:339)
	at org.eclipse.m2e.core.internal.embedder.MavenExecutionContext.execute(MavenExecutionContext.java:278)
	at org.eclipse.m2e.core.embedder.IMaven.execute(IMaven.java:300)
	at org.eclipse.m2e.jdt.internal.DownloadSourcesJob.run(DownloadSourcesJob.java:149)
	at org.eclipse.core.internal.jobs.Worker.run(Worker.java:63)
2025-08-11 17:13:35,438 [Worker-34: Building] INFO  o.a.m.s.f.DefaultMavenResourcesFiltering - Copying 1 resource from src\main\resources to target\classes
2025-08-11 17:13:35,479 [Worker-34: Building] INFO  o.a.m.s.f.DefaultMavenResourcesFiltering - Copying 0 resource from src\main\resources to target\classes
2025-08-11 17:13:35,494 [Worker-34: Building] INFO  o.a.m.s.f.DefaultMavenResourcesFiltering - skip non existing resourceDirectory C:\Users\laksh\Music\Microservices\School Registration\school-service\src\test\resources
2025-08-11 17:13:38,190 [Worker-36: Building] INFO  o.a.m.s.f.DefaultMavenResourcesFiltering - Copying 1 resource from src\main\resources to target\classes
2025-08-11 17:13:38,193 [Worker-36: Building] INFO  o.a.m.s.f.DefaultMavenResourcesFiltering - Copying 0 resource from src\main\resources to target\classes
2025-08-11 17:13:38,199 [Worker-36: Building] INFO  o.a.m.s.f.DefaultMavenResourcesFiltering - skip non existing resourceDirectory C:\Users\laksh\Music\Microservices\School Registration\school-service\src\test\resources
2025-08-11 17:13:38,511 [Worker-39: Update Maven projects configuration] INFO  o.e.m.c.i.p.ProjectConfigurationManager - Update completed for 1 poms: local refresh takes 0.00 sec, refresh facades takes 2.00 sec, update config takes 4.00 sec 
2025-08-11 17:13:39,312 [Worker-38: Building] INFO  o.a.m.s.f.DefaultMavenResourcesFiltering - Copying 0 resource from src\main\resources to target\classes
2025-08-11 17:13:39,314 [Worker-38: Building] INFO  o.a.m.s.f.DefaultMavenResourcesFiltering - Copying 0 resource from src\main\resources to target\classes
2025-08-11 17:13:39,320 [Worker-38: Building] INFO  o.a.m.s.f.DefaultMavenResourcesFiltering - skip non existing resourceDirectory C:\Users\laksh\Music\Microservices\School Registration\school-service\src\test\resources
2025-08-11 17:13:50,070 [Worker-32: Update Maven projects configuration] INFO  o.e.m.c.i.p.ProjectConfigurationManager - Update started
2025-08-11 17:13:50,545 [Worker-32: Update Maven projects configuration] INFO  o.e.m.c.i.l.LifecycleMappingFactory - Using org.maven.ide.eclipse.wtp.WarLifecycleMapping lifecycle mapping for MavenProject: com.example:student-service:0.0.1-SNAPSHOT @ C:\Users\laksh\Music\Microservices\School Registration\student-service\pom.xml.
2025-08-11 17:13:51,925 [Worker-32: Update Maven projects configuration] INFO  o.e.m.j.i.AbstractJavaProjectConfigurator - Adding source folder /student-service/src/main/java
2025-08-11 17:13:51,927 [Worker-32: Update Maven projects configuration] INFO  o.e.m.j.i.AbstractJavaProjectConfigurator - Adding resource folder /student-service/src/main/resources
2025-08-11 17:13:51,933 [Worker-32: Update Maven projects configuration] INFO  o.e.m.j.i.AbstractJavaProjectConfigurator - Adding resource folder /student-service/src/main/resources
2025-08-11 17:13:51,943 [Worker-32: Update Maven projects configuration] INFO  o.e.m.j.i.AbstractJavaProjectConfigurator - Adding source folder /student-service/src/test/java
2025-08-11 17:13:51,945 [Worker-32: Update Maven projects configuration] INFO  o.e.m.j.i.AbstractJavaProjectConfigurator - Adding resource folder /student-service/src/test/resources
2025-08-11 17:13:53,019 [Worker-22: Building] INFO  o.a.m.s.f.DefaultMavenResourcesFiltering - Copying 1 resource from src\main\resources to target\classes
2025-08-11 17:13:53,060 [Worker-22: Building] INFO  o.a.m.s.f.DefaultMavenResourcesFiltering - Copying 0 resource from src\main\resources to target\classes
2025-08-11 17:13:53,073 [Worker-22: Building] INFO  o.a.m.s.f.DefaultMavenResourcesFiltering - skip non existing resourceDirectory C:\Users\laksh\Music\Microservices\School Registration\student-service\src\test\resources
2025-08-11 17:13:55,942 [Worker-37: Building] INFO  o.a.m.s.f.DefaultMavenResourcesFiltering - Copying 1 resource from src\main\resources to target\classes
2025-08-11 17:13:55,947 [Worker-37: Building] INFO  o.a.m.s.f.DefaultMavenResourcesFiltering - Copying 0 resource from src\main\resources to target\classes
2025-08-11 17:13:55,956 [Worker-37: Building] INFO  o.a.m.s.f.DefaultMavenResourcesFiltering - skip non existing resourceDirectory C:\Users\laksh\Music\Microservices\School Registration\student-service\src\test\resources
2025-08-11 17:13:56,066 [Worker-32: Update Maven projects configuration] INFO  o.e.m.c.i.p.ProjectConfigurationManager - Update completed for 1 poms: local refresh takes 0.00 sec, refresh facades takes 1.00 sec, update config takes 4.00 sec 
2025-08-11 17:13:56,783 [Worker-37: Building] INFO  o.a.m.s.f.DefaultMavenResourcesFiltering - Copying 0 resource from src\main\resources to target\classes
2025-08-11 17:13:56,786 [Worker-37: Building] INFO  o.a.m.s.f.DefaultMavenResourcesFiltering - Copying 0 resource from src\main\resources to target\classes
2025-08-11 17:13:56,791 [Worker-37: Building] INFO  o.a.m.s.f.DefaultMavenResourcesFiltering - skip non existing resourceDirectory C:\Users\laksh\Music\Microservices\School Registration\student-service\src\test\resources
2025-08-11 17:18:02,166 [Worker-34: Building] INFO  o.a.m.s.f.DefaultMavenResourcesFiltering - Copying 1 resource from src\main\resources to target\classes
2025-08-11 17:18:02,174 [Worker-34: Building] INFO  o.a.m.s.f.DefaultMavenResourcesFiltering - Copying 0 resource from src\main\resources to target\classes
2025-08-11 17:18:02,179 [Worker-34: Building] INFO  o.a.m.s.f.DefaultMavenResourcesFiltering - skip non existing resourceDirectory C:\Users\laksh\Music\Microservices\School Registration\api-gateway\src\test\resources
2025-08-11 17:20:56,240 [Worker-35: Building] INFO  o.e.m.c.i.l.LifecycleMappingFactory - Using org.maven.ide.eclipse.wtp.WarLifecycleMapping lifecycle mapping for MavenProject: com.example:config-server:0.0.1-SNAPSHOT @ C:\Users\laksh\Music\Microservices\School Registration\config-server\pom.xml.
2025-08-11 17:20:57,699 [Worker-35: Building] INFO  o.a.m.s.f.DefaultMavenResourcesFiltering - Copying 0 resource from src\main\resources to target\classes
2025-08-11 17:20:57,701 [Worker-35: Building] INFO  o.a.m.s.f.DefaultMavenResourcesFiltering - Copying 0 resource from src\main\resources to target\classes
2025-08-11 17:20:57,711 [Worker-35: Building] INFO  o.a.m.s.f.DefaultMavenResourcesFiltering - skip non existing resourceDirectory C:\Users\laksh\Music\Microservices\School Registration\config-server\src\test\resources
2025-08-11 17:20:57,711 [Worker-35: Building] INFO  o.e.m.w.i.f.ResourceFilteringBuildParticipant - Changed resources require a complete clean of filtered resources of config-server
2025-08-11 17:20:57,711 [Worker-35: Building] INFO  o.e.m.w.i.f.ResourceFilteringBuildParticipant - Executing resource filtering for config-server
2025-08-11 17:20:58,885 [Worker-43: Building] INFO  o.a.m.s.f.DefaultMavenResourcesFiltering - Copying 1 resource from src\main\resources to target\classes
2025-08-11 17:20:58,898 [Worker-43: Building] INFO  o.a.m.s.f.DefaultMavenResourcesFiltering - Copying 0 resource from src\main\resources to target\classes
2025-08-11 17:20:58,901 [Worker-43: Building] INFO  o.a.m.s.f.DefaultMavenResourcesFiltering - skip non existing resourceDirectory C:\Users\laksh\Music\Microservices\School Registration\config-server\src\test\resources
2025-08-11 17:21:11,659 [Worker-39: Building] INFO  o.a.m.s.f.DefaultMavenResourcesFiltering - Copying 1 resource from src\main\resources to target\classes
2025-08-11 17:21:11,666 [Worker-39: Building] INFO  o.a.m.s.f.DefaultMavenResourcesFiltering - Copying 0 resource from src\main\resources to target\classes
2025-08-11 17:21:11,670 [Worker-39: Building] INFO  o.a.m.s.f.DefaultMavenResourcesFiltering - skip non existing resourceDirectory C:\Users\laksh\Music\Microservices\School Registration\config-server\src\test\resources
2025-08-11 17:21:37,290 [Worker-34: Building] INFO  o.a.m.s.f.DefaultMavenResourcesFiltering - Copying 1 resource from src\main\resources to target\classes
2025-08-11 17:21:37,297 [Worker-34: Building] INFO  o.a.m.s.f.DefaultMavenResourcesFiltering - Copying 0 resource from src\main\resources to target\classes
2025-08-11 17:21:37,301 [Worker-34: Building] INFO  o.a.m.s.f.DefaultMavenResourcesFiltering - skip non existing resourceDirectory C:\Users\laksh\Music\Microservices\School Registration\config-server\src\test\resources
2025-08-11 17:22:50,872 [Worker-43: Building] INFO  o.e.m.c.i.l.LifecycleMappingFactory - Using org.maven.ide.eclipse.wtp.WarLifecycleMapping lifecycle mapping for MavenProject: com.example:config-server:0.0.1-SNAPSHOT @ C:\Users\laksh\Music\Microservices\School Registration\config-server\pom.xml.
2025-08-11 17:22:51,879 [Worker-43: Building] INFO  o.a.m.s.f.DefaultMavenResourcesFiltering - Copying 0 resource from src\main\resources to target\classes
2025-08-11 17:22:51,882 [Worker-43: Building] INFO  o.a.m.s.f.DefaultMavenResourcesFiltering - Copying 0 resource from src\main\resources to target\classes
2025-08-11 17:22:51,888 [Worker-43: Building] INFO  o.a.m.s.f.DefaultMavenResourcesFiltering - skip non existing resourceDirectory C:\Users\laksh\Music\Microservices\School Registration\config-server\src\test\resources
2025-08-11 17:22:51,890 [Worker-43: Building] INFO  o.e.m.w.i.f.ResourceFilteringBuildParticipant - Changed resources require a complete clean of filtered resources of config-server
2025-08-11 17:22:51,890 [Worker-43: Building] INFO  o.e.m.w.i.f.ResourceFilteringBuildParticipant - Executing resource filtering for config-server
2025-08-11 17:22:53,004 [Worker-35: Building] INFO  o.a.m.s.f.DefaultMavenResourcesFiltering - Copying 1 resource from src\main\resources to target\classes
2025-08-11 17:22:53,019 [Worker-35: Building] INFO  o.a.m.s.f.DefaultMavenResourcesFiltering - Copying 0 resource from src\main\resources to target\classes
2025-08-11 17:22:53,024 [Worker-35: Building] INFO  o.a.m.s.f.DefaultMavenResourcesFiltering - skip non existing resourceDirectory C:\Users\laksh\Music\Microservices\School Registration\config-server\src\test\resources
2025-08-11 17:23:08,013 [Worker-39: Building] INFO  o.a.m.s.f.DefaultMavenResourcesFiltering - Copying 1 resource from src\main\resources to target\classes
2025-08-11 17:23:08,021 [Worker-39: Building] INFO  o.a.m.s.f.DefaultMavenResourcesFiltering - Copying 0 resource from src\main\resources to target\classes
2025-08-11 17:23:08,025 [Worker-39: Building] INFO  o.a.m.s.f.DefaultMavenResourcesFiltering - skip non existing resourceDirectory C:\Users\laksh\Music\Microservices\School Registration\config-server\src\test\resources
2025-08-11 17:24:09,033 [Worker-41: Building] INFO  o.a.m.s.f.DefaultMavenResourcesFiltering - Copying 0 resource from src\main\resources to target\classes
2025-08-11 17:24:09,035 [Worker-41: Building] INFO  o.a.m.s.f.DefaultMavenResourcesFiltering - Copying 0 resource from src\main\resources to target\classes
2025-08-11 17:24:09,043 [Worker-41: Building] INFO  o.a.m.s.f.DefaultMavenResourcesFiltering - Copying 0 resource from src\test\resources to target\test-classes
2025-08-11 17:31:30,088 [Worker-39: Building] INFO  o.a.m.s.f.DefaultMavenResourcesFiltering - Copying 1 resource from src\main\resources to target\classes
2025-08-11 17:31:30,099 [Worker-39: Building] INFO  o.a.m.s.f.DefaultMavenResourcesFiltering - Copying 0 resource from src\main\resources to target\classes
2025-08-11 17:31:30,102 [Worker-39: Building] INFO  o.a.m.s.f.DefaultMavenResourcesFiltering - Copying 0 resource from src\test\resources to target\test-classes
2025-08-11 17:32:36,550 [Worker-39: Updating Maven Project] INFO  o.e.m.c.i.p.ProjectConfigurationManager - Update started
2025-08-11 17:32:36,892 [Worker-39: Updating Maven Project] INFO  o.e.m.c.i.l.LifecycleMappingFactory - Using org.maven.ide.eclipse.wtp.WarLifecycleMapping lifecycle mapping for MavenProject: com.example:config-server:0.0.1-SNAPSHOT @ C:\Users\laksh\Music\Microservices\School Registration\config-server\pom.xml.
2025-08-11 17:32:37,488 [Worker-39: Updating Maven Project] INFO  o.e.m.j.i.AbstractJavaProjectConfigurator - Adding source folder /config-server/src/main/java
2025-08-11 17:32:37,488 [Worker-39: Updating Maven Project] INFO  o.e.m.j.i.AbstractJavaProjectConfigurator - Adding resource folder /config-server/src/main/resources
2025-08-11 17:32:37,489 [Worker-39: Updating Maven Project] INFO  o.e.m.j.i.AbstractJavaProjectConfigurator - Adding resource folder /config-server/src/main/resources
2025-08-11 17:32:37,489 [Worker-39: Updating Maven Project] INFO  o.e.m.j.i.AbstractJavaProjectConfigurator - Adding source folder /config-server/src/test/java
2025-08-11 17:32:37,489 [Worker-39: Updating Maven Project] INFO  o.e.m.j.i.AbstractJavaProjectConfigurator - Adding resource folder /config-server/src/test/resources
2025-08-11 17:32:37,991 [Worker-39: Updating Maven Project] INFO  o.e.m.w.i.f.ResourceFilteringBuildParticipant - Cleaning filtered folder for config-server
2025-08-11 17:32:38,108 [Worker-39: Updating Maven Project] INFO  o.e.m.c.i.p.ProjectConfigurationManager - Update completed for 1 poms: local refresh takes 0.00 sec, refresh facades takes 0.00 sec, update config takes 0.00 sec 
2025-08-11 17:32:38,419 [Worker-34: Building] INFO  o.a.m.s.f.DefaultMavenResourcesFiltering - Copying 1 resource from src\main\resources to target\classes
2025-08-11 17:32:38,447 [Worker-34: Building] INFO  o.a.m.s.f.DefaultMavenResourcesFiltering - Copying 0 resource from src\main\resources to target\classes
2025-08-11 17:32:38,452 [Worker-34: Building] INFO  o.a.m.s.f.DefaultMavenResourcesFiltering - Copying 0 resource from src\test\resources to target\test-classes
2025-08-11 17:32:38,453 [Worker-34: Building] INFO  o.e.m.w.i.f.ResourceFilteringBuildParticipant - Changed resources require a complete clean of filtered resources of config-server
2025-08-11 17:32:38,453 [Worker-34: Building] INFO  o.e.m.w.i.f.ResourceFilteringBuildParticipant - Executing resource filtering for config-server
2025-08-11 17:32:50,458 [Worker-35: Building] INFO  o.a.m.s.f.DefaultMavenResourcesFiltering - Copying 1 resource from src\main\resources to target\classes
2025-08-11 17:32:50,467 [Worker-35: Building] INFO  o.a.m.s.f.DefaultMavenResourcesFiltering - Copying 0 resource from src\main\resources to target\classes
2025-08-11 17:32:50,470 [Worker-35: Building] INFO  o.a.m.s.f.DefaultMavenResourcesFiltering - Copying 0 resource from src\test\resources to target\test-classes
2025-08-11 17:34:55,837 [Worker-34: Launching ConfigServerApplication] INFO  o.a.m.s.f.DefaultMavenResourcesFiltering - Copying 1 resource from src\main\resources to target\classes
2025-08-11 17:34:55,848 [Worker-34: Launching ConfigServerApplication] INFO  o.a.m.s.f.DefaultMavenResourcesFiltering - Copying 0 resource from src\main\resources to target\classes
2025-08-11 17:34:55,852 [Worker-34: Launching ConfigServerApplication] INFO  o.a.m.s.f.DefaultMavenResourcesFiltering - Copying 0 resource from src\test\resources to target\test-classes
2025-08-11 17:35:45,916 [Worker-47: Building] INFO  o.a.m.s.f.DefaultMavenResourcesFiltering - Copying 1 resource from src\main\resources to target\classes
2025-08-11 17:35:45,922 [Worker-47: Building] INFO  o.a.m.s.f.DefaultMavenResourcesFiltering - Copying 0 resource from src\main\resources to target\classes
2025-08-11 17:35:45,925 [Worker-47: Building] INFO  o.a.m.s.f.DefaultMavenResourcesFiltering - Copying 0 resource from src\test\resources to target\test-classes
2025-08-11 17:36:26,534 [Worker-46: Building] INFO  o.a.m.s.f.DefaultMavenResourcesFiltering - Copying 0 resource from src\main\resources to target\classes
2025-08-11 17:36:26,535 [Worker-46: Building] INFO  o.a.m.s.f.DefaultMavenResourcesFiltering - Copying 0 resource from src\main\resources to target\classes
2025-08-11 17:36:26,540 [Worker-46: Building] INFO  o.a.m.s.f.DefaultMavenResourcesFiltering - Copying 0 resource from src\test\resources to target\test-classes
2025-08-11 17:38:08,356 [Worker-45: Building] INFO  o.a.m.s.f.DefaultMavenResourcesFiltering - Copying 1 resource from src\main\resources to target\classes
2025-08-11 17:38:08,363 [Worker-45: Building] INFO  o.a.m.s.f.DefaultMavenResourcesFiltering - Copying 0 resource from src\main\resources to target\classes
2025-08-11 17:38:08,365 [Worker-45: Building] INFO  o.a.m.s.f.DefaultMavenResourcesFiltering - Copying 0 resource from src\test\resources to target\test-classes
2025-08-11 17:38:25,313 [Worker-34: Updating Maven Project] INFO  o.e.m.c.i.p.ProjectConfigurationManager - Update started
2025-08-11 17:38:25,704 [Worker-34: Updating Maven Project] INFO  o.e.m.c.i.l.LifecycleMappingFactory - Using org.maven.ide.eclipse.wtp.WarLifecycleMapping lifecycle mapping for MavenProject: com.example:config-server:0.0.1-SNAPSHOT @ C:\Users\laksh\Music\Microservices\School Registration\config-server\pom.xml.
2025-08-11 17:38:26,416 [Worker-34: Updating Maven Project] INFO  o.e.m.j.i.AbstractJavaProjectConfigurator - Adding source folder /config-server/src/main/java
2025-08-11 17:38:26,417 [Worker-34: Updating Maven Project] INFO  o.e.m.j.i.AbstractJavaProjectConfigurator - Adding resource folder /config-server/src/main/resources
2025-08-11 17:38:26,418 [Worker-34: Updating Maven Project] INFO  o.e.m.j.i.AbstractJavaProjectConfigurator - Adding resource folder /config-server/src/main/resources
2025-08-11 17:38:26,418 [Worker-34: Updating Maven Project] INFO  o.e.m.j.i.AbstractJavaProjectConfigurator - Adding source folder /config-server/src/test/java
2025-08-11 17:38:26,418 [Worker-34: Updating Maven Project] INFO  o.e.m.j.i.AbstractJavaProjectConfigurator - Adding resource folder /config-server/src/test/resources
2025-08-11 17:38:26,864 [Worker-34: Updating Maven Project] INFO  o.e.m.w.i.f.ResourceFilteringBuildParticipant - Cleaning filtered folder for config-server
2025-08-11 17:38:26,889 [Worker-34: Updating Maven Project] INFO  o.e.m.c.i.p.ProjectConfigurationManager - Update completed for 1 poms: local refresh takes 0.00 sec, refresh facades takes 1.00 sec, update config takes 0.00 sec 
2025-08-11 17:38:27,203 [Worker-47: Building] INFO  o.a.m.s.f.DefaultMavenResourcesFiltering - Copying 1 resource from src\main\resources to target\classes
2025-08-11 17:38:27,218 [Worker-47: Building] INFO  o.a.m.s.f.DefaultMavenResourcesFiltering - Copying 0 resource from src\main\resources to target\classes
2025-08-11 17:38:27,224 [Worker-47: Building] INFO  o.a.m.s.f.DefaultMavenResourcesFiltering - Copying 0 resource from src\test\resources to target\test-classes
2025-08-11 17:38:27,225 [Worker-47: Building] INFO  o.e.m.w.i.f.ResourceFilteringBuildParticipant - Changed resources require a complete clean of filtered resources of config-server
2025-08-11 17:38:27,225 [Worker-47: Building] INFO  o.e.m.w.i.f.ResourceFilteringBuildParticipant - Executing resource filtering for config-server
2025-08-11 17:39:25,313 [Worker-34: Building] INFO  o.a.m.s.f.DefaultMavenResourcesFiltering - Copying 1 resource from src\main\resources to target\classes
2025-08-11 17:39:25,322 [Worker-34: Building] INFO  o.a.m.s.f.DefaultMavenResourcesFiltering - Copying 0 resource from src\main\resources to target\classes
2025-08-11 17:39:25,328 [Worker-34: Building] INFO  o.a.m.s.f.DefaultMavenResourcesFiltering - Copying 0 resource from src\test\resources to target\test-classes
2025-08-11 17:39:36,457 [Worker-48: Building] INFO  o.a.m.s.f.DefaultMavenResourcesFiltering - Copying 1 resource from src\main\resources to target\classes
2025-08-11 17:39:36,467 [Worker-48: Building] INFO  o.a.m.s.f.DefaultMavenResourcesFiltering - Copying 0 resource from src\main\resources to target\classes
2025-08-11 17:39:36,472 [Worker-48: Building] INFO  o.a.m.s.f.DefaultMavenResourcesFiltering - Copying 0 resource from src\test\resources to target\test-classes
2025-08-11 17:40:19,323 [Worker-39: Building] INFO  o.a.m.s.f.DefaultMavenResourcesFiltering - Copying 1 resource from src\main\resources to target\classes
2025-08-11 17:40:19,332 [Worker-39: Building] INFO  o.a.m.s.f.DefaultMavenResourcesFiltering - Copying 0 resource from src\main\resources to target\classes
2025-08-11 17:40:19,334 [Worker-39: Building] INFO  o.a.m.s.f.DefaultMavenResourcesFiltering - Copying 0 resource from src\test\resources to target\test-classes
2025-08-11 17:42:25,446 [Worker-45: Building] INFO  o.a.m.s.f.DefaultMavenResourcesFiltering - Copying 1 resource from src\main\resources to target\classes
2025-08-11 17:42:25,459 [Worker-45: Building] INFO  o.a.m.s.f.DefaultMavenResourcesFiltering - Copying 0 resource from src\main\resources to target\classes
2025-08-11 17:42:25,462 [Worker-45: Building] INFO  o.a.m.s.f.DefaultMavenResourcesFiltering - Copying 0 resource from src\test\resources to target\test-classes
2025-08-11 17:42:37,144 [Worker-47: Building] INFO  o.a.m.s.f.DefaultMavenResourcesFiltering - Copying 1 resource from src\main\resources to target\classes
2025-08-11 17:42:37,155 [Worker-47: Building] INFO  o.a.m.s.f.DefaultMavenResourcesFiltering - Copying 0 resource from src\main\resources to target\classes
2025-08-11 17:42:37,167 [Worker-47: Building] INFO  o.a.m.s.f.DefaultMavenResourcesFiltering - Copying 0 resource from src\test\resources to target\test-classes
2025-08-11 17:42:46,885 [Worker-47: Building] INFO  o.a.m.s.f.DefaultMavenResourcesFiltering - Copying 1 resource from src\main\resources to target\classes
2025-08-11 17:42:46,891 [Worker-47: Building] INFO  o.a.m.s.f.DefaultMavenResourcesFiltering - Copying 0 resource from src\main\resources to target\classes
2025-08-11 17:42:46,893 [Worker-47: Building] INFO  o.a.m.s.f.DefaultMavenResourcesFiltering - Copying 0 resource from src\test\resources to target\test-classes
2025-08-11 17:45:04,831 [Worker-47: Building] INFO  o.a.m.s.f.DefaultMavenResourcesFiltering - Copying 1 resource from src\main\resources to target\classes
2025-08-11 17:45:04,842 [Worker-47: Building] INFO  o.a.m.s.f.DefaultMavenResourcesFiltering - Copying 0 resource from src\main\resources to target\classes
2025-08-11 17:45:04,844 [Worker-47: Building] INFO  o.a.m.s.f.DefaultMavenResourcesFiltering - skip non existing resourceDirectory C:\Users\laksh\Music\Microservices\School Registration\school-service\src\test\resources
2025-08-11 17:45:24,400 [Worker-34: Building] INFO  o.a.m.s.f.DefaultMavenResourcesFiltering - Copying 1 resource from src\main\resources to target\classes
2025-08-11 17:45:24,409 [Worker-34: Building] INFO  o.a.m.s.f.DefaultMavenResourcesFiltering - Copying 0 resource from src\main\resources to target\classes
2025-08-11 17:45:24,411 [Worker-34: Building] INFO  o.a.m.s.f.DefaultMavenResourcesFiltering - skip non existing resourceDirectory C:\Users\laksh\Music\Microservices\School Registration\school-service\src\test\resources
2025-08-11 17:46:43,325 [Worker-39: Building] INFO  o.a.m.s.f.DefaultMavenResourcesFiltering - Copying 1 resource from src\main\resources to target\classes
2025-08-11 17:46:43,336 [Worker-39: Building] INFO  o.a.m.s.f.DefaultMavenResourcesFiltering - Copying 0 resource from src\main\resources to target\classes
2025-08-11 17:46:43,339 [Worker-39: Building] INFO  o.a.m.s.f.DefaultMavenResourcesFiltering - skip non existing resourceDirectory C:\Users\laksh\Music\Microservices\School Registration\school-service\src\test\resources
2025-08-11 17:46:47,505 [Worker-34: Building] INFO  o.a.m.s.f.DefaultMavenResourcesFiltering - Copying 1 resource from src\main\resources to target\classes
2025-08-11 17:46:47,510 [Worker-34: Building] INFO  o.a.m.s.f.DefaultMavenResourcesFiltering - Copying 0 resource from src\main\resources to target\classes
2025-08-11 17:46:47,512 [Worker-34: Building] INFO  o.a.m.s.f.DefaultMavenResourcesFiltering - skip non existing resourceDirectory C:\Users\laksh\Music\Microservices\School Registration\school-service\src\test\resources
2025-08-11 17:46:55,172 [Worker-50: Building] INFO  o.a.m.s.f.DefaultMavenResourcesFiltering - Copying 1 resource from src\main\resources to target\classes
2025-08-11 17:46:55,178 [Worker-50: Building] INFO  o.a.m.s.f.DefaultMavenResourcesFiltering - Copying 0 resource from src\main\resources to target\classes
2025-08-11 17:46:55,181 [Worker-50: Building] INFO  o.a.m.s.f.DefaultMavenResourcesFiltering - skip non existing resourceDirectory C:\Users\laksh\Music\Microservices\School Registration\school-service\src\test\resources
2025-08-11 17:47:56,325 [Worker-50: Building] INFO  o.a.m.s.f.DefaultMavenResourcesFiltering - Copying 1 resource from src\main\resources to target\classes
2025-08-11 17:47:56,335 [Worker-50: Building] INFO  o.a.m.s.f.DefaultMavenResourcesFiltering - Copying 0 resource from src\main\resources to target\classes
2025-08-11 17:47:56,338 [Worker-50: Building] INFO  o.a.m.s.f.DefaultMavenResourcesFiltering - skip non existing resourceDirectory C:\Users\laksh\Music\Microservices\School Registration\school-service\src\test\resources
2025-08-11 21:45:15,958 [Worker-51: Building] INFO  o.a.m.s.f.DefaultMavenResourcesFiltering - Copying 1 resource from src\main\resources to target\classes
2025-08-11 21:45:16,000 [Worker-51: Building] INFO  o.a.m.s.f.DefaultMavenResourcesFiltering - Copying 0 resource from src\main\resources to target\classes
2025-08-11 21:45:16,004 [Worker-51: Building] INFO  o.a.m.s.f.DefaultMavenResourcesFiltering - skip non existing resourceDirectory C:\Users\laksh\Music\Microservices\School Registration\school-service\src\test\resources
2025-08-11 21:46:16,039 [Worker-59: Building] INFO  o.a.m.s.f.DefaultMavenResourcesFiltering - Copying 1 resource from src\main\resources to target\classes
2025-08-11 21:46:16,051 [Worker-59: Building] INFO  o.a.m.s.f.DefaultMavenResourcesFiltering - Copying 0 resource from src\main\resources to target\classes
2025-08-11 21:46:16,054 [Worker-59: Building] INFO  o.a.m.s.f.DefaultMavenResourcesFiltering - skip non existing resourceDirectory C:\Users\laksh\Music\Microservices\School Registration\school-service\src\test\resources
2025-08-11 21:46:40,914 [Worker-56: Building] INFO  o.a.m.s.f.DefaultMavenResourcesFiltering - Copying 1 resource from src\main\resources to target\classes
2025-08-11 21:46:40,935 [Worker-56: Building] INFO  o.a.m.s.f.DefaultMavenResourcesFiltering - Copying 0 resource from src\main\resources to target\classes
2025-08-11 21:46:40,938 [Worker-56: Building] INFO  o.a.m.s.f.DefaultMavenResourcesFiltering - skip non existing resourceDirectory C:\Users\laksh\Music\Microservices\School Registration\school-service\src\test\resources
2025-08-11 21:49:02,703 [Worker-61: Building] INFO  o.a.m.s.f.DefaultMavenResourcesFiltering - Copying 1 resource from src\main\resources to target\classes
2025-08-11 21:49:02,712 [Worker-61: Building] INFO  o.a.m.s.f.DefaultMavenResourcesFiltering - Copying 0 resource from src\main\resources to target\classes
2025-08-11 21:49:02,715 [Worker-61: Building] INFO  o.a.m.s.f.DefaultMavenResourcesFiltering - skip non existing resourceDirectory C:\Users\laksh\Music\Microservices\School Registration\school-service\src\test\resources
2025-08-11 21:49:06,177 [Worker-56: Building] INFO  o.a.m.s.f.DefaultMavenResourcesFiltering - Copying 1 resource from src\main\resources to target\classes
2025-08-11 21:49:06,188 [Worker-56: Building] INFO  o.a.m.s.f.DefaultMavenResourcesFiltering - Copying 0 resource from src\main\resources to target\classes
2025-08-11 21:49:06,191 [Worker-56: Building] INFO  o.a.m.s.f.DefaultMavenResourcesFiltering - skip non existing resourceDirectory C:\Users\laksh\Music\Microservices\School Registration\school-service\src\test\resources
2025-08-11 21:51:13,965 [Worker-62: Updating Maven Project] INFO  o.e.m.c.i.p.ProjectConfigurationManager - Update started
2025-08-11 21:51:14,400 [Worker-62: Updating Maven Project] INFO  o.e.m.c.i.l.LifecycleMappingFactory - Using org.maven.ide.eclipse.wtp.WarLifecycleMapping lifecycle mapping for MavenProject: com.example:school-service:0.0.1-SNAPSHOT @ C:\Users\laksh\Music\Microservices\School Registration\school-service\pom.xml.
2025-08-11 21:51:15,449 [Worker-62: Updating Maven Project] INFO  o.e.m.j.i.AbstractJavaProjectConfigurator - Adding source folder /school-service/src/main/java
2025-08-11 21:51:15,450 [Worker-62: Updating Maven Project] INFO  o.e.m.j.i.AbstractJavaProjectConfigurator - Adding resource folder /school-service/src/main/resources
2025-08-11 21:51:15,450 [Worker-62: Updating Maven Project] INFO  o.e.m.j.i.AbstractJavaProjectConfigurator - Adding resource folder /school-service/src/main/resources
2025-08-11 21:51:15,451 [Worker-62: Updating Maven Project] INFO  o.e.m.j.i.AbstractJavaProjectConfigurator - Adding source folder /school-service/src/test/java
2025-08-11 21:51:15,451 [Worker-62: Updating Maven Project] INFO  o.e.m.j.i.AbstractJavaProjectConfigurator - Adding resource folder /school-service/src/test/resources
2025-08-11 21:51:16,405 [Worker-62: Updating Maven Project] INFO  o.e.m.w.i.f.ResourceFilteringBuildParticipant - Cleaning filtered folder for school-service
2025-08-11 21:51:16,453 [Worker-62: Updating Maven Project] INFO  o.e.m.c.i.p.ProjectConfigurationManager - Update completed for 1 poms: local refresh takes 0.00 sec, refresh facades takes 1.00 sec, update config takes 0.00 sec 
2025-08-11 21:51:17,136 [Worker-60: Building] INFO  o.a.m.s.f.DefaultMavenResourcesFiltering - Copying 1 resource from src\main\resources to target\classes
2025-08-11 21:51:17,163 [Worker-60: Building] INFO  o.a.m.s.f.DefaultMavenResourcesFiltering - Copying 0 resource from src\main\resources to target\classes
2025-08-11 21:51:17,167 [Worker-60: Building] INFO  o.a.m.s.f.DefaultMavenResourcesFiltering - skip non existing resourceDirectory C:\Users\laksh\Music\Microservices\School Registration\school-service\src\test\resources
2025-08-11 21:51:17,168 [Worker-60: Building] INFO  o.e.m.w.i.f.ResourceFilteringBuildParticipant - Changed resources require a complete clean of filtered resources of school-service
2025-08-11 21:51:17,168 [Worker-60: Building] INFO  o.e.m.w.i.f.ResourceFilteringBuildParticipant - Executing resource filtering for school-service
2025-08-11 21:53:41,384 [Worker-56: Building] INFO  o.a.m.s.f.DefaultMavenResourcesFiltering - Copying 1 resource from src\main\resources to target\classes
2025-08-11 21:53:41,391 [Worker-56: Building] INFO  o.a.m.s.f.DefaultMavenResourcesFiltering - Copying 0 resource from src\main\resources to target\classes
2025-08-11 21:53:41,393 [Worker-56: Building] INFO  o.a.m.s.f.DefaultMavenResourcesFiltering - skip non existing resourceDirectory C:\Users\laksh\Music\Microservices\School Registration\school-service\src\test\resources
2025-08-11 21:54:22,274 [Worker-60: Updating Maven Project] INFO  o.e.m.c.i.p.ProjectConfigurationManager - Update started
2025-08-11 21:54:22,581 [Worker-60: Updating Maven Project] INFO  o.e.m.c.i.l.LifecycleMappingFactory - Using org.maven.ide.eclipse.wtp.WarLifecycleMapping lifecycle mapping for MavenProject: com.example:school-service:0.0.1-SNAPSHOT @ C:\Users\laksh\Music\Microservices\School Registration\school-service\pom.xml.
2025-08-11 21:54:23,349 [Worker-60: Updating Maven Project] INFO  o.e.m.j.i.AbstractJavaProjectConfigurator - Adding source folder /school-service/src/main/java
2025-08-11 21:54:23,350 [Worker-60: Updating Maven Project] INFO  o.e.m.j.i.AbstractJavaProjectConfigurator - Adding resource folder /school-service/src/main/resources
2025-08-11 21:54:23,350 [Worker-60: Updating Maven Project] INFO  o.e.m.j.i.AbstractJavaProjectConfigurator - Adding resource folder /school-service/src/main/resources
2025-08-11 21:54:23,351 [Worker-60: Updating Maven Project] INFO  o.e.m.j.i.AbstractJavaProjectConfigurator - Adding source folder /school-service/src/test/java
2025-08-11 21:54:23,351 [Worker-60: Updating Maven Project] INFO  o.e.m.j.i.AbstractJavaProjectConfigurator - Adding resource folder /school-service/src/test/resources
2025-08-11 21:54:24,357 [Worker-60: Updating Maven Project] INFO  o.e.m.w.i.f.ResourceFilteringBuildParticipant - Cleaning filtered folder for school-service
2025-08-11 21:54:24,381 [Worker-60: Updating Maven Project] INFO  o.e.m.c.i.p.ProjectConfigurationManager - Update completed for 1 poms: local refresh takes 0.00 sec, refresh facades takes 1.00 sec, update config takes 0.00 sec 
2025-08-11 21:54:24,674 [Worker-61: Building] INFO  o.a.m.s.f.DefaultMavenResourcesFiltering - Copying 1 resource from src\main\resources to target\classes
2025-08-11 21:54:24,686 [Worker-61: Building] INFO  o.a.m.s.f.DefaultMavenResourcesFiltering - Copying 0 resource from src\main\resources to target\classes
2025-08-11 21:54:24,689 [Worker-61: Building] INFO  o.a.m.s.f.DefaultMavenResourcesFiltering - skip non existing resourceDirectory C:\Users\laksh\Music\Microservices\School Registration\school-service\src\test\resources
2025-08-11 21:54:24,689 [Worker-61: Building] INFO  o.e.m.w.i.f.ResourceFilteringBuildParticipant - Changed resources require a complete clean of filtered resources of school-service
2025-08-11 21:54:24,691 [Worker-61: Building] INFO  o.e.m.w.i.f.ResourceFilteringBuildParticipant - Executing resource filtering for school-service
2025-08-11 21:54:34,710 [Worker-60: Launching SchoolServiceApplication] INFO  o.a.m.s.f.DefaultMavenResourcesFiltering - Copying 1 resource from src\main\resources to target\classes
2025-08-11 21:54:34,718 [Worker-60: Launching SchoolServiceApplication] INFO  o.a.m.s.f.DefaultMavenResourcesFiltering - Copying 0 resource from src\main\resources to target\classes
2025-08-11 21:54:34,721 [Worker-60: Launching SchoolServiceApplication] INFO  o.a.m.s.f.DefaultMavenResourcesFiltering - skip non existing resourceDirectory C:\Users\laksh\Music\Microservices\School Registration\school-service\src\test\resources
2025-08-11 21:59:22,845 [Worker-64: Building] INFO  o.a.m.s.f.DefaultMavenResourcesFiltering - Copying 1 resource from src\main\resources to target\classes
2025-08-11 21:59:22,877 [Worker-64: Building] INFO  o.a.m.s.f.DefaultMavenResourcesFiltering - Copying 0 resource from src\main\resources to target\classes
2025-08-11 21:59:22,883 [Worker-64: Building] INFO  o.a.m.s.f.DefaultMavenResourcesFiltering - skip non existing resourceDirectory C:\Users\laksh\Music\Microservices\School Registration\school-service\src\test\resources
2025-08-11 22:01:33,042 [Worker-64: Building] INFO  o.a.m.s.f.DefaultMavenResourcesFiltering - Copying 1 resource from src\main\resources to target\classes
2025-08-11 22:01:33,048 [Worker-64: Building] INFO  o.a.m.s.f.DefaultMavenResourcesFiltering - Copying 0 resource from src\main\resources to target\classes
2025-08-11 22:01:33,051 [Worker-64: Building] INFO  o.a.m.s.f.DefaultMavenResourcesFiltering - Copying 0 resource from src\test\resources to target\test-classes
2025-08-11 22:02:23,344 [Worker-64: Building] INFO  o.a.m.s.f.DefaultMavenResourcesFiltering - Copying 1 resource from src\main\resources to target\classes
2025-08-11 22:02:23,352 [Worker-64: Building] INFO  o.a.m.s.f.DefaultMavenResourcesFiltering - Copying 0 resource from src\main\resources to target\classes
2025-08-11 22:02:23,355 [Worker-64: Building] INFO  o.a.m.s.f.DefaultMavenResourcesFiltering - Copying 0 resource from src\test\resources to target\test-classes
2025-08-11 22:02:39,345 [Worker-60: Updating Maven Project] INFO  o.e.m.c.i.p.ProjectConfigurationManager - Update started
2025-08-11 22:02:39,594 [Worker-60: Updating Maven Project] INFO  o.e.m.c.i.l.LifecycleMappingFactory - Using org.maven.ide.eclipse.wtp.WarLifecycleMapping lifecycle mapping for MavenProject: com.example:config-server:0.0.1-SNAPSHOT @ C:\Users\laksh\Music\Microservices\School Registration\config-server\pom.xml.
2025-08-11 22:02:39,923 [Worker-60: Updating Maven Project] INFO  o.e.m.j.i.AbstractJavaProjectConfigurator - Adding source folder /config-server/src/main/java
2025-08-11 22:02:39,924 [Worker-60: Updating Maven Project] INFO  o.e.m.j.i.AbstractJavaProjectConfigurator - Adding resource folder /config-server/src/main/resources
2025-08-11 22:02:39,924 [Worker-60: Updating Maven Project] INFO  o.e.m.j.i.AbstractJavaProjectConfigurator - Adding resource folder /config-server/src/main/resources
2025-08-11 22:02:39,924 [Worker-60: Updating Maven Project] INFO  o.e.m.j.i.AbstractJavaProjectConfigurator - Adding source folder /config-server/src/test/java
2025-08-11 22:02:39,925 [Worker-60: Updating Maven Project] INFO  o.e.m.j.i.AbstractJavaProjectConfigurator - Adding resource folder /config-server/src/test/resources
2025-08-11 22:02:40,245 [Worker-60: Updating Maven Project] INFO  o.e.m.w.i.f.ResourceFilteringBuildParticipant - Cleaning filtered folder for config-server
2025-08-11 22:02:40,259 [Worker-60: Updating Maven Project] INFO  o.e.m.c.i.p.ProjectConfigurationManager - Update completed for 1 poms: local refresh takes 0.00 sec, refresh facades takes 0.00 sec, update config takes 0.00 sec 
2025-08-11 22:02:40,454 [Worker-65: Building] INFO  o.a.m.s.f.DefaultMavenResourcesFiltering - Copying 1 resource from src\main\resources to target\classes
2025-08-11 22:02:40,470 [Worker-65: Building] INFO  o.a.m.s.f.DefaultMavenResourcesFiltering - Copying 0 resource from src\main\resources to target\classes
2025-08-11 22:02:40,473 [Worker-65: Building] INFO  o.a.m.s.f.DefaultMavenResourcesFiltering - Copying 0 resource from src\test\resources to target\test-classes
2025-08-11 22:02:40,474 [Worker-65: Building] INFO  o.e.m.w.i.f.ResourceFilteringBuildParticipant - Changed resources require a complete clean of filtered resources of config-server
2025-08-11 22:02:40,474 [Worker-65: Building] INFO  o.e.m.w.i.f.ResourceFilteringBuildParticipant - Executing resource filtering for config-server
2025-08-11 22:03:51,706 [Worker-64: Building] INFO  o.a.m.s.f.DefaultMavenResourcesFiltering - Copying 1 resource from src\main\resources to target\classes
2025-08-11 22:03:51,712 [Worker-64: Building] INFO  o.a.m.s.f.DefaultMavenResourcesFiltering - Copying 0 resource from src\main\resources to target\classes
2025-08-11 22:03:51,714 [Worker-64: Building] INFO  o.a.m.s.f.DefaultMavenResourcesFiltering - Copying 0 resource from src\test\resources to target\test-classes
2025-08-11 22:04:00,223 [Worker-64: Building] INFO  o.a.m.s.f.DefaultMavenResourcesFiltering - Copying 1 resource from src\main\resources to target\classes
2025-08-11 22:04:00,229 [Worker-64: Building] INFO  o.a.m.s.f.DefaultMavenResourcesFiltering - Copying 0 resource from src\main\resources to target\classes
2025-08-11 22:04:00,230 [Worker-64: Building] INFO  o.a.m.s.f.DefaultMavenResourcesFiltering - skip non existing resourceDirectory C:\Users\laksh\Music\Microservices\School Registration\school-service\src\test\resources
2025-08-11 22:05:17,575 [Worker-64: Building] INFO  o.a.m.s.f.DefaultMavenResourcesFiltering - Copying 1 resource from src\main\resources to target\classes
2025-08-11 22:05:17,584 [Worker-64: Building] INFO  o.a.m.s.f.DefaultMavenResourcesFiltering - Copying 0 resource from src\main\resources to target\classes
2025-08-11 22:05:17,587 [Worker-64: Building] INFO  o.a.m.s.f.DefaultMavenResourcesFiltering - Copying 0 resource from src\test\resources to target\test-classes
2025-08-11 22:05:25,689 [Worker-64: Building] INFO  o.a.m.s.f.DefaultMavenResourcesFiltering - Copying 1 resource from src\main\resources to target\classes
2025-08-11 22:05:25,698 [Worker-64: Building] INFO  o.a.m.s.f.DefaultMavenResourcesFiltering - Copying 0 resource from src\main\resources to target\classes
2025-08-11 22:05:25,700 [Worker-64: Building] INFO  o.a.m.s.f.DefaultMavenResourcesFiltering - skip non existing resourceDirectory C:\Users\laksh\Music\Microservices\School Registration\school-service\src\test\resources
2025-08-11 22:06:48,557 [Worker-45: Cleaning all projects] INFO  o.e.m.w.i.f.ResourceFilteringBuildParticipant - Cleaning filtered folder for api-gateway
2025-08-11 22:06:48,592 [Worker-45: Cleaning all projects] INFO  o.e.m.w.i.f.ResourceFilteringBuildParticipant - Cleaning filtered folder for config-server
2025-08-11 22:06:48,619 [Worker-45: Cleaning all projects] INFO  o.e.m.w.i.f.ResourceFilteringBuildParticipant - Cleaning filtered folder for eureka-server
2025-08-11 22:06:48,660 [Worker-45: Cleaning all projects] INFO  o.e.m.w.i.f.ResourceFilteringBuildParticipant - Cleaning filtered folder for school-service
2025-08-11 22:06:48,694 [Worker-45: Cleaning all projects] INFO  o.e.m.w.i.f.ResourceFilteringBuildParticipant - Cleaning filtered folder for student-service
2025-08-11 22:06:48,943 [Worker-64: Building] INFO  o.a.m.s.f.DefaultMavenResourcesFiltering - Copying 1 resource from src\main\resources to target\classes
2025-08-11 22:06:48,945 [Worker-64: Building] INFO  o.a.m.s.f.DefaultMavenResourcesFiltering - Copying 0 resource from src\main\resources to target\classes
2025-08-11 22:06:48,947 [Worker-64: Building] INFO  o.a.m.s.f.DefaultMavenResourcesFiltering - skip non existing resourceDirectory C:\Users\laksh\Music\Microservices\School Registration\api-gateway\src\test\resources
2025-08-11 22:06:48,947 [Worker-64: Building] INFO  o.e.m.w.i.f.ResourceFilteringBuildParticipant - Changed resources require a complete clean of filtered resources of api-gateway
2025-08-11 22:06:48,947 [Worker-64: Building] INFO  o.e.m.w.i.f.ResourceFilteringBuildParticipant - Executing resource filtering for api-gateway
2025-08-11 22:06:49,038 [Worker-64: Building] INFO  o.a.m.s.f.DefaultMavenResourcesFiltering - Copying 1 resource from src\main\resources to target\classes
2025-08-11 22:06:49,039 [Worker-64: Building] INFO  o.a.m.s.f.DefaultMavenResourcesFiltering - Copying 0 resource from src\main\resources to target\classes
2025-08-11 22:06:49,041 [Worker-64: Building] INFO  o.a.m.s.f.DefaultMavenResourcesFiltering - Copying 0 resource from src\test\resources to target\test-classes
2025-08-11 22:06:49,041 [Worker-64: Building] INFO  o.e.m.w.i.f.ResourceFilteringBuildParticipant - Changed resources require a complete clean of filtered resources of config-server
2025-08-11 22:06:49,041 [Worker-64: Building] INFO  o.e.m.w.i.f.ResourceFilteringBuildParticipant - Executing resource filtering for config-server
2025-08-11 22:06:49,133 [Worker-64: Building] INFO  o.a.m.s.f.DefaultMavenResourcesFiltering - Copying 1 resource from src\main\resources to target\classes
2025-08-11 22:06:49,134 [Worker-64: Building] INFO  o.a.m.s.f.DefaultMavenResourcesFiltering - Copying 0 resource from src\main\resources to target\classes
2025-08-11 22:06:49,136 [Worker-64: Building] INFO  o.a.m.s.f.DefaultMavenResourcesFiltering - skip non existing resourceDirectory C:\Users\laksh\Music\Microservices\School Registration\eureka-server\src\test\resources
2025-08-11 22:06:49,136 [Worker-64: Building] INFO  o.e.m.w.i.f.ResourceFilteringBuildParticipant - Changed resources require a complete clean of filtered resources of eureka-server
2025-08-11 22:06:49,136 [Worker-64: Building] INFO  o.e.m.w.i.f.ResourceFilteringBuildParticipant - Executing resource filtering for eureka-server
2025-08-11 22:06:49,241 [Worker-64: Building] INFO  o.a.m.s.f.DefaultMavenResourcesFiltering - Copying 1 resource from src\main\resources to target\classes
2025-08-11 22:06:49,243 [Worker-64: Building] INFO  o.a.m.s.f.DefaultMavenResourcesFiltering - Copying 0 resource from src\main\resources to target\classes
2025-08-11 22:06:49,246 [Worker-64: Building] INFO  o.a.m.s.f.DefaultMavenResourcesFiltering - skip non existing resourceDirectory C:\Users\laksh\Music\Microservices\School Registration\school-service\src\test\resources
2025-08-11 22:06:49,246 [Worker-64: Building] INFO  o.e.m.w.i.f.ResourceFilteringBuildParticipant - Changed resources require a complete clean of filtered resources of school-service
2025-08-11 22:06:49,246 [Worker-64: Building] INFO  o.e.m.w.i.f.ResourceFilteringBuildParticipant - Executing resource filtering for school-service
2025-08-11 22:06:49,605 [Worker-67: Building] INFO  o.a.m.s.f.DefaultMavenResourcesFiltering - Copying 1 resource from src\main\resources to target\classes
2025-08-11 22:06:49,607 [Worker-67: Building] INFO  o.a.m.s.f.DefaultMavenResourcesFiltering - Copying 0 resource from src\main\resources to target\classes
2025-08-11 22:06:49,610 [Worker-67: Building] INFO  o.a.m.s.f.DefaultMavenResourcesFiltering - skip non existing resourceDirectory C:\Users\laksh\Music\Microservices\School Registration\student-service\src\test\resources
2025-08-11 22:06:49,611 [Worker-67: Building] INFO  o.e.m.w.i.f.ResourceFilteringBuildParticipant - Changed resources require a complete clean of filtered resources of student-service
2025-08-11 22:06:49,611 [Worker-67: Building] INFO  o.e.m.w.i.f.ResourceFilteringBuildParticipant - Executing resource filtering for student-service
2025-08-11 22:09:32,592 [Worker-41: Building] INFO  o.a.m.s.f.DefaultMavenResourcesFiltering - Copying 1 resource from src\main\resources to target\classes
2025-08-11 22:09:32,599 [Worker-41: Building] INFO  o.a.m.s.f.DefaultMavenResourcesFiltering - Copying 0 resource from src\main\resources to target\classes
2025-08-11 22:09:32,602 [Worker-41: Building] INFO  o.a.m.s.f.DefaultMavenResourcesFiltering - Copying 0 resource from src\test\resources to target\test-classes
2025-08-11 22:18:21,776 [Worker-41: Building] INFO  o.e.m.c.i.l.LifecycleMappingFactory - Using org.maven.ide.eclipse.wtp.WarLifecycleMapping lifecycle mapping for MavenProject: com.example:config-server:0.0.1-SNAPSHOT @ C:\Users\laksh\Music\Microservices\School Registration\config-server\pom.xml.
2025-08-11 22:18:22,037 [Worker-41: Building] INFO  o.e.m.c.i.e.AbstractTransferListenerAdapter - Downloading https://repo.maven.apache.org/maven2/org/springframework/cloud/spring-cloud-config-server/4.3.0/spring-cloud-config-server-4.3.0.pom
2025-08-11 22:18:22,044 [Worker-41: Building] INFO  o.e.m.c.i.e.AbstractTransferListenerAdapter - Downloaded https://repo.maven.apache.org/maven2/org/springframework/cloud/spring-cloud-config-server/4.3.0/spring-cloud-config-server-4.3.0.pom
2025-08-11 22:18:22,111 [Worker-41: Building] INFO  o.e.m.c.i.e.AbstractTransferListenerAdapter - Downloading https://repo.maven.apache.org/maven2/org/eclipse/jgit/org.eclipse.jgit/6.10.1.202505221210-r/org.eclipse.jgit-6.10.1.202505221210-r.pom
2025-08-11 22:18:22,116 [Worker-41: Building] INFO  o.e.m.c.i.e.AbstractTransferListenerAdapter - Downloaded https://repo.maven.apache.org/maven2/org/eclipse/jgit/org.eclipse.jgit/6.10.1.202505221210-r/org.eclipse.jgit-6.10.1.202505221210-r.pom
2025-08-11 22:18:22,140 [Worker-41: Building] INFO  o.e.m.c.i.e.AbstractTransferListenerAdapter - Downloading https://repo.maven.apache.org/maven2/org/eclipse/jgit/org.eclipse.jgit-parent/6.10.1.202505221210-r/org.eclipse.jgit-parent-6.10.1.202505221210-r.pom
2025-08-11 22:18:22,153 [Worker-41: Building] INFO  o.e.m.c.i.e.AbstractTransferListenerAdapter - Downloaded https://repo.maven.apache.org/maven2/org/eclipse/jgit/org.eclipse.jgit-parent/6.10.1.202505221210-r/org.eclipse.jgit-parent-6.10.1.202505221210-r.pom
2025-08-11 22:18:22,172 [Worker-41: Building] INFO  o.e.m.c.i.e.AbstractTransferListenerAdapter - Downloading https://repo.maven.apache.org/maven2/com/googlecode/javaewah/JavaEWAH/1.2.3/JavaEWAH-1.2.3.pom
2025-08-11 22:18:22,175 [Worker-41: Building] INFO  o.e.m.c.i.e.AbstractTransferListenerAdapter - Downloaded https://repo.maven.apache.org/maven2/com/googlecode/javaewah/JavaEWAH/1.2.3/JavaEWAH-1.2.3.pom
2025-08-11 22:18:22,193 [Worker-41: Building] INFO  o.e.m.c.i.e.AbstractTransferListenerAdapter - Downloading https://repo.maven.apache.org/maven2/org/sonatype/oss/oss-parent/5/oss-parent-5.pom
2025-08-11 22:18:22,197 [Worker-41: Building] INFO  o.e.m.c.i.e.AbstractTransferListenerAdapter - Downloaded https://repo.maven.apache.org/maven2/org/sonatype/oss/oss-parent/5/oss-parent-5.pom
2025-08-11 22:18:22,222 [Worker-41: Building] INFO  o.e.m.c.i.e.AbstractTransferListenerAdapter - Downloading https://repo.maven.apache.org/maven2/org/eclipse/jgit/org.eclipse.jgit.http.apache/6.10.1.202505221210-r/org.eclipse.jgit.http.apache-6.10.1.202505221210-r.pom
2025-08-11 22:18:22,226 [Worker-41: Building] INFO  o.e.m.c.i.e.AbstractTransferListenerAdapter - Downloaded https://repo.maven.apache.org/maven2/org/eclipse/jgit/org.eclipse.jgit.http.apache/6.10.1.202505221210-r/org.eclipse.jgit.http.apache-6.10.1.202505221210-r.pom
2025-08-11 22:18:22,250 [Worker-41: Building] INFO  o.e.m.c.i.e.AbstractTransferListenerAdapter - Downloading https://repo.maven.apache.org/maven2/commons-logging/commons-logging/1.2/commons-logging-1.2.pom
2025-08-11 22:18:22,253 [Worker-41: Building] INFO  o.e.m.c.i.e.AbstractTransferListenerAdapter - Downloaded https://repo.maven.apache.org/maven2/commons-logging/commons-logging/1.2/commons-logging-1.2.pom
2025-08-11 22:18:22,270 [Worker-41: Building] INFO  o.e.m.c.i.e.AbstractTransferListenerAdapter - Downloading https://repo.maven.apache.org/maven2/org/apache/commons/commons-parent/34/commons-parent-34.pom
2025-08-11 22:18:22,279 [Worker-41: Building] INFO  o.e.m.c.i.e.AbstractTransferListenerAdapter - Downloaded https://repo.maven.apache.org/maven2/org/apache/commons/commons-parent/34/commons-parent-34.pom
2025-08-11 22:18:22,299 [Worker-41: Building] INFO  o.e.m.c.i.e.AbstractTransferListenerAdapter - Downloading https://repo.maven.apache.org/maven2/org/eclipse/jgit/org.eclipse.jgit.ssh.apache/6.10.1.202505221210-r/org.eclipse.jgit.ssh.apache-6.10.1.202505221210-r.pom
2025-08-11 22:18:22,303 [Worker-41: Building] INFO  o.e.m.c.i.e.AbstractTransferListenerAdapter - Downloaded https://repo.maven.apache.org/maven2/org/eclipse/jgit/org.eclipse.jgit.ssh.apache/6.10.1.202505221210-r/org.eclipse.jgit.ssh.apache-6.10.1.202505221210-r.pom
2025-08-11 22:18:22,320 [Worker-41: Building] INFO  o.e.m.c.i.e.AbstractTransferListenerAdapter - Downloading https://repo.maven.apache.org/maven2/org/apache/sshd/sshd-osgi/2.14.0/sshd-osgi-2.14.0.pom
2025-08-11 22:18:22,324 [Worker-41: Building] INFO  o.e.m.c.i.e.AbstractTransferListenerAdapter - Downloaded https://repo.maven.apache.org/maven2/org/apache/sshd/sshd-osgi/2.14.0/sshd-osgi-2.14.0.pom
2025-08-11 22:18:22,342 [Worker-41: Building] INFO  o.e.m.c.i.e.AbstractTransferListenerAdapter - Downloading https://repo.maven.apache.org/maven2/org/slf4j/jcl-over-slf4j/2.0.17/jcl-over-slf4j-2.0.17.pom
2025-08-11 22:18:22,345 [Worker-41: Building] INFO  o.e.m.c.i.e.AbstractTransferListenerAdapter - Downloaded https://repo.maven.apache.org/maven2/org/slf4j/jcl-over-slf4j/2.0.17/jcl-over-slf4j-2.0.17.pom
2025-08-11 22:18:22,364 [Worker-41: Building] INFO  o.e.m.c.i.e.AbstractTransferListenerAdapter - Downloading https://repo.maven.apache.org/maven2/org/apache/sshd/sshd-sftp/2.14.0/sshd-sftp-2.14.0.pom
2025-08-11 22:18:22,367 [Worker-41: Building] INFO  o.e.m.c.i.e.AbstractTransferListenerAdapter - Downloaded https://repo.maven.apache.org/maven2/org/apache/sshd/sshd-sftp/2.14.0/sshd-sftp-2.14.0.pom
2025-08-11 22:18:22,387 [Worker-41: Building] INFO  o.e.m.c.i.e.AbstractTransferListenerAdapter - Downloading https://repo.maven.apache.org/maven2/net/i2p/crypto/eddsa/0.3.0/eddsa-0.3.0.pom
2025-08-11 22:18:22,390 [Worker-41: Building] INFO  o.e.m.c.i.e.AbstractTransferListenerAdapter - Downloaded https://repo.maven.apache.org/maven2/net/i2p/crypto/eddsa/0.3.0/eddsa-0.3.0.pom
2025-08-11 22:18:22,408 [Worker-41: Building] INFO  o.e.m.c.i.e.AbstractTransferListenerAdapter - Downloading https://repo.maven.apache.org/maven2/com/fasterxml/jackson/dataformat/jackson-dataformat-yaml/2.19.2/jackson-dataformat-yaml-2.19.2.pom
2025-08-11 22:18:22,411 [Worker-41: Building] INFO  o.e.m.c.i.e.AbstractTransferListenerAdapter - Downloaded https://repo.maven.apache.org/maven2/com/fasterxml/jackson/dataformat/jackson-dataformat-yaml/2.19.2/jackson-dataformat-yaml-2.19.2.pom
2025-08-11 22:18:22,428 [Worker-41: Building] INFO  o.e.m.c.i.e.AbstractTransferListenerAdapter - Downloading https://repo.maven.apache.org/maven2/com/fasterxml/jackson/dataformat/jackson-dataformats-text/2.19.2/jackson-dataformats-text-2.19.2.pom
2025-08-11 22:18:22,431 [Worker-41: Building] INFO  o.e.m.c.i.e.AbstractTransferListenerAdapter - Downloaded https://repo.maven.apache.org/maven2/com/fasterxml/jackson/dataformat/jackson-dataformats-text/2.19.2/jackson-dataformats-text-2.19.2.pom
2025-08-11 22:18:22,552 [Worker-41: Building] INFO  o.e.m.c.i.e.AbstractTransferListenerAdapter - Downloading https://repo.maven.apache.org/maven2/org/springframework/cloud/spring-cloud-config-server/4.3.0/spring-cloud-config-server-4.3.0.jar
2025-08-11 22:18:22,587 [Worker-41: Building] INFO  o.e.m.c.i.e.AbstractTransferListenerAdapter - Downloaded https://repo.maven.apache.org/maven2/org/springframework/cloud/spring-cloud-config-server/4.3.0/spring-cloud-config-server-4.3.0.jar
2025-08-11 22:18:22,603 [BasicRepositoryConnector-repo.maven.apache.org-1-0] INFO  o.e.m.c.i.e.AbstractTransferListenerAdapter - Downloading https://repo.maven.apache.org/maven2/org/eclipse/jgit/org.eclipse.jgit/6.10.1.202505221210-r/org.eclipse.jgit-6.10.1.202505221210-r.jar
2025-08-11 22:18:22,688 [BasicRepositoryConnector-repo.maven.apache.org-1-1] INFO  o.e.m.c.i.e.AbstractTransferListenerAdapter - Downloading https://repo.maven.apache.org/maven2/com/googlecode/javaewah/JavaEWAH/1.2.3/JavaEWAH-1.2.3.jar
2025-08-11 22:18:22,691 [BasicRepositoryConnector-repo.maven.apache.org-1-4] INFO  o.e.m.c.i.e.AbstractTransferListenerAdapter - Downloading https://repo.maven.apache.org/maven2/commons-logging/commons-logging/1.2/commons-logging-1.2.jar
2025-08-11 22:18:22,693 [BasicRepositoryConnector-repo.maven.apache.org-1-3] INFO  o.e.m.c.i.e.AbstractTransferListenerAdapter - Downloading https://repo.maven.apache.org/maven2/org/apache/httpcomponents/httpclient/4.5.14/httpclient-4.5.14.jar
2025-08-11 22:18:22,730 [BasicRepositoryConnector-repo.maven.apache.org-1-2] INFO  o.e.m.c.i.e.AbstractTransferListenerAdapter - Downloading https://repo.maven.apache.org/maven2/org/eclipse/jgit/org.eclipse.jgit.http.apache/6.10.1.202505221210-r/org.eclipse.jgit.http.apache-6.10.1.202505221210-r.jar
2025-08-11 22:18:22,733 [BasicRepositoryConnector-repo.maven.apache.org-1-4] INFO  o.e.m.c.i.e.AbstractTransferListenerAdapter - Downloaded https://repo.maven.apache.org/maven2/commons-logging/commons-logging/1.2/commons-logging-1.2.jar
2025-08-11 22:18:22,756 [BasicRepositoryConnector-repo.maven.apache.org-1-2] INFO  o.e.m.c.i.e.AbstractTransferListenerAdapter - Downloaded https://repo.maven.apache.org/maven2/org/eclipse/jgit/org.eclipse.jgit.http.apache/6.10.1.202505221210-r/org.eclipse.jgit.http.apache-6.10.1.202505221210-r.jar
2025-08-11 22:18:22,778 [BasicRepositoryConnector-repo.maven.apache.org-1-4] INFO  o.e.m.c.i.e.AbstractTransferListenerAdapter - Downloading https://repo.maven.apache.org/maven2/org/eclipse/jgit/org.eclipse.jgit.ssh.apache/6.10.1.202505221210-r/org.eclipse.jgit.ssh.apache-6.10.1.202505221210-r.jar
2025-08-11 22:18:22,786 [BasicRepositoryConnector-repo.maven.apache.org-1-0] INFO  o.e.m.c.i.e.AbstractTransferListenerAdapter - Downloaded https://repo.maven.apache.org/maven2/org/eclipse/jgit/org.eclipse.jgit/6.10.1.202505221210-r/org.eclipse.jgit-6.10.1.202505221210-r.jar
2025-08-11 22:18:22,791 [BasicRepositoryConnector-repo.maven.apache.org-1-1] INFO  o.e.m.c.i.e.AbstractTransferListenerAdapter - Downloaded https://repo.maven.apache.org/maven2/com/googlecode/javaewah/JavaEWAH/1.2.3/JavaEWAH-1.2.3.jar
2025-08-11 22:18:22,795 [BasicRepositoryConnector-repo.maven.apache.org-1-2] INFO  o.e.m.c.i.e.AbstractTransferListenerAdapter - Downloading https://repo.maven.apache.org/maven2/org/apache/sshd/sshd-osgi/2.14.0/sshd-osgi-2.14.0.jar
2025-08-11 22:18:22,806 [BasicRepositoryConnector-repo.maven.apache.org-1-0] INFO  o.e.m.c.i.e.AbstractTransferListenerAdapter - Downloading https://repo.maven.apache.org/maven2/org/slf4j/jcl-over-slf4j/2.0.17/jcl-over-slf4j-2.0.17.jar
2025-08-11 22:18:22,811 [BasicRepositoryConnector-repo.maven.apache.org-1-0] INFO  o.e.m.c.i.e.AbstractTransferListenerAdapter - Downloaded https://repo.maven.apache.org/maven2/org/slf4j/jcl-over-slf4j/2.0.17/jcl-over-slf4j-2.0.17.jar
2025-08-11 22:18:22,815 [BasicRepositoryConnector-repo.maven.apache.org-1-1] INFO  o.e.m.c.i.e.AbstractTransferListenerAdapter - Downloading https://repo.maven.apache.org/maven2/org/apache/sshd/sshd-sftp/2.14.0/sshd-sftp-2.14.0.jar
2025-08-11 22:18:22,834 [BasicRepositoryConnector-repo.maven.apache.org-1-4] INFO  o.e.m.c.i.e.AbstractTransferListenerAdapter - Downloaded https://repo.maven.apache.org/maven2/org/eclipse/jgit/org.eclipse.jgit.ssh.apache/6.10.1.202505221210-r/org.eclipse.jgit.ssh.apache-6.10.1.202505221210-r.jar
2025-08-11 22:18:22,835 [BasicRepositoryConnector-repo.maven.apache.org-1-0] INFO  o.e.m.c.i.e.AbstractTransferListenerAdapter - Downloading https://repo.maven.apache.org/maven2/net/i2p/crypto/eddsa/0.3.0/eddsa-0.3.0.jar
2025-08-11 22:18:22,849 [BasicRepositoryConnector-repo.maven.apache.org-1-0] INFO  o.e.m.c.i.e.AbstractTransferListenerAdapter - Downloaded https://repo.maven.apache.org/maven2/net/i2p/crypto/eddsa/0.3.0/eddsa-0.3.0.jar
2025-08-11 22:18:22,871 [BasicRepositoryConnector-repo.maven.apache.org-1-4] INFO  o.e.m.c.i.e.AbstractTransferListenerAdapter - Downloading https://repo.maven.apache.org/maven2/com/fasterxml/jackson/dataformat/jackson-dataformat-yaml/2.19.2/jackson-dataformat-yaml-2.19.2.jar
2025-08-11 22:18:22,880 [BasicRepositoryConnector-repo.maven.apache.org-1-4] INFO  o.e.m.c.i.e.AbstractTransferListenerAdapter - Downloaded https://repo.maven.apache.org/maven2/com/fasterxml/jackson/dataformat/jackson-dataformat-yaml/2.19.2/jackson-dataformat-yaml-2.19.2.jar
2025-08-11 22:18:22,931 [BasicRepositoryConnector-repo.maven.apache.org-1-1] INFO  o.e.m.c.i.e.AbstractTransferListenerAdapter - Downloaded https://repo.maven.apache.org/maven2/org/apache/sshd/sshd-sftp/2.14.0/sshd-sftp-2.14.0.jar
2025-08-11 22:18:22,932 [BasicRepositoryConnector-repo.maven.apache.org-1-3] INFO  o.e.m.c.i.e.AbstractTransferListenerAdapter - Downloaded https://repo.maven.apache.org/maven2/org/apache/httpcomponents/httpclient/4.5.14/httpclient-4.5.14.jar
2025-08-11 22:18:23,040 [BasicRepositoryConnector-repo.maven.apache.org-1-2] INFO  o.e.m.c.i.e.AbstractTransferListenerAdapter - Downloaded https://repo.maven.apache.org/maven2/org/apache/sshd/sshd-osgi/2.14.0/sshd-osgi-2.14.0.jar
2025-08-11 22:18:23,572 [Worker-41: Building] INFO  o.a.m.s.f.DefaultMavenResourcesFiltering - Copying 0 resource from src\main\resources to target\classes
2025-08-11 22:18:23,573 [Worker-41: Building] INFO  o.a.m.s.f.DefaultMavenResourcesFiltering - Copying 0 resource from src\main\resources to target\classes
2025-08-11 22:18:23,577 [Worker-41: Building] INFO  o.a.m.s.f.DefaultMavenResourcesFiltering - Copying 0 resource from src\test\resources to target\test-classes
2025-08-11 22:18:23,577 [Worker-41: Building] INFO  o.e.m.w.i.f.ResourceFilteringBuildParticipant - Changed resources require a complete clean of filtered resources of config-server
2025-08-11 22:18:23,577 [Worker-41: Building] INFO  o.e.m.w.i.f.ResourceFilteringBuildParticipant - Executing resource filtering for config-server
2025-08-11 22:18:24,145 [Worker-41: Building] INFO  o.a.m.s.f.DefaultMavenResourcesFiltering - Copying 1 resource from src\main\resources to target\classes
2025-08-11 22:18:24,174 [Worker-41: Building] INFO  o.a.m.s.f.DefaultMavenResourcesFiltering - Copying 0 resource from src\main\resources to target\classes
2025-08-11 22:18:24,179 [Worker-41: Building] INFO  o.a.m.s.f.DefaultMavenResourcesFiltering - Copying 0 resource from src\test\resources to target\test-classes
2025-08-11 22:18:24,437 [Worker-41: Download sources and javadoc] INFO  o.e.m.c.i.e.AbstractTransferListenerAdapter - Downloading https://repo.maven.apache.org/maven2/org/springframework/cloud/spring-cloud-config-server/4.3.0/spring-cloud-config-server-4.3.0-sources.jar
2025-08-11 22:18:24,498 [Worker-41: Download sources and javadoc] INFO  o.e.m.c.i.e.AbstractTransferListenerAdapter - Downloaded https://repo.maven.apache.org/maven2/org/springframework/cloud/spring-cloud-config-server/4.3.0/spring-cloud-config-server-4.3.0-sources.jar
2025-08-11 22:18:24,503 [Worker-41: Download sources and javadoc] INFO  o.e.m.j.internal.DownloadSourcesJob - Downloaded sources for org.springframework.cloud:spring-cloud-config-server:4.3.0
2025-08-11 22:18:24,560 [Worker-41: Download sources and javadoc] INFO  o.e.m.c.i.e.AbstractTransferListenerAdapter - Downloading https://repo.maven.apache.org/maven2/org/eclipse/jgit/org.eclipse.jgit/6.10.1.202505221210-r/org.eclipse.jgit-6.10.1.202505221210-r-sources.jar
2025-08-11 22:18:24,685 [Worker-41: Download sources and javadoc] INFO  o.e.m.c.i.e.AbstractTransferListenerAdapter - Downloaded https://repo.maven.apache.org/maven2/org/eclipse/jgit/org.eclipse.jgit/6.10.1.202505221210-r/org.eclipse.jgit-6.10.1.202505221210-r-sources.jar
2025-08-11 22:18:24,688 [Worker-41: Download sources and javadoc] INFO  o.e.m.j.internal.DownloadSourcesJob - Downloaded sources for org.eclipse.jgit:org.eclipse.jgit:6.10.1.202505221210-r
2025-08-11 22:18:24,741 [Worker-41: Download sources and javadoc] INFO  o.e.m.c.i.e.AbstractTransferListenerAdapter - Downloading https://repo.maven.apache.org/maven2/com/googlecode/javaewah/JavaEWAH/1.2.3/JavaEWAH-1.2.3-sources.jar
2025-08-11 22:18:24,764 [Worker-41: Download sources and javadoc] INFO  o.e.m.c.i.e.AbstractTransferListenerAdapter - Downloaded https://repo.maven.apache.org/maven2/com/googlecode/javaewah/JavaEWAH/1.2.3/JavaEWAH-1.2.3-sources.jar
2025-08-11 22:18:24,767 [Worker-41: Download sources and javadoc] INFO  o.e.m.j.internal.DownloadSourcesJob - Downloaded sources for com.googlecode.javaewah:JavaEWAH:1.2.3
2025-08-11 22:18:24,814 [Worker-41: Download sources and javadoc] INFO  o.e.m.c.i.e.AbstractTransferListenerAdapter - Downloading https://repo.maven.apache.org/maven2/org/eclipse/jgit/org.eclipse.jgit.http.apache/6.10.1.202505221210-r/org.eclipse.jgit.http.apache-6.10.1.202505221210-r-sources.jar
2025-08-11 22:18:24,819 [Worker-41: Download sources and javadoc] INFO  o.e.m.c.i.e.AbstractTransferListenerAdapter - Downloaded https://repo.maven.apache.org/maven2/org/eclipse/jgit/org.eclipse.jgit.http.apache/6.10.1.202505221210-r/org.eclipse.jgit.http.apache-6.10.1.202505221210-r-sources.jar
2025-08-11 22:18:24,822 [Worker-41: Download sources and javadoc] INFO  o.e.m.j.internal.DownloadSourcesJob - Downloaded sources for org.eclipse.jgit:org.eclipse.jgit.http.apache:6.10.1.202505221210-r
2025-08-11 22:18:24,869 [Worker-41: Download sources and javadoc] INFO  o.e.m.c.i.e.AbstractTransferListenerAdapter - Downloading https://repo.maven.apache.org/maven2/org/apache/httpcomponents/httpclient/4.5.14/httpclient-4.5.14-sources.jar
2025-08-11 22:18:24,940 [Worker-41: Download sources and javadoc] INFO  o.e.m.c.i.e.AbstractTransferListenerAdapter - Downloaded https://repo.maven.apache.org/maven2/org/apache/httpcomponents/httpclient/4.5.14/httpclient-4.5.14-sources.jar
2025-08-11 22:18:24,944 [Worker-41: Download sources and javadoc] INFO  o.e.m.j.internal.DownloadSourcesJob - Downloaded sources for org.apache.httpcomponents:httpclient:4.5.14
2025-08-11 22:18:24,996 [Worker-41: Download sources and javadoc] INFO  o.e.m.c.i.e.AbstractTransferListenerAdapter - Downloading https://repo.maven.apache.org/maven2/commons-logging/commons-logging/1.2/commons-logging-1.2-sources.jar
2025-08-11 22:18:25,012 [Worker-41: Download sources and javadoc] INFO  o.e.m.c.i.e.AbstractTransferListenerAdapter - Downloaded https://repo.maven.apache.org/maven2/commons-logging/commons-logging/1.2/commons-logging-1.2-sources.jar
2025-08-11 22:18:25,016 [Worker-41: Download sources and javadoc] INFO  o.e.m.j.internal.DownloadSourcesJob - Downloaded sources for commons-logging:commons-logging:1.2
2025-08-11 22:18:25,069 [Worker-41: Download sources and javadoc] INFO  o.e.m.c.i.e.AbstractTransferListenerAdapter - Downloading https://repo.maven.apache.org/maven2/org/eclipse/jgit/org.eclipse.jgit.ssh.apache/6.10.1.202505221210-r/org.eclipse.jgit.ssh.apache-6.10.1.202505221210-r-sources.jar
2025-08-11 22:18:25,109 [Worker-41: Download sources and javadoc] INFO  o.e.m.c.i.e.AbstractTransferListenerAdapter - Downloaded https://repo.maven.apache.org/maven2/org/eclipse/jgit/org.eclipse.jgit.ssh.apache/6.10.1.202505221210-r/org.eclipse.jgit.ssh.apache-6.10.1.202505221210-r-sources.jar
2025-08-11 22:18:25,112 [Worker-41: Download sources and javadoc] INFO  o.e.m.j.internal.DownloadSourcesJob - Downloaded sources for org.eclipse.jgit:org.eclipse.jgit.ssh.apache:6.10.1.202505221210-r
2025-08-11 22:18:25,172 [Worker-41: Download sources and javadoc] INFO  o.e.m.c.i.e.AbstractTransferListenerAdapter - Downloading https://repo.maven.apache.org/maven2/org/apache/sshd/sshd-osgi/2.14.0/sshd-osgi-2.14.0-sources.jar
2025-08-11 22:18:25,272 [Worker-41: Download sources and javadoc] INFO  o.e.m.c.i.e.AbstractTransferListenerAdapter - Downloaded https://repo.maven.apache.org/maven2/org/apache/sshd/sshd-osgi/2.14.0/sshd-osgi-2.14.0-sources.jar
2025-08-11 22:18:25,275 [Worker-41: Download sources and javadoc] INFO  o.e.m.j.internal.DownloadSourcesJob - Downloaded sources for org.apache.sshd:sshd-osgi:2.14.0
2025-08-11 22:18:25,318 [Worker-41: Download sources and javadoc] INFO  o.e.m.c.i.e.AbstractTransferListenerAdapter - Downloading https://repo.maven.apache.org/maven2/org/slf4j/jcl-over-slf4j/2.0.17/jcl-over-slf4j-2.0.17-sources.jar
2025-08-11 22:18:25,322 [Worker-41: Download sources and javadoc] INFO  o.e.m.c.i.e.AbstractTransferListenerAdapter - Downloaded https://repo.maven.apache.org/maven2/org/slf4j/jcl-over-slf4j/2.0.17/jcl-over-slf4j-2.0.17-sources.jar
2025-08-11 22:18:25,325 [Worker-41: Download sources and javadoc] INFO  o.e.m.j.internal.DownloadSourcesJob - Downloaded sources for org.slf4j:jcl-over-slf4j:2.0.17
2025-08-11 22:18:25,372 [Worker-41: Download sources and javadoc] INFO  o.e.m.c.i.e.AbstractTransferListenerAdapter - Downloading https://repo.maven.apache.org/maven2/org/apache/sshd/sshd-sftp/2.14.0/sshd-sftp-2.14.0-sources.jar
2025-08-11 22:18:25,410 [Worker-41: Download sources and javadoc] INFO  o.e.m.c.i.e.AbstractTransferListenerAdapter - Downloaded https://repo.maven.apache.org/maven2/org/apache/sshd/sshd-sftp/2.14.0/sshd-sftp-2.14.0-sources.jar
2025-08-11 22:18:25,412 [Worker-41: Download sources and javadoc] INFO  o.e.m.j.internal.DownloadSourcesJob - Downloaded sources for org.apache.sshd:sshd-sftp:2.14.0
2025-08-11 22:18:25,458 [Worker-41: Download sources and javadoc] INFO  o.e.m.c.i.e.AbstractTransferListenerAdapter - Downloading https://repo.maven.apache.org/maven2/net/i2p/crypto/eddsa/0.3.0/eddsa-0.3.0-sources.jar
2025-08-11 22:18:25,472 [Worker-41: Download sources and javadoc] INFO  o.e.m.c.i.e.AbstractTransferListenerAdapter - Downloaded https://repo.maven.apache.org/maven2/net/i2p/crypto/eddsa/0.3.0/eddsa-0.3.0-sources.jar
2025-08-11 22:18:25,474 [Worker-41: Download sources and javadoc] INFO  o.e.m.j.internal.DownloadSourcesJob - Downloaded sources for net.i2p.crypto:eddsa:0.3.0
2025-08-11 22:18:25,518 [Worker-41: Download sources and javadoc] INFO  o.e.m.c.i.e.AbstractTransferListenerAdapter - Downloading https://repo.maven.apache.org/maven2/com/fasterxml/jackson/dataformat/jackson-dataformat-yaml/2.19.2/jackson-dataformat-yaml-2.19.2-sources.jar
2025-08-11 22:18:25,540 [Worker-41: Download sources and javadoc] INFO  o.e.m.c.i.e.AbstractTransferListenerAdapter - Downloaded https://repo.maven.apache.org/maven2/com/fasterxml/jackson/dataformat/jackson-dataformat-yaml/2.19.2/jackson-dataformat-yaml-2.19.2-sources.jar
2025-08-11 22:18:25,543 [Worker-41: Download sources and javadoc] INFO  o.e.m.j.internal.DownloadSourcesJob - Downloaded sources for com.fasterxml.jackson.dataformat:jackson-dataformat-yaml:2.19.2
2025-08-11 22:18:44,863 [Worker-67: Building] INFO  o.a.m.s.f.DefaultMavenResourcesFiltering - Copying 1 resource from src\main\resources to target\classes
2025-08-11 22:18:44,870 [Worker-67: Building] INFO  o.a.m.s.f.DefaultMavenResourcesFiltering - Copying 0 resource from src\main\resources to target\classes
2025-08-11 22:18:44,873 [Worker-67: Building] INFO  o.a.m.s.f.DefaultMavenResourcesFiltering - Copying 0 resource from src\test\resources to target\test-classes
2025-08-11 22:18:50,943 [Worker-61: Building] INFO  o.a.m.s.f.DefaultMavenResourcesFiltering - Copying 1 resource from src\main\resources to target\classes
2025-08-11 22:18:50,949 [Worker-61: Building] INFO  o.a.m.s.f.DefaultMavenResourcesFiltering - Copying 0 resource from src\main\resources to target\classes
2025-08-11 22:18:50,953 [Worker-61: Building] INFO  o.a.m.s.f.DefaultMavenResourcesFiltering - Copying 0 resource from src\test\resources to target\test-classes
2025-08-11 22:19:04,369 [Worker-60: Building] INFO  o.a.m.s.f.DefaultMavenResourcesFiltering - Copying 1 resource from src\main\resources to target\classes
2025-08-11 22:19:04,375 [Worker-60: Building] INFO  o.a.m.s.f.DefaultMavenResourcesFiltering - Copying 0 resource from src\main\resources to target\classes
2025-08-11 22:19:04,378 [Worker-60: Building] INFO  o.a.m.s.f.DefaultMavenResourcesFiltering - Copying 0 resource from src\test\resources to target\test-classes
2025-08-11 22:19:10,528 [Worker-67: Building] INFO  o.a.m.s.f.DefaultMavenResourcesFiltering - Copying 1 resource from src\main\resources to target\classes
2025-08-11 22:19:10,540 [Worker-67: Building] INFO  o.a.m.s.f.DefaultMavenResourcesFiltering - Copying 0 resource from src\main\resources to target\classes
2025-08-11 22:19:10,542 [Worker-67: Building] INFO  o.a.m.s.f.DefaultMavenResourcesFiltering - Copying 0 resource from src\test\resources to target\test-classes
2025-08-11 22:19:16,755 [Worker-69: Building] INFO  o.a.m.s.f.DefaultMavenResourcesFiltering - Copying 1 resource from src\main\resources to target\classes
2025-08-11 22:19:16,765 [Worker-69: Building] INFO  o.a.m.s.f.DefaultMavenResourcesFiltering - Copying 0 resource from src\main\resources to target\classes
2025-08-11 22:19:16,827 [Worker-69: Building] INFO  o.a.m.s.f.DefaultMavenResourcesFiltering - Copying 0 resource from src\test\resources to target\test-classes
2025-08-11 22:19:25,947 [Worker-61: Building] INFO  o.a.m.s.f.DefaultMavenResourcesFiltering - Copying 1 resource from src\main\resources to target\classes
2025-08-11 22:19:25,959 [Worker-61: Building] INFO  o.a.m.s.f.DefaultMavenResourcesFiltering - Copying 0 resource from src\main\resources to target\classes
2025-08-11 22:19:25,965 [Worker-61: Building] INFO  o.a.m.s.f.DefaultMavenResourcesFiltering - Copying 0 resource from src\test\resources to target\test-classes
2025-08-11 22:20:07,025 [Worker-68: Building] INFO  o.a.m.s.f.DefaultMavenResourcesFiltering - Copying 1 resource from src\main\resources to target\classes
2025-08-11 22:20:07,030 [Worker-68: Building] INFO  o.a.m.s.f.DefaultMavenResourcesFiltering - Copying 0 resource from src\main\resources to target\classes
2025-08-11 22:20:07,032 [Worker-68: Building] INFO  o.a.m.s.f.DefaultMavenResourcesFiltering - skip non existing resourceDirectory C:\Users\laksh\Music\Microservices\School Registration\school-service\src\test\resources
2025-08-11 22:26:23,451 [Worker-67: Building] INFO  o.a.m.s.f.DefaultMavenResourcesFiltering - Copying 1 resource from src\main\resources to target\classes
2025-08-11 22:26:23,459 [Worker-67: Building] INFO  o.a.m.s.f.DefaultMavenResourcesFiltering - Copying 0 resource from src\main\resources to target\classes
2025-08-11 22:26:23,461 [Worker-67: Building] INFO  o.a.m.s.f.DefaultMavenResourcesFiltering - skip non existing resourceDirectory C:\Users\laksh\Music\Microservices\School Registration\student-service\src\test\resources
2025-08-11 22:26:29,943 [Worker-41: Building] INFO  o.a.m.s.f.DefaultMavenResourcesFiltering - Copying 1 resource from src\main\resources to target\classes
2025-08-11 22:26:29,951 [Worker-41: Building] INFO  o.a.m.s.f.DefaultMavenResourcesFiltering - Copying 0 resource from src\main\resources to target\classes
2025-08-11 22:26:29,953 [Worker-41: Building] INFO  o.a.m.s.f.DefaultMavenResourcesFiltering - skip non existing resourceDirectory C:\Users\laksh\Music\Microservices\School Registration\student-service\src\test\resources
2025-08-11 22:26:53,385 [Worker-69: Building] INFO  o.a.m.s.f.DefaultMavenResourcesFiltering - Copying 1 resource from src\main\resources to target\classes
2025-08-11 22:26:53,393 [Worker-69: Building] INFO  o.a.m.s.f.DefaultMavenResourcesFiltering - Copying 0 resource from src\main\resources to target\classes
2025-08-11 22:26:53,395 [Worker-69: Building] INFO  o.a.m.s.f.DefaultMavenResourcesFiltering - skip non existing resourceDirectory C:\Users\laksh\Music\Microservices\School Registration\student-service\src\test\resources
2025-08-11 22:31:27,723 [Worker-61: Updating Maven Project] INFO  o.e.m.c.i.p.ProjectConfigurationManager - Update started
2025-08-11 22:31:29,081 [Worker-61: Updating Maven Project] INFO  o.e.m.c.i.l.LifecycleMappingFactory - Using org.maven.ide.eclipse.wtp.WarLifecycleMapping lifecycle mapping for MavenProject: com.example:api-gateway:0.0.1-SNAPSHOT @ C:\Users\laksh\Music\Microservices\School Registration\api-gateway\pom.xml.
2025-08-11 22:31:29,527 [Worker-61: Updating Maven Project] INFO  o.e.m.c.i.l.LifecycleMappingFactory - Using org.maven.ide.eclipse.wtp.WarLifecycleMapping lifecycle mapping for MavenProject: com.example:config-server:0.0.1-SNAPSHOT @ C:\Users\laksh\Music\Microservices\School Registration\config-server\pom.xml.
2025-08-11 22:31:29,631 [Worker-61: Updating Maven Project] INFO  o.e.m.c.i.l.LifecycleMappingFactory - Using org.maven.ide.eclipse.wtp.WarLifecycleMapping lifecycle mapping for MavenProject: com.example:eureka-server:0.0.1-SNAPSHOT @ C:\Users\laksh\Music\Microservices\School Registration\eureka-server\pom.xml.
2025-08-11 22:31:29,840 [Worker-61: Updating Maven Project] INFO  o.e.m.c.i.l.LifecycleMappingFactory - Using org.maven.ide.eclipse.wtp.WarLifecycleMapping lifecycle mapping for MavenProject: com.example:school-service:0.0.1-SNAPSHOT @ C:\Users\laksh\Music\Microservices\School Registration\school-service\pom.xml.
2025-08-11 22:31:29,987 [Worker-61: Updating Maven Project] INFO  o.e.m.c.i.l.LifecycleMappingFactory - Using org.maven.ide.eclipse.wtp.WarLifecycleMapping lifecycle mapping for MavenProject: com.example:student-service:0.0.1-SNAPSHOT @ C:\Users\laksh\Music\Microservices\School Registration\student-service\pom.xml.
2025-08-11 22:31:31,943 [Worker-61: Updating Maven Project] INFO  o.e.m.j.i.AbstractJavaProjectConfigurator - Adding source folder /api-gateway/src/main/java
2025-08-11 22:31:31,943 [Worker-61: Updating Maven Project] INFO  o.e.m.j.i.AbstractJavaProjectConfigurator - Adding resource folder /api-gateway/src/main/resources
2025-08-11 22:31:31,944 [Worker-61: Updating Maven Project] INFO  o.e.m.j.i.AbstractJavaProjectConfigurator - Adding resource folder /api-gateway/src/main/resources
2025-08-11 22:31:31,944 [Worker-61: Updating Maven Project] INFO  o.e.m.j.i.AbstractJavaProjectConfigurator - Adding source folder /api-gateway/src/test/java
2025-08-11 22:31:31,945 [Worker-61: Updating Maven Project] INFO  o.e.m.j.i.AbstractJavaProjectConfigurator - Adding resource folder /api-gateway/src/test/resources
2025-08-11 22:31:32,483 [Worker-61: Updating Maven Project] INFO  o.e.m.j.i.AbstractJavaProjectConfigurator - Adding source folder /config-server/src/main/java
2025-08-11 22:31:32,484 [Worker-61: Updating Maven Project] INFO  o.e.m.j.i.AbstractJavaProjectConfigurator - Adding resource folder /config-server/src/main/resources
2025-08-11 22:31:32,484 [Worker-61: Updating Maven Project] INFO  o.e.m.j.i.AbstractJavaProjectConfigurator - Adding resource folder /config-server/src/main/resources
2025-08-11 22:31:32,485 [Worker-61: Updating Maven Project] INFO  o.e.m.j.i.AbstractJavaProjectConfigurator - Adding source folder /config-server/src/test/java
2025-08-11 22:31:32,485 [Worker-61: Updating Maven Project] INFO  o.e.m.j.i.AbstractJavaProjectConfigurator - Adding resource folder /config-server/src/test/resources
2025-08-11 22:31:32,976 [Worker-61: Updating Maven Project] INFO  o.e.m.j.i.AbstractJavaProjectConfigurator - Adding source folder /eureka-server/src/main/java
2025-08-11 22:31:32,977 [Worker-61: Updating Maven Project] INFO  o.e.m.j.i.AbstractJavaProjectConfigurator - Adding resource folder /eureka-server/src/main/resources
2025-08-11 22:31:32,977 [Worker-61: Updating Maven Project] INFO  o.e.m.j.i.AbstractJavaProjectConfigurator - Adding resource folder /eureka-server/src/main/resources
2025-08-11 22:31:32,978 [Worker-61: Updating Maven Project] INFO  o.e.m.j.i.AbstractJavaProjectConfigurator - Adding source folder /eureka-server/src/test/java
2025-08-11 22:31:32,978 [Worker-61: Updating Maven Project] INFO  o.e.m.j.i.AbstractJavaProjectConfigurator - Adding resource folder /eureka-server/src/test/resources
2025-08-11 22:31:33,706 [Worker-61: Updating Maven Project] INFO  o.e.m.j.i.AbstractJavaProjectConfigurator - Adding source folder /school-service/src/main/java
2025-08-11 22:31:33,708 [Worker-61: Updating Maven Project] INFO  o.e.m.j.i.AbstractJavaProjectConfigurator - Adding resource folder /school-service/src/main/resources
2025-08-11 22:31:33,709 [Worker-61: Updating Maven Project] INFO  o.e.m.j.i.AbstractJavaProjectConfigurator - Adding resource folder /school-service/src/main/resources
2025-08-11 22:31:33,709 [Worker-61: Updating Maven Project] INFO  o.e.m.j.i.AbstractJavaProjectConfigurator - Adding source folder /school-service/src/test/java
2025-08-11 22:31:33,711 [Worker-61: Updating Maven Project] INFO  o.e.m.j.i.AbstractJavaProjectConfigurator - Adding resource folder /school-service/src/test/resources
2025-08-11 22:31:34,466 [Worker-61: Updating Maven Project] INFO  o.e.m.j.i.AbstractJavaProjectConfigurator - Adding source folder /student-service/src/main/java
2025-08-11 22:31:34,466 [Worker-61: Updating Maven Project] INFO  o.e.m.j.i.AbstractJavaProjectConfigurator - Adding resource folder /student-service/src/main/resources
2025-08-11 22:31:34,467 [Worker-61: Updating Maven Project] INFO  o.e.m.j.i.AbstractJavaProjectConfigurator - Adding resource folder /student-service/src/main/resources
2025-08-11 22:31:34,467 [Worker-61: Updating Maven Project] INFO  o.e.m.j.i.AbstractJavaProjectConfigurator - Adding source folder /student-service/src/test/java
2025-08-11 22:31:34,467 [Worker-61: Updating Maven Project] INFO  o.e.m.j.i.AbstractJavaProjectConfigurator - Adding resource folder /student-service/src/test/resources
2025-08-11 22:31:35,285 [Worker-61: Updating Maven Project] INFO  o.e.m.w.i.f.ResourceFilteringBuildParticipant - Cleaning filtered folder for api-gateway
2025-08-11 22:31:35,382 [Worker-61: Updating Maven Project] INFO  o.e.m.w.i.f.ResourceFilteringBuildParticipant - Cleaning filtered folder for config-server
2025-08-11 22:31:35,458 [Worker-61: Updating Maven Project] INFO  o.e.m.w.i.f.ResourceFilteringBuildParticipant - Cleaning filtered folder for eureka-server
2025-08-11 22:31:35,501 [Worker-61: Updating Maven Project] INFO  o.e.m.w.i.f.ResourceFilteringBuildParticipant - Cleaning filtered folder for school-service
2025-08-11 22:31:35,536 [Worker-61: Updating Maven Project] INFO  o.e.m.w.i.f.ResourceFilteringBuildParticipant - Cleaning filtered folder for student-service
2025-08-11 22:31:35,559 [Worker-61: Updating Maven Project] INFO  o.e.m.c.i.p.ProjectConfigurationManager - Update completed for 5 poms: local refresh takes 0.00 sec, refresh facades takes 4.00 sec, update config takes 3.00 sec 
2025-08-11 22:31:35,987 [Worker-70: Building] INFO  o.a.m.s.f.DefaultMavenResourcesFiltering - Copying 1 resource from src\main\resources to target\classes
2025-08-11 22:31:36,022 [Worker-70: Building] INFO  o.a.m.s.f.DefaultMavenResourcesFiltering - Copying 0 resource from src\main\resources to target\classes
2025-08-11 22:31:36,028 [Worker-70: Building] INFO  o.a.m.s.f.DefaultMavenResourcesFiltering - skip non existing resourceDirectory C:\Users\laksh\Music\Microservices\School Registration\api-gateway\src\test\resources
2025-08-11 22:31:36,028 [Worker-70: Building] INFO  o.e.m.w.i.f.ResourceFilteringBuildParticipant - Changed resources require a complete clean of filtered resources of api-gateway
2025-08-11 22:31:36,028 [Worker-70: Building] INFO  o.e.m.w.i.f.ResourceFilteringBuildParticipant - Executing resource filtering for api-gateway
2025-08-11 22:31:36,198 [Worker-70: Building] INFO  o.a.m.s.f.DefaultMavenResourcesFiltering - Copying 1 resource from src\main\resources to target\classes
2025-08-11 22:31:36,227 [Worker-70: Building] INFO  o.a.m.s.f.DefaultMavenResourcesFiltering - Copying 0 resource from src\main\resources to target\classes
2025-08-11 22:31:36,233 [Worker-70: Building] INFO  o.a.m.s.f.DefaultMavenResourcesFiltering - Copying 0 resource from src\test\resources to target\test-classes
2025-08-11 22:31:36,234 [Worker-70: Building] INFO  o.e.m.w.i.f.ResourceFilteringBuildParticipant - Changed resources require a complete clean of filtered resources of config-server
2025-08-11 22:31:36,234 [Worker-70: Building] INFO  o.e.m.w.i.f.ResourceFilteringBuildParticipant - Executing resource filtering for config-server
2025-08-11 22:31:36,475 [Worker-70: Building] INFO  o.a.m.s.f.DefaultMavenResourcesFiltering - Copying 1 resource from src\main\resources to target\classes
2025-08-11 22:31:36,499 [Worker-70: Building] INFO  o.a.m.s.f.DefaultMavenResourcesFiltering - Copying 0 resource from src\main\resources to target\classes
2025-08-11 22:31:36,504 [Worker-70: Building] INFO  o.a.m.s.f.DefaultMavenResourcesFiltering - skip non existing resourceDirectory C:\Users\laksh\Music\Microservices\School Registration\eureka-server\src\test\resources
2025-08-11 22:31:36,504 [Worker-70: Building] INFO  o.e.m.w.i.f.ResourceFilteringBuildParticipant - Changed resources require a complete clean of filtered resources of eureka-server
2025-08-11 22:31:36,504 [Worker-70: Building] INFO  o.e.m.w.i.f.ResourceFilteringBuildParticipant - Executing resource filtering for eureka-server
2025-08-11 22:31:36,746 [Worker-70: Building] INFO  o.a.m.s.f.DefaultMavenResourcesFiltering - Copying 1 resource from src\main\resources to target\classes
2025-08-11 22:31:36,768 [Worker-70: Building] INFO  o.a.m.s.f.DefaultMavenResourcesFiltering - Copying 0 resource from src\main\resources to target\classes
2025-08-11 22:31:36,773 [Worker-70: Building] INFO  o.a.m.s.f.DefaultMavenResourcesFiltering - skip non existing resourceDirectory C:\Users\laksh\Music\Microservices\School Registration\school-service\src\test\resources
2025-08-11 22:31:36,774 [Worker-70: Building] INFO  o.e.m.w.i.f.ResourceFilteringBuildParticipant - Changed resources require a complete clean of filtered resources of school-service
2025-08-11 22:31:36,774 [Worker-70: Building] INFO  o.e.m.w.i.f.ResourceFilteringBuildParticipant - Executing resource filtering for school-service
2025-08-11 22:31:37,121 [Worker-41: Building] INFO  o.a.m.s.f.DefaultMavenResourcesFiltering - Copying 1 resource from src\main\resources to target\classes
2025-08-11 22:31:37,151 [Worker-41: Building] INFO  o.a.m.s.f.DefaultMavenResourcesFiltering - Copying 0 resource from src\main\resources to target\classes
2025-08-11 22:31:37,154 [Worker-41: Building] INFO  o.a.m.s.f.DefaultMavenResourcesFiltering - skip non existing resourceDirectory C:\Users\laksh\Music\Microservices\School Registration\student-service\src\test\resources
2025-08-11 22:31:37,155 [Worker-41: Building] INFO  o.e.m.w.i.f.ResourceFilteringBuildParticipant - Changed resources require a complete clean of filtered resources of student-service
2025-08-11 22:31:37,155 [Worker-41: Building] INFO  o.e.m.w.i.f.ResourceFilteringBuildParticipant - Executing resource filtering for student-service
2025-08-11 22:38:05,421 [Worker-41: Building] INFO  o.e.m.c.i.l.LifecycleMappingFactory - Using org.maven.ide.eclipse.wtp.WarLifecycleMapping lifecycle mapping for MavenProject: com.example:config-server:0.0.1-SNAPSHOT @ C:\Users\laksh\Music\Microservices\School Registration\config-server\pom.xml.
2025-08-11 22:38:06,267 [Worker-41: Building] INFO  o.a.m.s.f.DefaultMavenResourcesFiltering - Copying 0 resource from src\main\resources to target\classes
2025-08-11 22:38:06,268 [Worker-41: Building] INFO  o.a.m.s.f.DefaultMavenResourcesFiltering - Copying 0 resource from src\main\resources to target\classes
2025-08-11 22:38:06,273 [Worker-41: Building] INFO  o.a.m.s.f.DefaultMavenResourcesFiltering - Copying 0 resource from src\test\resources to target\test-classes
2025-08-11 22:38:06,274 [Worker-41: Building] INFO  o.e.m.w.i.f.ResourceFilteringBuildParticipant - Changed resources require a complete clean of filtered resources of config-server
2025-08-11 22:38:06,274 [Worker-41: Building] INFO  o.e.m.w.i.f.ResourceFilteringBuildParticipant - Executing resource filtering for config-server
