2025-08-07 11:37:45,092 [Worker-8: Loading available Gradle versions] INFO  o.e.b.c.i.u.g.PublishedGradleVersions - Gradle version information cache is not available. Remote download required.
2025-08-07 11:42:17,000 [Worker-28: Update Maven projects configuration] INFO  o.e.m.c.i.p.ProjectConfigurationManager - Update started
2025-08-07 11:42:17,653 [Worker-28: Update Maven projects configuration] INFO  o.e.m.c.i.e.AbstractTransferListenerAdapter - Downloading https://repo.maven.apache.org/maven2/org/springframework/cloud/spring-cloud-dependencies/2025.0.0/spring-cloud-dependencies-2025.0.0.pom
2025-08-07 11:42:17,686 [Worker-28: Update Maven projects configuration] INFO  o.e.m.c.i.e.AbstractTransferListenerAdapter - Downloaded https://repo.maven.apache.org/maven2/org/springframework/cloud/spring-cloud-dependencies/2025.0.0/spring-cloud-dependencies-2025.0.0.pom
2025-08-07 11:42:17,722 [Worker-28: Update Maven projects configuration] INFO  o.e.m.c.i.e.AbstractTransferListenerAdapter - Downloading https://repo.maven.apache.org/maven2/org/springframework/cloud/spring-cloud-dependencies-parent/4.3.0/spring-cloud-dependencies-parent-4.3.0.pom
2025-08-07 11:42:17,734 [Worker-28: Update Maven projects configuration] INFO  o.e.m.c.i.e.AbstractTransferListenerAdapter - Downloaded https://repo.maven.apache.org/maven2/org/springframework/cloud/spring-cloud-dependencies-parent/4.3.0/spring-cloud-dependencies-parent-4.3.0.pom
2025-08-07 11:42:17,764 [Worker-28: Update Maven projects configuration] INFO  o.e.m.c.i.e.AbstractTransferListenerAdapter - Downloading https://repo.maven.apache.org/maven2/org/springframework/cloud/spring-cloud-commons-dependencies/4.3.0/spring-cloud-commons-dependencies-4.3.0.pom
2025-08-07 11:42:17,777 [Worker-28: Update Maven projects configuration] INFO  o.e.m.c.i.e.AbstractTransferListenerAdapter - Downloaded https://repo.maven.apache.org/maven2/org/springframework/cloud/spring-cloud-commons-dependencies/4.3.0/spring-cloud-commons-dependencies-4.3.0.pom
2025-08-07 11:42:17,811 [Worker-28: Update Maven projects configuration] INFO  o.e.m.c.i.e.AbstractTransferListenerAdapter - Downloading https://repo.maven.apache.org/maven2/org/springframework/cloud/spring-cloud-netflix-dependencies/4.3.0/spring-cloud-netflix-dependencies-4.3.0.pom
2025-08-07 11:42:17,821 [Worker-28: Update Maven projects configuration] INFO  o.e.m.c.i.e.AbstractTransferListenerAdapter - Downloaded https://repo.maven.apache.org/maven2/org/springframework/cloud/spring-cloud-netflix-dependencies/4.3.0/spring-cloud-netflix-dependencies-4.3.0.pom
2025-08-07 11:42:17,847 [Worker-28: Update Maven projects configuration] INFO  o.e.m.c.i.e.AbstractTransferListenerAdapter - Downloading https://repo.maven.apache.org/maven2/org/springframework/cloud/spring-cloud-stream-dependencies/4.3.0/spring-cloud-stream-dependencies-4.3.0.pom
2025-08-07 11:42:17,856 [Worker-28: Update Maven projects configuration] INFO  o.e.m.c.i.e.AbstractTransferListenerAdapter - Downloaded https://repo.maven.apache.org/maven2/org/springframework/cloud/spring-cloud-stream-dependencies/4.3.0/spring-cloud-stream-dependencies-4.3.0.pom
2025-08-07 11:42:17,883 [Worker-28: Update Maven projects configuration] INFO  o.e.m.c.i.e.AbstractTransferListenerAdapter - Downloading https://repo.maven.apache.org/maven2/org/springframework/cloud/spring-cloud-task-dependencies/3.3.0/spring-cloud-task-dependencies-3.3.0.pom
2025-08-07 11:42:17,891 [Worker-28: Update Maven projects configuration] INFO  o.e.m.c.i.e.AbstractTransferListenerAdapter - Downloaded https://repo.maven.apache.org/maven2/org/springframework/cloud/spring-cloud-task-dependencies/3.3.0/spring-cloud-task-dependencies-3.3.0.pom
2025-08-07 11:42:17,917 [Worker-28: Update Maven projects configuration] INFO  o.e.m.c.i.e.AbstractTransferListenerAdapter - Downloading https://repo.maven.apache.org/maven2/org/springframework/cloud/spring-cloud-circuitbreaker-dependencies/3.3.0/spring-cloud-circuitbreaker-dependencies-3.3.0.pom
2025-08-07 11:42:17,925 [Worker-28: Update Maven projects configuration] INFO  o.e.m.c.i.e.AbstractTransferListenerAdapter - Downloaded https://repo.maven.apache.org/maven2/org/springframework/cloud/spring-cloud-circuitbreaker-dependencies/3.3.0/spring-cloud-circuitbreaker-dependencies-3.3.0.pom
2025-08-07 11:42:17,953 [Worker-28: Update Maven projects configuration] INFO  o.e.m.c.i.e.AbstractTransferListenerAdapter - Downloading https://repo.maven.apache.org/maven2/io/github/resilience4j/resilience4j-bom/2.2.0/resilience4j-bom-2.2.0.pom
2025-08-07 11:42:17,960 [Worker-28: Update Maven projects configuration] INFO  o.e.m.c.i.e.AbstractTransferListenerAdapter - Downloaded https://repo.maven.apache.org/maven2/io/github/resilience4j/resilience4j-bom/2.2.0/resilience4j-bom-2.2.0.pom
2025-08-07 11:42:17,985 [Worker-28: Update Maven projects configuration] INFO  o.e.m.c.i.e.AbstractTransferListenerAdapter - Downloading https://repo.maven.apache.org/maven2/org/springframework/cloud/spring-cloud-config-dependencies/4.3.0/spring-cloud-config-dependencies-4.3.0.pom
2025-08-07 11:42:17,992 [Worker-28: Update Maven projects configuration] INFO  o.e.m.c.i.e.AbstractTransferListenerAdapter - Downloaded https://repo.maven.apache.org/maven2/org/springframework/cloud/spring-cloud-config-dependencies/4.3.0/spring-cloud-config-dependencies-4.3.0.pom
2025-08-07 11:42:18,020 [Worker-28: Update Maven projects configuration] INFO  o.e.m.c.i.e.AbstractTransferListenerAdapter - Downloading https://repo.maven.apache.org/maven2/org/springframework/cloud/spring-cloud-function-dependencies/4.3.0/spring-cloud-function-dependencies-4.3.0.pom
2025-08-07 11:42:18,030 [Worker-28: Update Maven projects configuration] INFO  o.e.m.c.i.e.AbstractTransferListenerAdapter - Downloaded https://repo.maven.apache.org/maven2/org/springframework/cloud/spring-cloud-function-dependencies/4.3.0/spring-cloud-function-dependencies-4.3.0.pom
2025-08-07 11:42:18,062 [Worker-28: Update Maven projects configuration] INFO  o.e.m.c.i.e.AbstractTransferListenerAdapter - Downloading https://repo.maven.apache.org/maven2/org/springframework/cloud/spring-cloud-gateway-dependencies/4.3.0/spring-cloud-gateway-dependencies-4.3.0.pom
2025-08-07 11:42:18,070 [Worker-28: Update Maven projects configuration] INFO  o.e.m.c.i.e.AbstractTransferListenerAdapter - Downloaded https://repo.maven.apache.org/maven2/org/springframework/cloud/spring-cloud-gateway-dependencies/4.3.0/spring-cloud-gateway-dependencies-4.3.0.pom
2025-08-07 11:42:18,096 [Worker-28: Update Maven projects configuration] INFO  o.e.m.c.i.e.AbstractTransferListenerAdapter - Downloading https://repo.maven.apache.org/maven2/org/springframework/cloud/spring-cloud-consul-dependencies/4.3.0/spring-cloud-consul-dependencies-4.3.0.pom
2025-08-07 11:42:18,103 [Worker-28: Update Maven projects configuration] INFO  o.e.m.c.i.e.AbstractTransferListenerAdapter - Downloaded https://repo.maven.apache.org/maven2/org/springframework/cloud/spring-cloud-consul-dependencies/4.3.0/spring-cloud-consul-dependencies-4.3.0.pom
2025-08-07 11:42:18,131 [Worker-28: Update Maven projects configuration] INFO  o.e.m.c.i.e.AbstractTransferListenerAdapter - Downloading https://repo.maven.apache.org/maven2/org/springframework/cloud/spring-cloud-vault-dependencies/4.3.0/spring-cloud-vault-dependencies-4.3.0.pom
2025-08-07 11:42:18,138 [Worker-28: Update Maven projects configuration] INFO  o.e.m.c.i.e.AbstractTransferListenerAdapter - Downloaded https://repo.maven.apache.org/maven2/org/springframework/cloud/spring-cloud-vault-dependencies/4.3.0/spring-cloud-vault-dependencies-4.3.0.pom
2025-08-07 11:42:18,166 [Worker-28: Update Maven projects configuration] INFO  o.e.m.c.i.e.AbstractTransferListenerAdapter - Downloading https://repo.maven.apache.org/maven2/org/springframework/cloud/spring-cloud-zookeeper-dependencies/4.3.0/spring-cloud-zookeeper-dependencies-4.3.0.pom
2025-08-07 11:42:18,178 [Worker-28: Update Maven projects configuration] INFO  o.e.m.c.i.e.AbstractTransferListenerAdapter - Downloaded https://repo.maven.apache.org/maven2/org/springframework/cloud/spring-cloud-zookeeper-dependencies/4.3.0/spring-cloud-zookeeper-dependencies-4.3.0.pom
2025-08-07 11:42:18,208 [Worker-28: Update Maven projects configuration] INFO  o.e.m.c.i.e.AbstractTransferListenerAdapter - Downloading https://repo.maven.apache.org/maven2/org/springframework/cloud/spring-cloud-bus-dependencies/4.3.0/spring-cloud-bus-dependencies-4.3.0.pom
2025-08-07 11:42:18,215 [Worker-28: Update Maven projects configuration] INFO  o.e.m.c.i.e.AbstractTransferListenerAdapter - Downloaded https://repo.maven.apache.org/maven2/org/springframework/cloud/spring-cloud-bus-dependencies/4.3.0/spring-cloud-bus-dependencies-4.3.0.pom
2025-08-07 11:42:18,245 [Worker-28: Update Maven projects configuration] INFO  o.e.m.c.i.e.AbstractTransferListenerAdapter - Downloading https://repo.maven.apache.org/maven2/org/springframework/cloud/spring-cloud-contract-dependencies/4.3.0/spring-cloud-contract-dependencies-4.3.0.pom
2025-08-07 11:42:18,252 [Worker-28: Update Maven projects configuration] INFO  o.e.m.c.i.e.AbstractTransferListenerAdapter - Downloaded https://repo.maven.apache.org/maven2/org/springframework/cloud/spring-cloud-contract-dependencies/4.3.0/spring-cloud-contract-dependencies-4.3.0.pom
2025-08-07 11:42:18,279 [Worker-28: Update Maven projects configuration] INFO  o.e.m.c.i.e.AbstractTransferListenerAdapter - Downloading https://repo.maven.apache.org/maven2/org/springframework/cloud/spring-cloud-openfeign-dependencies/4.3.0/spring-cloud-openfeign-dependencies-4.3.0.pom
2025-08-07 11:42:18,286 [Worker-28: Update Maven projects configuration] INFO  o.e.m.c.i.e.AbstractTransferListenerAdapter - Downloaded https://repo.maven.apache.org/maven2/org/springframework/cloud/spring-cloud-openfeign-dependencies/4.3.0/spring-cloud-openfeign-dependencies-4.3.0.pom
2025-08-07 11:42:18,311 [Worker-28: Update Maven projects configuration] INFO  o.e.m.c.i.e.AbstractTransferListenerAdapter - Downloading https://repo.maven.apache.org/maven2/io/github/openfeign/feign-bom/13.6/feign-bom-13.6.pom
2025-08-07 11:42:18,318 [Worker-28: Update Maven projects configuration] INFO  o.e.m.c.i.e.AbstractTransferListenerAdapter - Downloaded https://repo.maven.apache.org/maven2/io/github/openfeign/feign-bom/13.6/feign-bom-13.6.pom
2025-08-07 11:42:18,346 [Worker-28: Update Maven projects configuration] INFO  o.e.m.c.i.e.AbstractTransferListenerAdapter - Downloading https://repo.maven.apache.org/maven2/org/springframework/cloud/spring-cloud-kubernetes-dependencies/3.3.0/spring-cloud-kubernetes-dependencies-3.3.0.pom
2025-08-07 11:42:18,353 [Worker-28: Update Maven projects configuration] INFO  o.e.m.c.i.e.AbstractTransferListenerAdapter - Downloaded https://repo.maven.apache.org/maven2/org/springframework/cloud/spring-cloud-kubernetes-dependencies/3.3.0/spring-cloud-kubernetes-dependencies-3.3.0.pom
2025-08-07 11:42:18,378 [Worker-28: Update Maven projects configuration] INFO  o.e.m.c.i.e.AbstractTransferListenerAdapter - Downloading https://repo.maven.apache.org/maven2/io/fabric8/kubernetes-client-bom/7.3.1/kubernetes-client-bom-7.3.1.pom
2025-08-07 11:42:18,385 [Worker-28: Update Maven projects configuration] INFO  o.e.m.c.i.e.AbstractTransferListenerAdapter - Downloaded https://repo.maven.apache.org/maven2/io/fabric8/kubernetes-client-bom/7.3.1/kubernetes-client-bom-7.3.1.pom
2025-08-07 11:42:22,115 [Worker-28: Update Maven projects configuration] INFO  o.e.m.c.i.l.LifecycleMappingFactory - Using org.maven.ide.eclipse.wtp.WarLifecycleMapping lifecycle mapping for MavenProject: com.example:eureka-server:0.0.1-SNAPSHOT @ C:\Users\laksh\Music\Microservices\Practice\eureka-server\pom.xml.
2025-08-07 11:42:22,593 [Worker-28: Update Maven projects configuration] INFO  o.e.m.c.i.e.AbstractTransferListenerAdapter - Downloading https://repo.maven.apache.org/maven2/org/springframework/cloud/spring-cloud-starter-netflix-eureka-server/4.3.0/spring-cloud-starter-netflix-eureka-server-4.3.0.pom
2025-08-07 11:42:22,603 [Worker-28: Update Maven projects configuration] INFO  o.e.m.c.i.e.AbstractTransferListenerAdapter - Downloaded https://repo.maven.apache.org/maven2/org/springframework/cloud/spring-cloud-starter-netflix-eureka-server/4.3.0/spring-cloud-starter-netflix-eureka-server-4.3.0.pom
2025-08-07 11:42:22,646 [Worker-28: Update Maven projects configuration] INFO  o.e.m.c.i.e.AbstractTransferListenerAdapter - Downloading https://repo.maven.apache.org/maven2/org/springframework/cloud/spring-cloud-netflix/4.3.0/spring-cloud-netflix-4.3.0.pom
2025-08-07 11:42:22,657 [Worker-28: Update Maven projects configuration] INFO  o.e.m.c.i.e.AbstractTransferListenerAdapter - Downloaded https://repo.maven.apache.org/maven2/org/springframework/cloud/spring-cloud-netflix/4.3.0/spring-cloud-netflix-4.3.0.pom
2025-08-07 11:42:22,687 [Worker-28: Update Maven projects configuration] INFO  o.e.m.c.i.e.AbstractTransferListenerAdapter - Downloading https://repo.maven.apache.org/maven2/org/springframework/cloud/spring-cloud-build/4.3.0/spring-cloud-build-4.3.0.pom
2025-08-07 11:42:22,699 [Worker-28: Update Maven projects configuration] INFO  o.e.m.c.i.e.AbstractTransferListenerAdapter - Downloaded https://repo.maven.apache.org/maven2/org/springframework/cloud/spring-cloud-build/4.3.0/spring-cloud-build-4.3.0.pom
2025-08-07 11:42:22,732 [Worker-28: Update Maven projects configuration] INFO  o.e.m.c.i.e.AbstractTransferListenerAdapter - Downloading https://repo.maven.apache.org/maven2/org/springframework/cloud/spring-cloud-build-dependencies/4.3.0/spring-cloud-build-dependencies-4.3.0.pom
2025-08-07 11:42:22,741 [Worker-28: Update Maven projects configuration] INFO  o.e.m.c.i.e.AbstractTransferListenerAdapter - Downloaded https://repo.maven.apache.org/maven2/org/springframework/cloud/spring-cloud-build-dependencies/4.3.0/spring-cloud-build-dependencies-4.3.0.pom
2025-08-07 11:42:23,139 [Worker-28: Update Maven projects configuration] INFO  o.e.m.c.i.e.AbstractTransferListenerAdapter - Downloading https://repo.maven.apache.org/maven2/org/springframework/cloud/spring-cloud-starter/4.3.0/spring-cloud-starter-4.3.0.pom
2025-08-07 11:42:23,152 [Worker-28: Update Maven projects configuration] INFO  o.e.m.c.i.e.AbstractTransferListenerAdapter - Downloaded https://repo.maven.apache.org/maven2/org/springframework/cloud/spring-cloud-starter/4.3.0/spring-cloud-starter-4.3.0.pom
2025-08-07 11:42:23,184 [Worker-28: Update Maven projects configuration] INFO  o.e.m.c.i.e.AbstractTransferListenerAdapter - Downloading https://repo.maven.apache.org/maven2/org/springframework/cloud/spring-cloud-commons-parent/4.3.0/spring-cloud-commons-parent-4.3.0.pom
2025-08-07 11:42:23,196 [Worker-28: Update Maven projects configuration] INFO  o.e.m.c.i.e.AbstractTransferListenerAdapter - Downloaded https://repo.maven.apache.org/maven2/org/springframework/cloud/spring-cloud-commons-parent/4.3.0/spring-cloud-commons-parent-4.3.0.pom
2025-08-07 11:42:23,234 [Worker-28: Update Maven projects configuration] INFO  o.e.m.c.i.e.AbstractTransferListenerAdapter - Downloading https://repo.maven.apache.org/maven2/org/springframework/cloud/spring-cloud-context/4.3.0/spring-cloud-context-4.3.0.pom
2025-08-07 11:42:23,244 [Worker-28: Update Maven projects configuration] INFO  o.e.m.c.i.e.AbstractTransferListenerAdapter - Downloaded https://repo.maven.apache.org/maven2/org/springframework/cloud/spring-cloud-context/4.3.0/spring-cloud-context-4.3.0.pom
2025-08-07 11:42:23,279 [Worker-28: Update Maven projects configuration] INFO  o.e.m.c.i.e.AbstractTransferListenerAdapter - Downloading https://repo.maven.apache.org/maven2/org/springframework/security/spring-security-crypto/6.5.2/spring-security-crypto-6.5.2.pom
2025-08-07 11:42:23,290 [Worker-28: Update Maven projects configuration] INFO  o.e.m.c.i.e.AbstractTransferListenerAdapter - Downloaded https://repo.maven.apache.org/maven2/org/springframework/security/spring-security-crypto/6.5.2/spring-security-crypto-6.5.2.pom
2025-08-07 11:42:23,317 [Worker-28: Update Maven projects configuration] INFO  o.e.m.c.i.e.AbstractTransferListenerAdapter - Downloading https://repo.maven.apache.org/maven2/org/springframework/cloud/spring-cloud-commons/4.3.0/spring-cloud-commons-4.3.0.pom
2025-08-07 11:42:23,327 [Worker-28: Update Maven projects configuration] INFO  o.e.m.c.i.e.AbstractTransferListenerAdapter - Downloaded https://repo.maven.apache.org/maven2/org/springframework/cloud/spring-cloud-commons/4.3.0/spring-cloud-commons-4.3.0.pom
2025-08-07 11:42:23,359 [Worker-28: Update Maven projects configuration] INFO  o.e.m.c.i.e.AbstractTransferListenerAdapter - Downloading https://repo.maven.apache.org/maven2/org/bouncycastle/bcprov-jdk18on/1.80/bcprov-jdk18on-1.80.pom
2025-08-07 11:42:23,367 [Worker-28: Update Maven projects configuration] INFO  o.e.m.c.i.e.AbstractTransferListenerAdapter - Downloaded https://repo.maven.apache.org/maven2/org/bouncycastle/bcprov-jdk18on/1.80/bcprov-jdk18on-1.80.pom
2025-08-07 11:42:23,398 [Worker-28: Update Maven projects configuration] INFO  o.e.m.c.i.e.AbstractTransferListenerAdapter - Downloading https://repo.maven.apache.org/maven2/org/springframework/cloud/spring-cloud-netflix-eureka-server/4.3.0/spring-cloud-netflix-eureka-server-4.3.0.pom
2025-08-07 11:42:23,408 [Worker-28: Update Maven projects configuration] INFO  o.e.m.c.i.e.AbstractTransferListenerAdapter - Downloaded https://repo.maven.apache.org/maven2/org/springframework/cloud/spring-cloud-netflix-eureka-server/4.3.0/spring-cloud-netflix-eureka-server-4.3.0.pom
2025-08-07 11:42:23,444 [Worker-28: Update Maven projects configuration] INFO  o.e.m.c.i.e.AbstractTransferListenerAdapter - Downloading https://repo.maven.apache.org/maven2/org/springframework/boot/spring-boot-starter-actuator/3.5.4/spring-boot-starter-actuator-3.5.4.pom
2025-08-07 11:42:23,453 [Worker-28: Update Maven projects configuration] INFO  o.e.m.c.i.e.AbstractTransferListenerAdapter - Downloaded https://repo.maven.apache.org/maven2/org/springframework/boot/spring-boot-starter-actuator/3.5.4/spring-boot-starter-actuator-3.5.4.pom
2025-08-07 11:42:23,489 [Worker-28: Update Maven projects configuration] INFO  o.e.m.c.i.e.AbstractTransferListenerAdapter - Downloading https://repo.maven.apache.org/maven2/org/springframework/boot/spring-boot-actuator-autoconfigure/3.5.4/spring-boot-actuator-autoconfigure-3.5.4.pom
2025-08-07 11:42:23,510 [Worker-28: Update Maven projects configuration] INFO  o.e.m.c.i.e.AbstractTransferListenerAdapter - Downloaded https://repo.maven.apache.org/maven2/org/springframework/boot/spring-boot-actuator-autoconfigure/3.5.4/spring-boot-actuator-autoconfigure-3.5.4.pom
2025-08-07 11:42:23,544 [Worker-28: Update Maven projects configuration] INFO  o.e.m.c.i.e.AbstractTransferListenerAdapter - Downloading https://repo.maven.apache.org/maven2/org/springframework/boot/spring-boot-actuator/3.5.4/spring-boot-actuator-3.5.4.pom
2025-08-07 11:42:23,552 [Worker-28: Update Maven projects configuration] INFO  o.e.m.c.i.e.AbstractTransferListenerAdapter - Downloaded https://repo.maven.apache.org/maven2/org/springframework/boot/spring-boot-actuator/3.5.4/spring-boot-actuator-3.5.4.pom
2025-08-07 11:42:23,580 [Worker-28: Update Maven projects configuration] INFO  o.e.m.c.i.e.AbstractTransferListenerAdapter - Downloading https://repo.maven.apache.org/maven2/io/micrometer/micrometer-jakarta9/1.15.2/micrometer-jakarta9-1.15.2.pom
2025-08-07 11:42:23,587 [Worker-28: Update Maven projects configuration] INFO  o.e.m.c.i.e.AbstractTransferListenerAdapter - Downloaded https://repo.maven.apache.org/maven2/io/micrometer/micrometer-jakarta9/1.15.2/micrometer-jakarta9-1.15.2.pom
2025-08-07 11:42:23,610 [Worker-28: Update Maven projects configuration] INFO  o.e.m.c.i.e.AbstractTransferListenerAdapter - Downloading https://repo.maven.apache.org/maven2/io/micrometer/micrometer-core/1.15.2/micrometer-core-1.15.2.pom
2025-08-07 11:42:23,619 [Worker-28: Update Maven projects configuration] INFO  o.e.m.c.i.e.AbstractTransferListenerAdapter - Downloaded https://repo.maven.apache.org/maven2/io/micrometer/micrometer-core/1.15.2/micrometer-core-1.15.2.pom
2025-08-07 11:42:23,643 [Worker-28: Update Maven projects configuration] INFO  o.e.m.c.i.e.AbstractTransferListenerAdapter - Downloading https://repo.maven.apache.org/maven2/org/hdrhistogram/HdrHistogram/2.2.2/HdrHistogram-2.2.2.pom
2025-08-07 11:42:23,649 [Worker-28: Update Maven projects configuration] INFO  o.e.m.c.i.e.AbstractTransferListenerAdapter - Downloaded https://repo.maven.apache.org/maven2/org/hdrhistogram/HdrHistogram/2.2.2/HdrHistogram-2.2.2.pom
2025-08-07 11:42:23,680 [Worker-28: Update Maven projects configuration] INFO  o.e.m.c.i.e.AbstractTransferListenerAdapter - Downloading https://repo.maven.apache.org/maven2/org/springframework/boot/spring-boot-starter-freemarker/3.5.4/spring-boot-starter-freemarker-3.5.4.pom
2025-08-07 11:42:23,687 [Worker-28: Update Maven projects configuration] INFO  o.e.m.c.i.e.AbstractTransferListenerAdapter - Downloaded https://repo.maven.apache.org/maven2/org/springframework/boot/spring-boot-starter-freemarker/3.5.4/spring-boot-starter-freemarker-3.5.4.pom
2025-08-07 11:42:23,710 [Worker-28: Update Maven projects configuration] INFO  o.e.m.c.i.e.AbstractTransferListenerAdapter - Downloading https://repo.maven.apache.org/maven2/org/freemarker/freemarker/2.3.34/freemarker-2.3.34.pom
2025-08-07 11:42:23,718 [Worker-28: Update Maven projects configuration] INFO  o.e.m.c.i.e.AbstractTransferListenerAdapter - Downloaded https://repo.maven.apache.org/maven2/org/freemarker/freemarker/2.3.34/freemarker-2.3.34.pom
2025-08-07 11:42:23,742 [Worker-28: Update Maven projects configuration] INFO  o.e.m.c.i.e.AbstractTransferListenerAdapter - Downloading https://repo.maven.apache.org/maven2/org/springframework/spring-context-support/6.2.9/spring-context-support-6.2.9.pom
2025-08-07 11:42:23,749 [Worker-28: Update Maven projects configuration] INFO  o.e.m.c.i.e.AbstractTransferListenerAdapter - Downloaded https://repo.maven.apache.org/maven2/org/springframework/spring-context-support/6.2.9/spring-context-support-6.2.9.pom
2025-08-07 11:42:23,775 [Worker-28: Update Maven projects configuration] INFO  o.e.m.c.i.e.AbstractTransferListenerAdapter - Downloading https://repo.maven.apache.org/maven2/org/springframework/cloud/spring-cloud-netflix-eureka-client/4.3.0/spring-cloud-netflix-eureka-client-4.3.0.pom
2025-08-07 11:42:23,782 [Worker-28: Update Maven projects configuration] INFO  o.e.m.c.i.e.AbstractTransferListenerAdapter - Downloaded https://repo.maven.apache.org/maven2/org/springframework/cloud/spring-cloud-netflix-eureka-client/4.3.0/spring-cloud-netflix-eureka-client-4.3.0.pom
2025-08-07 11:42:23,810 [Worker-28: Update Maven projects configuration] INFO  o.e.m.c.i.e.AbstractTransferListenerAdapter - Downloading https://repo.maven.apache.org/maven2/com/netflix/eureka/eureka-client/2.0.4/eureka-client-2.0.4.pom
2025-08-07 11:42:23,817 [Worker-28: Update Maven projects configuration] INFO  o.e.m.c.i.e.AbstractTransferListenerAdapter - Downloaded https://repo.maven.apache.org/maven2/com/netflix/eureka/eureka-client/2.0.4/eureka-client-2.0.4.pom
2025-08-07 11:42:23,840 [Worker-28: Update Maven projects configuration] INFO  o.e.m.c.i.e.AbstractTransferListenerAdapter - Downloading https://repo.maven.apache.org/maven2/com/thoughtworks/xstream/xstream/1.4.20/xstream-1.4.20.pom
2025-08-07 11:42:23,846 [Worker-28: Update Maven projects configuration] INFO  o.e.m.c.i.e.AbstractTransferListenerAdapter - Downloaded https://repo.maven.apache.org/maven2/com/thoughtworks/xstream/xstream/1.4.20/xstream-1.4.20.pom
2025-08-07 11:42:23,869 [Worker-28: Update Maven projects configuration] INFO  o.e.m.c.i.e.AbstractTransferListenerAdapter - Downloading https://repo.maven.apache.org/maven2/com/thoughtworks/xstream/xstream-parent/1.4.20/xstream-parent-1.4.20.pom
2025-08-07 11:42:23,876 [Worker-28: Update Maven projects configuration] INFO  o.e.m.c.i.e.AbstractTransferListenerAdapter - Downloaded https://repo.maven.apache.org/maven2/com/thoughtworks/xstream/xstream-parent/1.4.20/xstream-parent-1.4.20.pom
2025-08-07 11:42:23,899 [Worker-28: Update Maven projects configuration] INFO  o.e.m.c.i.e.AbstractTransferListenerAdapter - Downloading https://repo.maven.apache.org/maven2/io/github/x-stream/mxparser/1.2.2/mxparser-1.2.2.pom
2025-08-07 11:42:23,907 [Worker-28: Update Maven projects configuration] INFO  o.e.m.c.i.e.AbstractTransferListenerAdapter - Downloaded https://repo.maven.apache.org/maven2/io/github/x-stream/mxparser/1.2.2/mxparser-1.2.2.pom
2025-08-07 11:42:23,935 [Worker-28: Update Maven projects configuration] INFO  o.e.m.c.i.e.AbstractTransferListenerAdapter - Downloading https://repo.maven.apache.org/maven2/jakarta/ws/rs/jakarta.ws.rs-api/3.1.0/jakarta.ws.rs-api-3.1.0.pom
2025-08-07 11:42:23,942 [Worker-28: Update Maven projects configuration] INFO  o.e.m.c.i.e.AbstractTransferListenerAdapter - Downloaded https://repo.maven.apache.org/maven2/jakarta/ws/rs/jakarta.ws.rs-api/3.1.0/jakarta.ws.rs-api-3.1.0.pom
2025-08-07 11:42:23,966 [Worker-28: Update Maven projects configuration] INFO  o.e.m.c.i.e.AbstractTransferListenerAdapter - Downloading https://repo.maven.apache.org/maven2/jakarta/ws/rs/all/3.1.0/all-3.1.0.pom
2025-08-07 11:42:23,974 [Worker-28: Update Maven projects configuration] INFO  o.e.m.c.i.e.AbstractTransferListenerAdapter - Downloaded https://repo.maven.apache.org/maven2/jakarta/ws/rs/all/3.1.0/all-3.1.0.pom
2025-08-07 11:42:24,010 [Worker-28: Update Maven projects configuration] INFO  o.e.m.c.i.e.AbstractTransferListenerAdapter - Downloading https://repo.maven.apache.org/maven2/com/netflix/spectator/spectator-api/1.7.3/spectator-api-1.7.3.pom
2025-08-07 11:42:24,018 [Worker-28: Update Maven projects configuration] INFO  o.e.m.c.i.e.AbstractTransferListenerAdapter - Downloaded https://repo.maven.apache.org/maven2/com/netflix/spectator/spectator-api/1.7.3/spectator-api-1.7.3.pom
2025-08-07 11:42:24,043 [Worker-28: Update Maven projects configuration] INFO  o.e.m.c.i.e.AbstractTransferListenerAdapter - Downloading https://repo.maven.apache.org/maven2/org/apache/httpcomponents/httpclient/4.5.3/httpclient-4.5.3.pom
2025-08-07 11:42:24,049 [Worker-28: Update Maven projects configuration] INFO  o.e.m.c.i.e.AbstractTransferListenerAdapter - Downloaded https://repo.maven.apache.org/maven2/org/apache/httpcomponents/httpclient/4.5.3/httpclient-4.5.3.pom
2025-08-07 11:42:24,074 [Worker-28: Update Maven projects configuration] INFO  o.e.m.c.i.e.AbstractTransferListenerAdapter - Downloading https://repo.maven.apache.org/maven2/org/apache/httpcomponents/httpcomponents-client/4.5.3/httpcomponents-client-4.5.3.pom
2025-08-07 11:42:24,081 [Worker-28: Update Maven projects configuration] INFO  o.e.m.c.i.e.AbstractTransferListenerAdapter - Downloaded https://repo.maven.apache.org/maven2/org/apache/httpcomponents/httpcomponents-client/4.5.3/httpcomponents-client-4.5.3.pom
2025-08-07 11:42:24,105 [Worker-28: Update Maven projects configuration] INFO  o.e.m.c.i.e.AbstractTransferListenerAdapter - Downloading https://repo.maven.apache.org/maven2/org/apache/httpcomponents/project/7/project-7.pom
2025-08-07 11:42:24,111 [Worker-28: Update Maven projects configuration] INFO  o.e.m.c.i.e.AbstractTransferListenerAdapter - Downloaded https://repo.maven.apache.org/maven2/org/apache/httpcomponents/project/7/project-7.pom
2025-08-07 11:42:24,136 [Worker-28: Update Maven projects configuration] INFO  o.e.m.c.i.e.AbstractTransferListenerAdapter - Downloading https://repo.maven.apache.org/maven2/org/apache/httpcomponents/httpcore/4.4.16/httpcore-4.4.16.pom
2025-08-07 11:42:24,144 [Worker-28: Update Maven projects configuration] INFO  o.e.m.c.i.e.AbstractTransferListenerAdapter - Downloaded https://repo.maven.apache.org/maven2/org/apache/httpcomponents/httpcore/4.4.16/httpcore-4.4.16.pom
2025-08-07 11:42:24,168 [Worker-28: Update Maven projects configuration] INFO  o.e.m.c.i.e.AbstractTransferListenerAdapter - Downloading https://repo.maven.apache.org/maven2/org/apache/httpcomponents/httpcomponents-core/4.4.16/httpcomponents-core-4.4.16.pom
2025-08-07 11:42:24,176 [Worker-28: Update Maven projects configuration] INFO  o.e.m.c.i.e.AbstractTransferListenerAdapter - Downloaded https://repo.maven.apache.org/maven2/org/apache/httpcomponents/httpcomponents-core/4.4.16/httpcomponents-core-4.4.16.pom
2025-08-07 11:42:24,200 [Worker-28: Update Maven projects configuration] INFO  o.e.m.c.i.e.AbstractTransferListenerAdapter - Downloading https://repo.maven.apache.org/maven2/org/apache/httpcomponents/httpcomponents-parent/11/httpcomponents-parent-11.pom
2025-08-07 11:42:24,207 [Worker-28: Update Maven projects configuration] INFO  o.e.m.c.i.e.AbstractTransferListenerAdapter - Downloaded https://repo.maven.apache.org/maven2/org/apache/httpcomponents/httpcomponents-parent/11/httpcomponents-parent-11.pom
2025-08-07 11:42:24,241 [Worker-28: Update Maven projects configuration] INFO  o.e.m.c.i.e.AbstractTransferListenerAdapter - Downloading https://repo.maven.apache.org/maven2/commons-codec/commons-codec/1.18.0/commons-codec-1.18.0.pom
2025-08-07 11:42:24,248 [Worker-28: Update Maven projects configuration] INFO  o.e.m.c.i.e.AbstractTransferListenerAdapter - Downloaded https://repo.maven.apache.org/maven2/commons-codec/commons-codec/1.18.0/commons-codec-1.18.0.pom
2025-08-07 11:42:24,269 [Worker-28: Update Maven projects configuration] INFO  o.e.m.c.i.e.AbstractTransferListenerAdapter - Downloading https://repo.maven.apache.org/maven2/org/apache/commons/commons-parent/79/commons-parent-79.pom
2025-08-07 11:42:24,287 [Worker-28: Update Maven projects configuration] INFO  o.e.m.c.i.e.AbstractTransferListenerAdapter - Downloaded https://repo.maven.apache.org/maven2/org/apache/commons/commons-parent/79/commons-parent-79.pom
2025-08-07 11:42:24,314 [Worker-28: Update Maven projects configuration] INFO  o.e.m.c.i.e.AbstractTransferListenerAdapter - Downloading https://repo.maven.apache.org/maven2/commons-configuration/commons-configuration/1.10/commons-configuration-1.10.pom
2025-08-07 11:42:24,320 [Worker-28: Update Maven projects configuration] INFO  o.e.m.c.i.e.AbstractTransferListenerAdapter - Downloaded https://repo.maven.apache.org/maven2/commons-configuration/commons-configuration/1.10/commons-configuration-1.10.pom
2025-08-07 11:42:24,343 [Worker-28: Update Maven projects configuration] INFO  o.e.m.c.i.e.AbstractTransferListenerAdapter - Downloading https://repo.maven.apache.org/maven2/org/apache/commons/commons-parent/32/commons-parent-32.pom
2025-08-07 11:42:24,349 [Worker-28: Update Maven projects configuration] INFO  o.e.m.c.i.e.AbstractTransferListenerAdapter - Downloaded https://repo.maven.apache.org/maven2/org/apache/commons/commons-parent/32/commons-parent-32.pom
2025-08-07 11:42:24,374 [Worker-28: Update Maven projects configuration] INFO  o.e.m.c.i.e.AbstractTransferListenerAdapter - Downloading https://repo.maven.apache.org/maven2/commons-lang/commons-lang/2.6/commons-lang-2.6.pom
2025-08-07 11:42:24,379 [Worker-28: Update Maven projects configuration] INFO  o.e.m.c.i.e.AbstractTransferListenerAdapter - Downloaded https://repo.maven.apache.org/maven2/commons-lang/commons-lang/2.6/commons-lang-2.6.pom
2025-08-07 11:42:24,400 [Worker-28: Update Maven projects configuration] INFO  o.e.m.c.i.e.AbstractTransferListenerAdapter - Downloading https://repo.maven.apache.org/maven2/org/apache/commons/commons-parent/17/commons-parent-17.pom
2025-08-07 11:42:24,407 [Worker-28: Update Maven projects configuration] INFO  o.e.m.c.i.e.AbstractTransferListenerAdapter - Downloaded https://repo.maven.apache.org/maven2/org/apache/commons/commons-parent/17/commons-parent-17.pom
2025-08-07 11:42:24,440 [Worker-28: Update Maven projects configuration] INFO  o.e.m.c.i.e.AbstractTransferListenerAdapter - Downloading https://repo.maven.apache.org/maven2/com/netflix/netflix-commons/netflix-eventbus/0.3.0/netflix-eventbus-0.3.0.pom
2025-08-07 11:42:24,446 [Worker-28: Update Maven projects configuration] INFO  o.e.m.c.i.e.AbstractTransferListenerAdapter - Downloaded https://repo.maven.apache.org/maven2/com/netflix/netflix-commons/netflix-eventbus/0.3.0/netflix-eventbus-0.3.0.pom
2025-08-07 11:42:24,468 [Worker-28: Update Maven projects configuration] INFO  o.e.m.c.i.e.AbstractTransferListenerAdapter - Downloading https://repo.maven.apache.org/maven2/com/netflix/netflix-commons/netflix-infix/0.3.0/netflix-infix-0.3.0.pom
2025-08-07 11:42:24,476 [Worker-28: Update Maven projects configuration] INFO  o.e.m.c.i.e.AbstractTransferListenerAdapter - Downloaded https://repo.maven.apache.org/maven2/com/netflix/netflix-commons/netflix-infix/0.3.0/netflix-infix-0.3.0.pom
2025-08-07 11:42:24,498 [Worker-28: Update Maven projects configuration] INFO  o.e.m.c.i.e.AbstractTransferListenerAdapter - Downloading https://repo.maven.apache.org/maven2/commons-jxpath/commons-jxpath/1.3/commons-jxpath-1.3.pom
2025-08-07 11:42:24,505 [Worker-28: Update Maven projects configuration] INFO  o.e.m.c.i.e.AbstractTransferListenerAdapter - Downloaded https://repo.maven.apache.org/maven2/commons-jxpath/commons-jxpath/1.3/commons-jxpath-1.3.pom
2025-08-07 11:42:24,531 [Worker-28: Update Maven projects configuration] INFO  o.e.m.c.i.e.AbstractTransferListenerAdapter - Downloading https://repo.maven.apache.org/maven2/org/apache/commons/commons-parent/11/commons-parent-11.pom
2025-08-07 11:42:24,537 [Worker-28: Update Maven projects configuration] INFO  o.e.m.c.i.e.AbstractTransferListenerAdapter - Downloaded https://repo.maven.apache.org/maven2/org/apache/commons/commons-parent/11/commons-parent-11.pom
2025-08-07 11:42:24,560 [Worker-28: Update Maven projects configuration] INFO  o.e.m.c.i.e.AbstractTransferListenerAdapter - Downloading https://repo.maven.apache.org/maven2/org/apache/apache/4/apache-4.pom
2025-08-07 11:42:24,567 [Worker-28: Update Maven projects configuration] INFO  o.e.m.c.i.e.AbstractTransferListenerAdapter - Downloaded https://repo.maven.apache.org/maven2/org/apache/apache/4/apache-4.pom
2025-08-07 11:42:24,591 [Worker-28: Update Maven projects configuration] INFO  o.e.m.c.i.e.AbstractTransferListenerAdapter - Downloading https://repo.maven.apache.org/maven2/joda-time/joda-time/2.3/joda-time-2.3.pom
2025-08-07 11:42:24,599 [Worker-28: Update Maven projects configuration] INFO  o.e.m.c.i.e.AbstractTransferListenerAdapter - Downloaded https://repo.maven.apache.org/maven2/joda-time/joda-time/2.3/joda-time-2.3.pom
2025-08-07 11:42:24,620 [Worker-28: Update Maven projects configuration] INFO  o.e.m.c.i.e.AbstractTransferListenerAdapter - Downloading https://repo.maven.apache.org/maven2/org/antlr/antlr-runtime/3.4/antlr-runtime-3.4.pom
2025-08-07 11:42:24,626 [Worker-28: Update Maven projects configuration] INFO  o.e.m.c.i.e.AbstractTransferListenerAdapter - Downloaded https://repo.maven.apache.org/maven2/org/antlr/antlr-runtime/3.4/antlr-runtime-3.4.pom
2025-08-07 11:42:24,649 [Worker-28: Update Maven projects configuration] INFO  o.e.m.c.i.e.AbstractTransferListenerAdapter - Downloading https://repo.maven.apache.org/maven2/org/antlr/antlr-master/3.4/antlr-master-3.4.pom
2025-08-07 11:42:24,656 [Worker-28: Update Maven projects configuration] INFO  o.e.m.c.i.e.AbstractTransferListenerAdapter - Downloaded https://repo.maven.apache.org/maven2/org/antlr/antlr-master/3.4/antlr-master-3.4.pom
2025-08-07 11:42:24,677 [Worker-28: Update Maven projects configuration] INFO  o.e.m.c.i.e.AbstractTransferListenerAdapter - Downloading https://repo.maven.apache.org/maven2/org/antlr/stringtemplate/3.2.1/stringtemplate-3.2.1.pom
2025-08-07 11:42:24,684 [Worker-28: Update Maven projects configuration] INFO  o.e.m.c.i.e.AbstractTransferListenerAdapter - Downloaded https://repo.maven.apache.org/maven2/org/antlr/stringtemplate/3.2.1/stringtemplate-3.2.1.pom
2025-08-07 11:42:24,707 [Worker-28: Update Maven projects configuration] INFO  o.e.m.c.i.e.AbstractTransferListenerAdapter - Downloading https://repo.maven.apache.org/maven2/antlr/antlr/2.7.7/antlr-2.7.7.pom
2025-08-07 11:42:24,713 [Worker-28: Update Maven projects configuration] INFO  o.e.m.c.i.e.AbstractTransferListenerAdapter - Downloaded https://repo.maven.apache.org/maven2/antlr/antlr/2.7.7/antlr-2.7.7.pom
2025-08-07 11:42:24,733 [Worker-28: Update Maven projects configuration] INFO  o.e.m.c.i.e.AbstractTransferListenerAdapter - Downloading https://repo.maven.apache.org/maven2/com/google/guava/guava/14.0.1/guava-14.0.1.pom
2025-08-07 11:42:24,740 [Worker-28: Update Maven projects configuration] INFO  o.e.m.c.i.e.AbstractTransferListenerAdapter - Downloaded https://repo.maven.apache.org/maven2/com/google/guava/guava/14.0.1/guava-14.0.1.pom
2025-08-07 11:42:24,760 [Worker-28: Update Maven projects configuration] INFO  o.e.m.c.i.e.AbstractTransferListenerAdapter - Downloading https://repo.maven.apache.org/maven2/com/google/guava/guava-parent/14.0.1/guava-parent-14.0.1.pom
2025-08-07 11:42:24,767 [Worker-28: Update Maven projects configuration] INFO  o.e.m.c.i.e.AbstractTransferListenerAdapter - Downloaded https://repo.maven.apache.org/maven2/com/google/guava/guava-parent/14.0.1/guava-parent-14.0.1.pom
2025-08-07 11:42:24,791 [Worker-28: Update Maven projects configuration] INFO  o.e.m.c.i.e.AbstractTransferListenerAdapter - Downloading https://repo.maven.apache.org/maven2/com/google/code/gson/gson/2.13.1/gson-2.13.1.pom
2025-08-07 11:42:24,796 [Worker-28: Update Maven projects configuration] INFO  o.e.m.c.i.e.AbstractTransferListenerAdapter - Downloaded https://repo.maven.apache.org/maven2/com/google/code/gson/gson/2.13.1/gson-2.13.1.pom
2025-08-07 11:42:24,818 [Worker-28: Update Maven projects configuration] INFO  o.e.m.c.i.e.AbstractTransferListenerAdapter - Downloading https://repo.maven.apache.org/maven2/com/google/code/gson/gson-parent/2.13.1/gson-parent-2.13.1.pom
2025-08-07 11:42:24,825 [Worker-28: Update Maven projects configuration] INFO  o.e.m.c.i.e.AbstractTransferListenerAdapter - Downloaded https://repo.maven.apache.org/maven2/com/google/code/gson/gson-parent/2.13.1/gson-parent-2.13.1.pom
2025-08-07 11:42:24,850 [Worker-28: Update Maven projects configuration] INFO  o.e.m.c.i.e.AbstractTransferListenerAdapter - Downloading https://repo.maven.apache.org/maven2/com/google/errorprone/error_prone_annotations/2.38.0/error_prone_annotations-2.38.0.pom
2025-08-07 11:42:24,857 [Worker-28: Update Maven projects configuration] INFO  o.e.m.c.i.e.AbstractTransferListenerAdapter - Downloaded https://repo.maven.apache.org/maven2/com/google/errorprone/error_prone_annotations/2.38.0/error_prone_annotations-2.38.0.pom
2025-08-07 11:42:24,880 [Worker-28: Update Maven projects configuration] INFO  o.e.m.c.i.e.AbstractTransferListenerAdapter - Downloading https://repo.maven.apache.org/maven2/com/google/errorprone/error_prone_parent/2.38.0/error_prone_parent-2.38.0.pom
2025-08-07 11:42:24,886 [Worker-28: Update Maven projects configuration] INFO  o.e.m.c.i.e.AbstractTransferListenerAdapter - Downloaded https://repo.maven.apache.org/maven2/com/google/errorprone/error_prone_parent/2.38.0/error_prone_parent-2.38.0.pom
2025-08-07 11:42:24,909 [Worker-28: Update Maven projects configuration] INFO  o.e.m.c.i.e.AbstractTransferListenerAdapter - Downloading https://repo.maven.apache.org/maven2/com/netflix/servo/servo-core/0.5.3/servo-core-0.5.3.pom
2025-08-07 11:42:24,917 [Worker-28: Update Maven projects configuration] INFO  o.e.m.c.i.e.AbstractTransferListenerAdapter - Downloaded https://repo.maven.apache.org/maven2/com/netflix/servo/servo-core/0.5.3/servo-core-0.5.3.pom
2025-08-07 11:42:24,938 [Worker-28: Update Maven projects configuration] INFO  o.e.m.c.i.e.AbstractTransferListenerAdapter - Downloading https://repo.maven.apache.org/maven2/org/apache/commons/commons-math/2.2/commons-math-2.2.pom
2025-08-07 11:42:24,944 [Worker-28: Update Maven projects configuration] INFO  o.e.m.c.i.e.AbstractTransferListenerAdapter - Downloaded https://repo.maven.apache.org/maven2/org/apache/commons/commons-math/2.2/commons-math-2.2.pom
2025-08-07 11:42:24,962 [Worker-28: Update Maven projects configuration] INFO  o.e.m.c.i.e.AbstractTransferListenerAdapter - Downloading https://repo.maven.apache.org/maven2/org/apache/commons/commons-parent/18/commons-parent-18.pom
2025-08-07 11:42:24,969 [Worker-28: Update Maven projects configuration] INFO  o.e.m.c.i.e.AbstractTransferListenerAdapter - Downloaded https://repo.maven.apache.org/maven2/org/apache/commons/commons-parent/18/commons-parent-18.pom
2025-08-07 11:42:24,991 [Worker-28: Update Maven projects configuration] INFO  o.e.m.c.i.e.AbstractTransferListenerAdapter - Downloading https://repo.maven.apache.org/maven2/javax/annotation/javax.annotation-api/1.2/javax.annotation-api-1.2.pom
2025-08-07 11:42:24,998 [Worker-28: Update Maven projects configuration] INFO  o.e.m.c.i.e.AbstractTransferListenerAdapter - Downloaded https://repo.maven.apache.org/maven2/javax/annotation/javax.annotation-api/1.2/javax.annotation-api-1.2.pom
2025-08-07 11:42:25,024 [Worker-28: Update Maven projects configuration] INFO  o.e.m.c.i.e.AbstractTransferListenerAdapter - Downloading https://repo.maven.apache.org/maven2/org/codehaus/jettison/jettison/1.5.4/jettison-1.5.4.pom
2025-08-07 11:42:25,029 [Worker-28: Update Maven projects configuration] INFO  o.e.m.c.i.e.AbstractTransferListenerAdapter - Downloaded https://repo.maven.apache.org/maven2/org/codehaus/jettison/jettison/1.5.4/jettison-1.5.4.pom
2025-08-07 11:42:25,087 [Worker-28: Update Maven projects configuration] INFO  o.e.m.c.i.e.AbstractTransferListenerAdapter - Downloading https://repo.maven.apache.org/maven2/com/netflix/eureka/eureka-client-jersey3/2.0.4/eureka-client-jersey3-2.0.4.pom
2025-08-07 11:42:25,093 [Worker-28: Update Maven projects configuration] INFO  o.e.m.c.i.e.AbstractTransferListenerAdapter - Downloaded https://repo.maven.apache.org/maven2/com/netflix/eureka/eureka-client-jersey3/2.0.4/eureka-client-jersey3-2.0.4.pom
2025-08-07 11:42:25,115 [Worker-28: Update Maven projects configuration] INFO  o.e.m.c.i.e.AbstractTransferListenerAdapter - Downloading https://repo.maven.apache.org/maven2/org/glassfish/jersey/core/jersey-client/3.1.10/jersey-client-3.1.10.pom
2025-08-07 11:42:25,120 [Worker-28: Update Maven projects configuration] INFO  o.e.m.c.i.e.AbstractTransferListenerAdapter - Downloaded https://repo.maven.apache.org/maven2/org/glassfish/jersey/core/jersey-client/3.1.10/jersey-client-3.1.10.pom
2025-08-07 11:42:25,143 [Worker-28: Update Maven projects configuration] INFO  o.e.m.c.i.e.AbstractTransferListenerAdapter - Downloading https://repo.maven.apache.org/maven2/org/glassfish/jersey/project/3.1.10/project-3.1.10.pom
2025-08-07 11:42:25,151 [Worker-28: Update Maven projects configuration] INFO  o.e.m.c.i.e.AbstractTransferListenerAdapter - Downloaded https://repo.maven.apache.org/maven2/org/glassfish/jersey/project/3.1.10/project-3.1.10.pom
2025-08-07 11:42:25,175 [Worker-28: Update Maven projects configuration] INFO  o.e.m.c.i.e.AbstractTransferListenerAdapter - Downloading https://repo.maven.apache.org/maven2/org/glassfish/jersey/core/jersey-common/3.1.10/jersey-common-3.1.10.pom
2025-08-07 11:42:25,184 [Worker-28: Update Maven projects configuration] INFO  o.e.m.c.i.e.AbstractTransferListenerAdapter - Downloaded https://repo.maven.apache.org/maven2/org/glassfish/jersey/core/jersey-common/3.1.10/jersey-common-3.1.10.pom
2025-08-07 11:42:25,209 [Worker-28: Update Maven projects configuration] INFO  o.e.m.c.i.e.AbstractTransferListenerAdapter - Downloading https://repo.maven.apache.org/maven2/org/glassfish/hk2/osgi-resource-locator/1.0.3/osgi-resource-locator-1.0.3.pom
2025-08-07 11:42:25,216 [Worker-28: Update Maven projects configuration] INFO  o.e.m.c.i.e.AbstractTransferListenerAdapter - Downloaded https://repo.maven.apache.org/maven2/org/glassfish/hk2/osgi-resource-locator/1.0.3/osgi-resource-locator-1.0.3.pom
2025-08-07 11:42:25,236 [Worker-28: Update Maven projects configuration] INFO  o.e.m.c.i.e.AbstractTransferListenerAdapter - Downloading https://repo.maven.apache.org/maven2/org/eclipse/ee4j/project/1.0.5/project-1.0.5.pom
2025-08-07 11:42:25,242 [Worker-28: Update Maven projects configuration] INFO  o.e.m.c.i.e.AbstractTransferListenerAdapter - Downloaded https://repo.maven.apache.org/maven2/org/eclipse/ee4j/project/1.0.5/project-1.0.5.pom
2025-08-07 11:42:25,262 [Worker-28: Update Maven projects configuration] INFO  o.e.m.c.i.e.AbstractTransferListenerAdapter - Downloading https://repo.maven.apache.org/maven2/org/glassfish/jersey/inject/jersey-hk2/3.1.10/jersey-hk2-3.1.10.pom
2025-08-07 11:42:25,267 [Worker-28: Update Maven projects configuration] INFO  o.e.m.c.i.e.AbstractTransferListenerAdapter - Downloaded https://repo.maven.apache.org/maven2/org/glassfish/jersey/inject/jersey-hk2/3.1.10/jersey-hk2-3.1.10.pom
2025-08-07 11:42:25,288 [Worker-28: Update Maven projects configuration] INFO  o.e.m.c.i.e.AbstractTransferListenerAdapter - Downloading https://repo.maven.apache.org/maven2/org/glassfish/jersey/inject/project/3.1.10/project-3.1.10.pom
2025-08-07 11:42:25,293 [Worker-28: Update Maven projects configuration] INFO  o.e.m.c.i.e.AbstractTransferListenerAdapter - Downloaded https://repo.maven.apache.org/maven2/org/glassfish/jersey/inject/project/3.1.10/project-3.1.10.pom
2025-08-07 11:42:25,314 [Worker-28: Update Maven projects configuration] INFO  o.e.m.c.i.e.AbstractTransferListenerAdapter - Downloading https://repo.maven.apache.org/maven2/org/glassfish/hk2/hk2-locator/3.0.6/hk2-locator-3.0.6.pom
2025-08-07 11:42:25,320 [Worker-28: Update Maven projects configuration] INFO  o.e.m.c.i.e.AbstractTransferListenerAdapter - Downloaded https://repo.maven.apache.org/maven2/org/glassfish/hk2/hk2-locator/3.0.6/hk2-locator-3.0.6.pom
2025-08-07 11:42:25,340 [Worker-28: Update Maven projects configuration] INFO  o.e.m.c.i.e.AbstractTransferListenerAdapter - Downloading https://repo.maven.apache.org/maven2/org/glassfish/hk2/hk2-parent/3.0.6/hk2-parent-3.0.6.pom
2025-08-07 11:42:25,346 [Worker-28: Update Maven projects configuration] INFO  o.e.m.c.i.e.AbstractTransferListenerAdapter - Downloaded https://repo.maven.apache.org/maven2/org/glassfish/hk2/hk2-parent/3.0.6/hk2-parent-3.0.6.pom
2025-08-07 11:42:25,369 [Worker-28: Update Maven projects configuration] INFO  o.e.m.c.i.e.AbstractTransferListenerAdapter - Downloading https://repo.maven.apache.org/maven2/org/glassfish/hk2/external/aopalliance-repackaged/3.0.6/aopalliance-repackaged-3.0.6.pom
2025-08-07 11:42:25,375 [Worker-28: Update Maven projects configuration] INFO  o.e.m.c.i.e.AbstractTransferListenerAdapter - Downloaded https://repo.maven.apache.org/maven2/org/glassfish/hk2/external/aopalliance-repackaged/3.0.6/aopalliance-repackaged-3.0.6.pom
2025-08-07 11:42:25,396 [Worker-28: Update Maven projects configuration] INFO  o.e.m.c.i.e.AbstractTransferListenerAdapter - Downloading https://repo.maven.apache.org/maven2/org/glassfish/hk2/external/3.0.6/external-3.0.6.pom
2025-08-07 11:42:25,400 [Worker-28: Update Maven projects configuration] INFO  o.e.m.c.i.e.AbstractTransferListenerAdapter - Downloaded https://repo.maven.apache.org/maven2/org/glassfish/hk2/external/3.0.6/external-3.0.6.pom
2025-08-07 11:42:25,421 [Worker-28: Update Maven projects configuration] INFO  o.e.m.c.i.e.AbstractTransferListenerAdapter - Downloading https://repo.maven.apache.org/maven2/org/glassfish/hk2/hk2-api/3.0.6/hk2-api-3.0.6.pom
2025-08-07 11:42:25,426 [Worker-28: Update Maven projects configuration] INFO  o.e.m.c.i.e.AbstractTransferListenerAdapter - Downloaded https://repo.maven.apache.org/maven2/org/glassfish/hk2/hk2-api/3.0.6/hk2-api-3.0.6.pom
2025-08-07 11:42:25,448 [Worker-28: Update Maven projects configuration] INFO  o.e.m.c.i.e.AbstractTransferListenerAdapter - Downloading https://repo.maven.apache.org/maven2/org/glassfish/hk2/hk2-utils/3.0.6/hk2-utils-3.0.6.pom
2025-08-07 11:42:25,452 [Worker-28: Update Maven projects configuration] INFO  o.e.m.c.i.e.AbstractTransferListenerAdapter - Downloaded https://repo.maven.apache.org/maven2/org/glassfish/hk2/hk2-utils/3.0.6/hk2-utils-3.0.6.pom
2025-08-07 11:42:25,474 [Worker-28: Update Maven projects configuration] INFO  o.e.m.c.i.e.AbstractTransferListenerAdapter - Downloading https://repo.maven.apache.org/maven2/org/javassist/javassist/3.30.2-GA/javassist-3.30.2-GA.pom
2025-08-07 11:42:25,479 [Worker-28: Update Maven projects configuration] INFO  o.e.m.c.i.e.AbstractTransferListenerAdapter - Downloaded https://repo.maven.apache.org/maven2/org/javassist/javassist/3.30.2-GA/javassist-3.30.2-GA.pom
2025-08-07 11:42:25,499 [Worker-28: Update Maven projects configuration] INFO  o.e.m.c.i.e.AbstractTransferListenerAdapter - Downloading https://repo.maven.apache.org/maven2/org/glassfish/jersey/connectors/jersey-apache-connector/3.1.10/jersey-apache-connector-3.1.10.pom
2025-08-07 11:42:25,506 [Worker-28: Update Maven projects configuration] INFO  o.e.m.c.i.e.AbstractTransferListenerAdapter - Downloaded https://repo.maven.apache.org/maven2/org/glassfish/jersey/connectors/jersey-apache-connector/3.1.10/jersey-apache-connector-3.1.10.pom
2025-08-07 11:42:25,529 [Worker-28: Update Maven projects configuration] INFO  o.e.m.c.i.e.AbstractTransferListenerAdapter - Downloading https://repo.maven.apache.org/maven2/org/glassfish/jersey/connectors/project/3.1.10/project-3.1.10.pom
2025-08-07 11:42:25,535 [Worker-28: Update Maven projects configuration] INFO  o.e.m.c.i.e.AbstractTransferListenerAdapter - Downloaded https://repo.maven.apache.org/maven2/org/glassfish/jersey/connectors/project/3.1.10/project-3.1.10.pom
2025-08-07 11:42:25,557 [Worker-28: Update Maven projects configuration] INFO  o.e.m.c.i.e.AbstractTransferListenerAdapter - Downloading https://repo.maven.apache.org/maven2/org/apache/httpcomponents/httpclient/4.5.14/httpclient-4.5.14.pom
2025-08-07 11:42:25,563 [Worker-28: Update Maven projects configuration] INFO  o.e.m.c.i.e.AbstractTransferListenerAdapter - Downloaded https://repo.maven.apache.org/maven2/org/apache/httpcomponents/httpclient/4.5.14/httpclient-4.5.14.pom
2025-08-07 11:42:25,582 [Worker-28: Update Maven projects configuration] INFO  o.e.m.c.i.e.AbstractTransferListenerAdapter - Downloading https://repo.maven.apache.org/maven2/org/apache/httpcomponents/httpcomponents-client/4.5.14/httpcomponents-client-4.5.14.pom
2025-08-07 11:42:25,588 [Worker-28: Update Maven projects configuration] INFO  o.e.m.c.i.e.AbstractTransferListenerAdapter - Downloaded https://repo.maven.apache.org/maven2/org/apache/httpcomponents/httpcomponents-client/4.5.14/httpcomponents-client-4.5.14.pom
2025-08-07 11:42:25,632 [Worker-28: Update Maven projects configuration] INFO  o.e.m.c.i.e.AbstractTransferListenerAdapter - Downloading https://repo.maven.apache.org/maven2/com/netflix/eureka/eureka-core-jersey3/2.0.4/eureka-core-jersey3-2.0.4.pom
2025-08-07 11:42:25,650 [Worker-28: Update Maven projects configuration] INFO  o.e.m.c.i.e.AbstractTransferListenerAdapter - Downloaded https://repo.maven.apache.org/maven2/com/netflix/eureka/eureka-core-jersey3/2.0.4/eureka-core-jersey3-2.0.4.pom
2025-08-07 11:42:25,674 [Worker-28: Update Maven projects configuration] INFO  o.e.m.c.i.e.AbstractTransferListenerAdapter - Downloading https://repo.maven.apache.org/maven2/com/netflix/eureka/eureka-core/2.0.4/eureka-core-2.0.4.pom
2025-08-07 11:42:25,678 [Worker-28: Update Maven projects configuration] INFO  o.e.m.c.i.e.AbstractTransferListenerAdapter - Downloaded https://repo.maven.apache.org/maven2/com/netflix/eureka/eureka-core/2.0.4/eureka-core-2.0.4.pom
2025-08-07 11:42:25,703 [Worker-28: Update Maven projects configuration] INFO  o.e.m.c.i.e.AbstractTransferListenerAdapter - Downloading https://repo.maven.apache.org/maven2/com/fasterxml/woodstox/woodstox-core/6.4.0/woodstox-core-6.4.0.pom
2025-08-07 11:42:25,708 [Worker-28: Update Maven projects configuration] INFO  o.e.m.c.i.e.AbstractTransferListenerAdapter - Downloaded https://repo.maven.apache.org/maven2/com/fasterxml/woodstox/woodstox-core/6.4.0/woodstox-core-6.4.0.pom
2025-08-07 11:42:25,726 [Worker-28: Update Maven projects configuration] INFO  o.e.m.c.i.e.AbstractTransferListenerAdapter - Downloading https://repo.maven.apache.org/maven2/com/fasterxml/oss-parent/45/oss-parent-45.pom
2025-08-07 11:42:25,732 [Worker-28: Update Maven projects configuration] INFO  o.e.m.c.i.e.AbstractTransferListenerAdapter - Downloaded https://repo.maven.apache.org/maven2/com/fasterxml/oss-parent/45/oss-parent-45.pom
2025-08-07 11:42:25,752 [Worker-28: Update Maven projects configuration] INFO  o.e.m.c.i.e.AbstractTransferListenerAdapter - Downloading https://repo.maven.apache.org/maven2/org/codehaus/woodstox/stax2-api/4.2.1/stax2-api-4.2.1.pom
2025-08-07 11:42:25,757 [Worker-28: Update Maven projects configuration] INFO  o.e.m.c.i.e.AbstractTransferListenerAdapter - Downloaded https://repo.maven.apache.org/maven2/org/codehaus/woodstox/stax2-api/4.2.1/stax2-api-4.2.1.pom
2025-08-07 11:42:25,779 [Worker-28: Update Maven projects configuration] INFO  o.e.m.c.i.e.AbstractTransferListenerAdapter - Downloading https://repo.maven.apache.org/maven2/com/fasterxml/oss-parent/38/oss-parent-38.pom
2025-08-07 11:42:25,785 [Worker-28: Update Maven projects configuration] INFO  o.e.m.c.i.e.AbstractTransferListenerAdapter - Downloaded https://repo.maven.apache.org/maven2/com/fasterxml/oss-parent/38/oss-parent-38.pom
2025-08-07 11:42:25,812 [Worker-28: Update Maven projects configuration] INFO  o.e.m.c.i.e.AbstractTransferListenerAdapter - Downloading https://repo.maven.apache.org/maven2/com/google/guava/guava/33.0.0-jre/guava-33.0.0-jre.pom
2025-08-07 11:42:25,818 [Worker-28: Update Maven projects configuration] INFO  o.e.m.c.i.e.AbstractTransferListenerAdapter - Downloaded https://repo.maven.apache.org/maven2/com/google/guava/guava/33.0.0-jre/guava-33.0.0-jre.pom
2025-08-07 11:42:25,838 [Worker-28: Update Maven projects configuration] INFO  o.e.m.c.i.e.AbstractTransferListenerAdapter - Downloading https://repo.maven.apache.org/maven2/com/google/guava/guava-parent/33.0.0-jre/guava-parent-33.0.0-jre.pom
2025-08-07 11:42:25,843 [Worker-28: Update Maven projects configuration] INFO  o.e.m.c.i.e.AbstractTransferListenerAdapter - Downloaded https://repo.maven.apache.org/maven2/com/google/guava/guava-parent/33.0.0-jre/guava-parent-33.0.0-jre.pom
2025-08-07 11:42:25,863 [Worker-28: Update Maven projects configuration] INFO  o.e.m.c.i.e.AbstractTransferListenerAdapter - Downloading https://repo.maven.apache.org/maven2/com/google/guava/failureaccess/1.0.2/failureaccess-1.0.2.pom
2025-08-07 11:42:25,868 [Worker-28: Update Maven projects configuration] INFO  o.e.m.c.i.e.AbstractTransferListenerAdapter - Downloaded https://repo.maven.apache.org/maven2/com/google/guava/failureaccess/1.0.2/failureaccess-1.0.2.pom
2025-08-07 11:42:25,893 [Worker-28: Update Maven projects configuration] INFO  o.e.m.c.i.e.AbstractTransferListenerAdapter - Downloading https://repo.maven.apache.org/maven2/com/google/guava/guava-parent/26.0-android/guava-parent-26.0-android.pom
2025-08-07 11:42:25,899 [Worker-28: Update Maven projects configuration] INFO  o.e.m.c.i.e.AbstractTransferListenerAdapter - Downloaded https://repo.maven.apache.org/maven2/com/google/guava/guava-parent/26.0-android/guava-parent-26.0-android.pom
2025-08-07 11:42:25,922 [Worker-28: Update Maven projects configuration] INFO  o.e.m.c.i.e.AbstractTransferListenerAdapter - Downloading https://repo.maven.apache.org/maven2/com/google/guava/listenablefuture/9999.0-empty-to-avoid-conflict-with-guava/listenablefuture-9999.0-empty-to-avoid-conflict-with-guava.pom
2025-08-07 11:42:25,928 [Worker-28: Update Maven projects configuration] INFO  o.e.m.c.i.e.AbstractTransferListenerAdapter - Downloaded https://repo.maven.apache.org/maven2/com/google/guava/listenablefuture/9999.0-empty-to-avoid-conflict-with-guava/listenablefuture-9999.0-empty-to-avoid-conflict-with-guava.pom
2025-08-07 11:42:25,952 [Worker-28: Update Maven projects configuration] INFO  o.e.m.c.i.e.AbstractTransferListenerAdapter - Downloading https://repo.maven.apache.org/maven2/org/checkerframework/checker-qual/3.41.0/checker-qual-3.41.0.pom
2025-08-07 11:42:25,957 [Worker-28: Update Maven projects configuration] INFO  o.e.m.c.i.e.AbstractTransferListenerAdapter - Downloaded https://repo.maven.apache.org/maven2/org/checkerframework/checker-qual/3.41.0/checker-qual-3.41.0.pom
2025-08-07 11:42:25,976 [Worker-28: Update Maven projects configuration] INFO  o.e.m.c.i.e.AbstractTransferListenerAdapter - Downloading https://repo.maven.apache.org/maven2/com/google/errorprone/error_prone_annotations/2.23.0/error_prone_annotations-2.23.0.pom
2025-08-07 11:42:25,983 [Worker-28: Update Maven projects configuration] INFO  o.e.m.c.i.e.AbstractTransferListenerAdapter - Downloaded https://repo.maven.apache.org/maven2/com/google/errorprone/error_prone_annotations/2.23.0/error_prone_annotations-2.23.0.pom
2025-08-07 11:42:26,003 [Worker-28: Update Maven projects configuration] INFO  o.e.m.c.i.e.AbstractTransferListenerAdapter - Downloading https://repo.maven.apache.org/maven2/com/google/errorprone/error_prone_parent/2.23.0/error_prone_parent-2.23.0.pom
2025-08-07 11:42:26,010 [Worker-28: Update Maven projects configuration] INFO  o.e.m.c.i.e.AbstractTransferListenerAdapter - Downloaded https://repo.maven.apache.org/maven2/com/google/errorprone/error_prone_parent/2.23.0/error_prone_parent-2.23.0.pom
2025-08-07 11:42:26,034 [Worker-28: Update Maven projects configuration] INFO  o.e.m.c.i.e.AbstractTransferListenerAdapter - Downloading https://repo.maven.apache.org/maven2/com/google/j2objc/j2objc-annotations/2.8/j2objc-annotations-2.8.pom
2025-08-07 11:42:26,041 [Worker-28: Update Maven projects configuration] INFO  o.e.m.c.i.e.AbstractTransferListenerAdapter - Downloaded https://repo.maven.apache.org/maven2/com/google/j2objc/j2objc-annotations/2.8/j2objc-annotations-2.8.pom
2025-08-07 11:42:26,063 [Worker-28: Update Maven projects configuration] INFO  o.e.m.c.i.e.AbstractTransferListenerAdapter - Downloading https://repo.maven.apache.org/maven2/commons-logging/commons-logging/1.3.4/commons-logging-1.3.4.pom
2025-08-07 11:42:26,069 [Worker-28: Update Maven projects configuration] INFO  o.e.m.c.i.e.AbstractTransferListenerAdapter - Downloaded https://repo.maven.apache.org/maven2/commons-logging/commons-logging/1.3.4/commons-logging-1.3.4.pom
2025-08-07 11:42:26,102 [Worker-28: Update Maven projects configuration] INFO  o.e.m.c.i.e.AbstractTransferListenerAdapter - Downloading https://repo.maven.apache.org/maven2/org/glassfish/jersey/containers/jersey-container-servlet/3.1.10/jersey-container-servlet-3.1.10.pom
2025-08-07 11:42:26,109 [Worker-28: Update Maven projects configuration] INFO  o.e.m.c.i.e.AbstractTransferListenerAdapter - Downloaded https://repo.maven.apache.org/maven2/org/glassfish/jersey/containers/jersey-container-servlet/3.1.10/jersey-container-servlet-3.1.10.pom
2025-08-07 11:42:26,132 [Worker-28: Update Maven projects configuration] INFO  o.e.m.c.i.e.AbstractTransferListenerAdapter - Downloading https://repo.maven.apache.org/maven2/org/glassfish/jersey/containers/project/3.1.10/project-3.1.10.pom
2025-08-07 11:42:26,137 [Worker-28: Update Maven projects configuration] INFO  o.e.m.c.i.e.AbstractTransferListenerAdapter - Downloaded https://repo.maven.apache.org/maven2/org/glassfish/jersey/containers/project/3.1.10/project-3.1.10.pom
2025-08-07 11:42:26,162 [Worker-28: Update Maven projects configuration] INFO  o.e.m.c.i.e.AbstractTransferListenerAdapter - Downloading https://repo.maven.apache.org/maven2/org/glassfish/jersey/containers/jersey-container-servlet-core/3.1.10/jersey-container-servlet-core-3.1.10.pom
2025-08-07 11:42:26,168 [Worker-28: Update Maven projects configuration] INFO  o.e.m.c.i.e.AbstractTransferListenerAdapter - Downloaded https://repo.maven.apache.org/maven2/org/glassfish/jersey/containers/jersey-container-servlet-core/3.1.10/jersey-container-servlet-core-3.1.10.pom
2025-08-07 11:42:26,192 [Worker-28: Update Maven projects configuration] INFO  o.e.m.c.i.e.AbstractTransferListenerAdapter - Downloading https://repo.maven.apache.org/maven2/org/glassfish/jersey/core/jersey-server/3.1.10/jersey-server-3.1.10.pom
2025-08-07 11:42:26,197 [Worker-28: Update Maven projects configuration] INFO  o.e.m.c.i.e.AbstractTransferListenerAdapter - Downloaded https://repo.maven.apache.org/maven2/org/glassfish/jersey/core/jersey-server/3.1.10/jersey-server-3.1.10.pom
2025-08-07 11:42:26,231 [Worker-28: Update Maven projects configuration] INFO  o.e.m.c.i.e.AbstractTransferListenerAdapter - Downloading https://repo.maven.apache.org/maven2/org/glassfish/hk2/spring-bridge/3.1.1/spring-bridge-3.1.1.pom
2025-08-07 11:42:26,238 [Worker-28: Update Maven projects configuration] INFO  o.e.m.c.i.e.AbstractTransferListenerAdapter - Downloaded https://repo.maven.apache.org/maven2/org/glassfish/hk2/spring-bridge/3.1.1/spring-bridge-3.1.1.pom
2025-08-07 11:42:26,260 [Worker-28: Update Maven projects configuration] INFO  o.e.m.c.i.e.AbstractTransferListenerAdapter - Downloading https://repo.maven.apache.org/maven2/org/glassfish/hk2/hk2-parent/3.1.1/hk2-parent-3.1.1.pom
2025-08-07 11:42:26,267 [Worker-28: Update Maven projects configuration] INFO  o.e.m.c.i.e.AbstractTransferListenerAdapter - Downloaded https://repo.maven.apache.org/maven2/org/glassfish/hk2/hk2-parent/3.1.1/hk2-parent-3.1.1.pom
2025-08-07 11:42:26,292 [Worker-28: Update Maven projects configuration] INFO  o.e.m.c.i.e.AbstractTransferListenerAdapter - Downloading https://repo.maven.apache.org/maven2/org/glassfish/hk2/hk2-api/3.1.1/hk2-api-3.1.1.pom
2025-08-07 11:42:26,298 [Worker-28: Update Maven projects configuration] INFO  o.e.m.c.i.e.AbstractTransferListenerAdapter - Downloaded https://repo.maven.apache.org/maven2/org/glassfish/hk2/hk2-api/3.1.1/hk2-api-3.1.1.pom
2025-08-07 11:42:26,319 [Worker-28: Update Maven projects configuration] INFO  o.e.m.c.i.e.AbstractTransferListenerAdapter - Downloading https://repo.maven.apache.org/maven2/com/fasterxml/jackson/dataformat/jackson-dataformat-xml/2.19.2/jackson-dataformat-xml-2.19.2.pom
2025-08-07 11:42:26,326 [Worker-28: Update Maven projects configuration] INFO  o.e.m.c.i.e.AbstractTransferListenerAdapter - Downloaded https://repo.maven.apache.org/maven2/com/fasterxml/jackson/dataformat/jackson-dataformat-xml/2.19.2/jackson-dataformat-xml-2.19.2.pom
2025-08-07 11:42:26,347 [Worker-28: Update Maven projects configuration] INFO  o.e.m.c.i.e.AbstractTransferListenerAdapter - Downloading https://repo.maven.apache.org/maven2/org/codehaus/woodstox/stax2-api/4.2.2/stax2-api-4.2.2.pom
2025-08-07 11:42:26,355 [Worker-28: Update Maven projects configuration] INFO  o.e.m.c.i.e.AbstractTransferListenerAdapter - Downloaded https://repo.maven.apache.org/maven2/org/codehaus/woodstox/stax2-api/4.2.2/stax2-api-4.2.2.pom
2025-08-07 11:42:26,382 [Worker-28: Update Maven projects configuration] INFO  o.e.m.c.i.e.AbstractTransferListenerAdapter - Downloading https://repo.maven.apache.org/maven2/com/fasterxml/woodstox/woodstox-core/7.1.1/woodstox-core-7.1.1.pom
2025-08-07 11:42:26,389 [Worker-28: Update Maven projects configuration] INFO  o.e.m.c.i.e.AbstractTransferListenerAdapter - Downloaded https://repo.maven.apache.org/maven2/com/fasterxml/woodstox/woodstox-core/7.1.1/woodstox-core-7.1.1.pom
2025-08-07 11:42:26,418 [Worker-28: Update Maven projects configuration] INFO  o.e.m.c.i.e.AbstractTransferListenerAdapter - Downloading https://repo.maven.apache.org/maven2/com/fasterxml/oss-parent/68/oss-parent-68.pom
2025-08-07 11:42:26,424 [Worker-28: Update Maven projects configuration] INFO  o.e.m.c.i.e.AbstractTransferListenerAdapter - Downloaded https://repo.maven.apache.org/maven2/com/fasterxml/oss-parent/68/oss-parent-68.pom
2025-08-07 11:42:26,452 [Worker-28: Update Maven projects configuration] INFO  o.e.m.c.i.e.AbstractTransferListenerAdapter - Downloading https://repo.maven.apache.org/maven2/org/springframework/cloud/spring-cloud-starter-loadbalancer/4.3.0/spring-cloud-starter-loadbalancer-4.3.0.pom
2025-08-07 11:42:26,458 [Worker-28: Update Maven projects configuration] INFO  o.e.m.c.i.e.AbstractTransferListenerAdapter - Downloaded https://repo.maven.apache.org/maven2/org/springframework/cloud/spring-cloud-starter-loadbalancer/4.3.0/spring-cloud-starter-loadbalancer-4.3.0.pom
2025-08-07 11:42:26,485 [Worker-28: Update Maven projects configuration] INFO  o.e.m.c.i.e.AbstractTransferListenerAdapter - Downloading https://repo.maven.apache.org/maven2/org/springframework/cloud/spring-cloud-loadbalancer/4.3.0/spring-cloud-loadbalancer-4.3.0.pom
2025-08-07 11:42:26,491 [Worker-28: Update Maven projects configuration] INFO  o.e.m.c.i.e.AbstractTransferListenerAdapter - Downloaded https://repo.maven.apache.org/maven2/org/springframework/cloud/spring-cloud-loadbalancer/4.3.0/spring-cloud-loadbalancer-4.3.0.pom
2025-08-07 11:42:26,529 [Worker-28: Update Maven projects configuration] INFO  o.e.m.c.i.e.AbstractTransferListenerAdapter - Downloading https://repo.maven.apache.org/maven2/io/projectreactor/reactor-core/3.7.8/reactor-core-3.7.8.pom
2025-08-07 11:42:26,537 [Worker-28: Update Maven projects configuration] INFO  o.e.m.c.i.e.AbstractTransferListenerAdapter - Downloaded https://repo.maven.apache.org/maven2/io/projectreactor/reactor-core/3.7.8/reactor-core-3.7.8.pom
2025-08-07 11:42:26,563 [Worker-28: Update Maven projects configuration] INFO  o.e.m.c.i.e.AbstractTransferListenerAdapter - Downloading https://repo.maven.apache.org/maven2/org/reactivestreams/reactive-streams/1.0.4/reactive-streams-1.0.4.pom
2025-08-07 11:42:26,568 [Worker-28: Update Maven projects configuration] INFO  o.e.m.c.i.e.AbstractTransferListenerAdapter - Downloaded https://repo.maven.apache.org/maven2/org/reactivestreams/reactive-streams/1.0.4/reactive-streams-1.0.4.pom
2025-08-07 11:42:26,592 [Worker-28: Update Maven projects configuration] INFO  o.e.m.c.i.e.AbstractTransferListenerAdapter - Downloading https://repo.maven.apache.org/maven2/io/projectreactor/addons/reactor-extra/3.5.2/reactor-extra-3.5.2.pom
2025-08-07 11:42:26,597 [Worker-28: Update Maven projects configuration] INFO  o.e.m.c.i.e.AbstractTransferListenerAdapter - Downloaded https://repo.maven.apache.org/maven2/io/projectreactor/addons/reactor-extra/3.5.2/reactor-extra-3.5.2.pom
2025-08-07 11:42:26,620 [Worker-28: Update Maven projects configuration] INFO  o.e.m.c.i.e.AbstractTransferListenerAdapter - Downloading https://repo.maven.apache.org/maven2/org/springframework/boot/spring-boot-starter-cache/3.5.4/spring-boot-starter-cache-3.5.4.pom
2025-08-07 11:42:26,625 [Worker-28: Update Maven projects configuration] INFO  o.e.m.c.i.e.AbstractTransferListenerAdapter - Downloaded https://repo.maven.apache.org/maven2/org/springframework/boot/spring-boot-starter-cache/3.5.4/spring-boot-starter-cache-3.5.4.pom
2025-08-07 11:42:26,645 [Worker-28: Update Maven projects configuration] INFO  o.e.m.c.i.e.AbstractTransferListenerAdapter - Downloading https://repo.maven.apache.org/maven2/com/stoyanr/evictor/1.0.0/evictor-1.0.0.pom
2025-08-07 11:42:26,651 [Worker-28: Update Maven projects configuration] INFO  o.e.m.c.i.e.AbstractTransferListenerAdapter - Downloaded https://repo.maven.apache.org/maven2/com/stoyanr/evictor/1.0.0/evictor-1.0.0.pom
2025-08-07 11:42:27,094 [Worker-28: Update Maven projects configuration] INFO  o.e.m.c.i.e.AbstractTransferListenerAdapter - Downloading https://repo.maven.apache.org/maven2/org/springframework/cloud/spring-cloud-starter-netflix-eureka-server/4.3.0/spring-cloud-starter-netflix-eureka-server-4.3.0.jar
2025-08-07 11:42:27,101 [Worker-28: Update Maven projects configuration] INFO  o.e.m.c.i.e.AbstractTransferListenerAdapter - Downloaded https://repo.maven.apache.org/maven2/org/springframework/cloud/spring-cloud-starter-netflix-eureka-server/4.3.0/spring-cloud-starter-netflix-eureka-server-4.3.0.jar
2025-08-07 11:42:27,123 [BasicRepositoryConnector-repo.maven.apache.org-0-0] INFO  o.e.m.c.i.e.AbstractTransferListenerAdapter - Downloading https://repo.maven.apache.org/maven2/org/springframework/cloud/spring-cloud-starter/4.3.0/spring-cloud-starter-4.3.0.jar
2025-08-07 11:42:27,129 [BasicRepositoryConnector-repo.maven.apache.org-0-0] INFO  o.e.m.c.i.e.AbstractTransferListenerAdapter - Downloaded https://repo.maven.apache.org/maven2/org/springframework/cloud/spring-cloud-starter/4.3.0/spring-cloud-starter-4.3.0.jar
2025-08-07 11:42:27,145 [BasicRepositoryConnector-repo.maven.apache.org-0-0] INFO  o.e.m.c.i.e.AbstractTransferListenerAdapter - Downloading https://repo.maven.apache.org/maven2/org/springframework/cloud/spring-cloud-netflix-eureka-server/4.3.0/spring-cloud-netflix-eureka-server-4.3.0.jar
2025-08-07 11:42:27,196 [BasicRepositoryConnector-repo.maven.apache.org-0-3] INFO  o.e.m.c.i.e.AbstractTransferListenerAdapter - Downloading https://repo.maven.apache.org/maven2/org/springframework/cloud/spring-cloud-commons/4.3.0/spring-cloud-commons-4.3.0.jar
2025-08-07 11:42:27,202 [BasicRepositoryConnector-repo.maven.apache.org-0-1] INFO  o.e.m.c.i.e.AbstractTransferListenerAdapter - Downloading https://repo.maven.apache.org/maven2/org/springframework/cloud/spring-cloud-context/4.3.0/spring-cloud-context-4.3.0.jar
2025-08-07 11:42:27,207 [BasicRepositoryConnector-repo.maven.apache.org-0-2] INFO  o.e.m.c.i.e.AbstractTransferListenerAdapter - Downloading https://repo.maven.apache.org/maven2/org/springframework/security/spring-security-crypto/6.5.2/spring-security-crypto-6.5.2.jar
2025-08-07 11:42:27,207 [BasicRepositoryConnector-repo.maven.apache.org-0-4] INFO  o.e.m.c.i.e.AbstractTransferListenerAdapter - Downloading https://repo.maven.apache.org/maven2/org/bouncycastle/bcprov-jdk18on/1.80/bcprov-jdk18on-1.80.jar
2025-08-07 11:42:27,233 [BasicRepositoryConnector-repo.maven.apache.org-0-0] INFO  o.e.m.c.i.e.AbstractTransferListenerAdapter - Downloaded https://repo.maven.apache.org/maven2/org/springframework/cloud/spring-cloud-netflix-eureka-server/4.3.0/spring-cloud-netflix-eureka-server-4.3.0.jar
2025-08-07 11:42:27,234 [BasicRepositoryConnector-repo.maven.apache.org-0-2] INFO  o.e.m.c.i.e.AbstractTransferListenerAdapter - Downloaded https://repo.maven.apache.org/maven2/org/springframework/security/spring-security-crypto/6.5.2/spring-security-crypto-6.5.2.jar
2025-08-07 11:42:27,249 [BasicRepositoryConnector-repo.maven.apache.org-0-0] INFO  o.e.m.c.i.e.AbstractTransferListenerAdapter - Downloading https://repo.maven.apache.org/maven2/org/springframework/boot/spring-boot-starter-actuator/3.5.4/spring-boot-starter-actuator-3.5.4.jar
2025-08-07 11:42:27,252 [BasicRepositoryConnector-repo.maven.apache.org-0-2] INFO  o.e.m.c.i.e.AbstractTransferListenerAdapter - Downloading https://repo.maven.apache.org/maven2/org/springframework/boot/spring-boot-actuator-autoconfigure/3.5.4/spring-boot-actuator-autoconfigure-3.5.4.jar
2025-08-07 11:42:27,255 [BasicRepositoryConnector-repo.maven.apache.org-0-1] INFO  o.e.m.c.i.e.AbstractTransferListenerAdapter - Downloaded https://repo.maven.apache.org/maven2/org/springframework/cloud/spring-cloud-context/4.3.0/spring-cloud-context-4.3.0.jar
2025-08-07 11:42:27,258 [BasicRepositoryConnector-repo.maven.apache.org-0-0] INFO  o.e.m.c.i.e.AbstractTransferListenerAdapter - Downloaded https://repo.maven.apache.org/maven2/org/springframework/boot/spring-boot-starter-actuator/3.5.4/spring-boot-starter-actuator-3.5.4.jar
2025-08-07 11:42:27,267 [BasicRepositoryConnector-repo.maven.apache.org-0-3] INFO  o.e.m.c.i.e.AbstractTransferListenerAdapter - Downloaded https://repo.maven.apache.org/maven2/org/springframework/cloud/spring-cloud-commons/4.3.0/spring-cloud-commons-4.3.0.jar
2025-08-07 11:42:27,288 [BasicRepositoryConnector-repo.maven.apache.org-0-0] INFO  o.e.m.c.i.e.AbstractTransferListenerAdapter - Downloading https://repo.maven.apache.org/maven2/io/micrometer/micrometer-jakarta9/1.15.2/micrometer-jakarta9-1.15.2.jar
2025-08-07 11:42:27,290 [BasicRepositoryConnector-repo.maven.apache.org-0-1] INFO  o.e.m.c.i.e.AbstractTransferListenerAdapter - Downloading https://repo.maven.apache.org/maven2/org/springframework/boot/spring-boot-actuator/3.5.4/spring-boot-actuator-3.5.4.jar
2025-08-07 11:42:27,295 [BasicRepositoryConnector-repo.maven.apache.org-0-0] INFO  o.e.m.c.i.e.AbstractTransferListenerAdapter - Downloaded https://repo.maven.apache.org/maven2/io/micrometer/micrometer-jakarta9/1.15.2/micrometer-jakarta9-1.15.2.jar
2025-08-07 11:42:27,302 [BasicRepositoryConnector-repo.maven.apache.org-0-3] INFO  o.e.m.c.i.e.AbstractTransferListenerAdapter - Downloading https://repo.maven.apache.org/maven2/io/micrometer/micrometer-core/1.15.2/micrometer-core-1.15.2.jar
2025-08-07 11:42:27,313 [BasicRepositoryConnector-repo.maven.apache.org-0-2] INFO  o.e.m.c.i.e.AbstractTransferListenerAdapter - Downloaded https://repo.maven.apache.org/maven2/org/springframework/boot/spring-boot-actuator-autoconfigure/3.5.4/spring-boot-actuator-autoconfigure-3.5.4.jar
2025-08-07 11:42:27,336 [BasicRepositoryConnector-repo.maven.apache.org-0-0] INFO  o.e.m.c.i.e.AbstractTransferListenerAdapter - Downloading https://repo.maven.apache.org/maven2/org/hdrhistogram/HdrHistogram/2.2.2/HdrHistogram-2.2.2.jar
2025-08-07 11:42:27,386 [BasicRepositoryConnector-repo.maven.apache.org-0-0] INFO  o.e.m.c.i.e.AbstractTransferListenerAdapter - Downloaded https://repo.maven.apache.org/maven2/org/hdrhistogram/HdrHistogram/2.2.2/HdrHistogram-2.2.2.jar
2025-08-07 11:42:27,473 [BasicRepositoryConnector-repo.maven.apache.org-0-0] INFO  o.e.m.c.i.e.AbstractTransferListenerAdapter - Downloading https://repo.maven.apache.org/maven2/org/freemarker/freemarker/2.3.34/freemarker-2.3.34.jar
2025-08-07 11:42:27,509 [BasicRepositoryConnector-repo.maven.apache.org-0-2] INFO  o.e.m.c.i.e.AbstractTransferListenerAdapter - Downloading https://repo.maven.apache.org/maven2/org/springframework/boot/spring-boot-starter-freemarker/3.5.4/spring-boot-starter-freemarker-3.5.4.jar
2025-08-07 11:42:27,574 [BasicRepositoryConnector-repo.maven.apache.org-0-2] INFO  o.e.m.c.i.e.AbstractTransferListenerAdapter - Downloaded https://repo.maven.apache.org/maven2/org/springframework/boot/spring-boot-starter-freemarker/3.5.4/spring-boot-starter-freemarker-3.5.4.jar
2025-08-07 11:42:27,588 [BasicRepositoryConnector-repo.maven.apache.org-0-1] INFO  o.e.m.c.i.e.AbstractTransferListenerAdapter - Downloaded https://repo.maven.apache.org/maven2/org/springframework/boot/spring-boot-actuator/3.5.4/spring-boot-actuator-3.5.4.jar
2025-08-07 11:42:27,639 [BasicRepositoryConnector-repo.maven.apache.org-0-2] INFO  o.e.m.c.i.e.AbstractTransferListenerAdapter - Downloading https://repo.maven.apache.org/maven2/org/springframework/spring-context-support/6.2.9/spring-context-support-6.2.9.jar
2025-08-07 11:42:27,647 [BasicRepositoryConnector-repo.maven.apache.org-0-3] INFO  o.e.m.c.i.e.AbstractTransferListenerAdapter - Downloaded https://repo.maven.apache.org/maven2/io/micrometer/micrometer-core/1.15.2/micrometer-core-1.15.2.jar
2025-08-07 11:42:27,660 [BasicRepositoryConnector-repo.maven.apache.org-0-1] INFO  o.e.m.c.i.e.AbstractTransferListenerAdapter - Downloading https://repo.maven.apache.org/maven2/org/springframework/cloud/spring-cloud-netflix-eureka-client/4.3.0/spring-cloud-netflix-eureka-client-4.3.0.jar
2025-08-07 11:42:27,662 [BasicRepositoryConnector-repo.maven.apache.org-0-2] INFO  o.e.m.c.i.e.AbstractTransferListenerAdapter - Downloaded https://repo.maven.apache.org/maven2/org/springframework/spring-context-support/6.2.9/spring-context-support-6.2.9.jar
2025-08-07 11:42:27,704 [BasicRepositoryConnector-repo.maven.apache.org-0-1] INFO  o.e.m.c.i.e.AbstractTransferListenerAdapter - Downloaded https://repo.maven.apache.org/maven2/org/springframework/cloud/spring-cloud-netflix-eureka-client/4.3.0/spring-cloud-netflix-eureka-client-4.3.0.jar
2025-08-07 11:42:27,708 [BasicRepositoryConnector-repo.maven.apache.org-0-3] INFO  o.e.m.c.i.e.AbstractTransferListenerAdapter - Downloading https://repo.maven.apache.org/maven2/com/netflix/eureka/eureka-client/2.0.4/eureka-client-2.0.4.jar
2025-08-07 11:42:27,725 [BasicRepositoryConnector-repo.maven.apache.org-0-2] INFO  o.e.m.c.i.e.AbstractTransferListenerAdapter - Downloading https://repo.maven.apache.org/maven2/com/thoughtworks/xstream/xstream/1.4.20/xstream-1.4.20.jar
2025-08-07 11:42:27,808 [BasicRepositoryConnector-repo.maven.apache.org-0-1] INFO  o.e.m.c.i.e.AbstractTransferListenerAdapter - Downloading https://repo.maven.apache.org/maven2/io/github/x-stream/mxparser/1.2.2/mxparser-1.2.2.jar
2025-08-07 11:42:27,884 [BasicRepositoryConnector-repo.maven.apache.org-0-1] INFO  o.e.m.c.i.e.AbstractTransferListenerAdapter - Downloaded https://repo.maven.apache.org/maven2/io/github/x-stream/mxparser/1.2.2/mxparser-1.2.2.jar
2025-08-07 11:42:27,910 [BasicRepositoryConnector-repo.maven.apache.org-0-3] INFO  o.e.m.c.i.e.AbstractTransferListenerAdapter - Downloaded https://repo.maven.apache.org/maven2/com/netflix/eureka/eureka-client/2.0.4/eureka-client-2.0.4.jar
2025-08-07 11:42:27,916 [BasicRepositoryConnector-repo.maven.apache.org-0-2] INFO  o.e.m.c.i.e.AbstractTransferListenerAdapter - Downloaded https://repo.maven.apache.org/maven2/com/thoughtworks/xstream/xstream/1.4.20/xstream-1.4.20.jar
2025-08-07 11:42:27,931 [BasicRepositoryConnector-repo.maven.apache.org-0-1] INFO  o.e.m.c.i.e.AbstractTransferListenerAdapter - Downloading https://repo.maven.apache.org/maven2/com/netflix/spectator/spectator-api/1.7.3/spectator-api-1.7.3.jar
2025-08-07 11:42:27,955 [BasicRepositoryConnector-repo.maven.apache.org-0-3] INFO  o.e.m.c.i.e.AbstractTransferListenerAdapter - Downloading https://repo.maven.apache.org/maven2/org/apache/httpcomponents/httpclient/4.5.3/httpclient-4.5.3.jar
2025-08-07 11:42:27,957 [BasicRepositoryConnector-repo.maven.apache.org-0-2] INFO  o.e.m.c.i.e.AbstractTransferListenerAdapter - Downloading https://repo.maven.apache.org/maven2/org/apache/httpcomponents/httpcore/4.4.16/httpcore-4.4.16.jar
2025-08-07 11:42:27,966 [BasicRepositoryConnector-repo.maven.apache.org-0-0] INFO  o.e.m.c.i.e.AbstractTransferListenerAdapter - Downloaded https://repo.maven.apache.org/maven2/org/freemarker/freemarker/2.3.34/freemarker-2.3.34.jar
2025-08-07 11:42:28,025 [BasicRepositoryConnector-repo.maven.apache.org-0-0] INFO  o.e.m.c.i.e.AbstractTransferListenerAdapter - Downloading https://repo.maven.apache.org/maven2/commons-configuration/commons-configuration/1.10/commons-configuration-1.10.jar
2025-08-07 11:42:28,030 [BasicRepositoryConnector-repo.maven.apache.org-0-1] INFO  o.e.m.c.i.e.AbstractTransferListenerAdapter - Downloaded https://repo.maven.apache.org/maven2/com/netflix/spectator/spectator-api/1.7.3/spectator-api-1.7.3.jar
2025-08-07 11:42:28,116 [BasicRepositoryConnector-repo.maven.apache.org-0-1] INFO  o.e.m.c.i.e.AbstractTransferListenerAdapter - Downloading https://repo.maven.apache.org/maven2/commons-lang/commons-lang/2.6/commons-lang-2.6.jar
2025-08-07 11:42:28,174 [BasicRepositoryConnector-repo.maven.apache.org-0-2] INFO  o.e.m.c.i.e.AbstractTransferListenerAdapter - Downloaded https://repo.maven.apache.org/maven2/org/apache/httpcomponents/httpcore/4.4.16/httpcore-4.4.16.jar
2025-08-07 11:42:28,175 [BasicRepositoryConnector-repo.maven.apache.org-0-0] INFO  o.e.m.c.i.e.AbstractTransferListenerAdapter - Downloaded https://repo.maven.apache.org/maven2/commons-configuration/commons-configuration/1.10/commons-configuration-1.10.jar
2025-08-07 11:42:28,220 [BasicRepositoryConnector-repo.maven.apache.org-0-1] INFO  o.e.m.c.i.e.AbstractTransferListenerAdapter - Downloaded https://repo.maven.apache.org/maven2/commons-lang/commons-lang/2.6/commons-lang-2.6.jar
2025-08-07 11:42:28,222 [BasicRepositoryConnector-repo.maven.apache.org-0-2] INFO  o.e.m.c.i.e.AbstractTransferListenerAdapter - Downloading https://repo.maven.apache.org/maven2/com/netflix/netflix-commons/netflix-eventbus/0.3.0/netflix-eventbus-0.3.0.jar
2025-08-07 11:42:28,223 [BasicRepositoryConnector-repo.maven.apache.org-0-0] INFO  o.e.m.c.i.e.AbstractTransferListenerAdapter - Downloading https://repo.maven.apache.org/maven2/com/netflix/netflix-commons/netflix-infix/0.3.0/netflix-infix-0.3.0.jar
2025-08-07 11:42:28,249 [BasicRepositoryConnector-repo.maven.apache.org-0-2] INFO  o.e.m.c.i.e.AbstractTransferListenerAdapter - Downloaded https://repo.maven.apache.org/maven2/com/netflix/netflix-commons/netflix-eventbus/0.3.0/netflix-eventbus-0.3.0.jar
2025-08-07 11:42:28,266 [BasicRepositoryConnector-repo.maven.apache.org-0-1] INFO  o.e.m.c.i.e.AbstractTransferListenerAdapter - Downloading https://repo.maven.apache.org/maven2/commons-jxpath/commons-jxpath/1.3/commons-jxpath-1.3.jar
2025-08-07 11:42:28,270 [BasicRepositoryConnector-repo.maven.apache.org-0-3] INFO  o.e.m.c.i.e.AbstractTransferListenerAdapter - Downloaded https://repo.maven.apache.org/maven2/org/apache/httpcomponents/httpclient/4.5.3/httpclient-4.5.3.jar
2025-08-07 11:42:28,275 [BasicRepositoryConnector-repo.maven.apache.org-0-0] INFO  o.e.m.c.i.e.AbstractTransferListenerAdapter - Downloaded https://repo.maven.apache.org/maven2/com/netflix/netflix-commons/netflix-infix/0.3.0/netflix-infix-0.3.0.jar
2025-08-07 11:42:28,295 [BasicRepositoryConnector-repo.maven.apache.org-0-2] INFO  o.e.m.c.i.e.AbstractTransferListenerAdapter - Downloading https://repo.maven.apache.org/maven2/joda-time/joda-time/2.3/joda-time-2.3.jar
2025-08-07 11:42:28,319 [BasicRepositoryConnector-repo.maven.apache.org-0-3] INFO  o.e.m.c.i.e.AbstractTransferListenerAdapter - Downloading https://repo.maven.apache.org/maven2/org/antlr/antlr-runtime/3.4/antlr-runtime-3.4.jar
2025-08-07 11:42:28,327 [BasicRepositoryConnector-repo.maven.apache.org-0-0] INFO  o.e.m.c.i.e.AbstractTransferListenerAdapter - Downloading https://repo.maven.apache.org/maven2/org/antlr/stringtemplate/3.2.1/stringtemplate-3.2.1.jar
2025-08-07 11:42:28,374 [BasicRepositoryConnector-repo.maven.apache.org-0-1] INFO  o.e.m.c.i.e.AbstractTransferListenerAdapter - Downloaded https://repo.maven.apache.org/maven2/commons-jxpath/commons-jxpath/1.3/commons-jxpath-1.3.jar
2025-08-07 11:42:28,404 [BasicRepositoryConnector-repo.maven.apache.org-0-3] INFO  o.e.m.c.i.e.AbstractTransferListenerAdapter - Downloaded https://repo.maven.apache.org/maven2/org/antlr/antlr-runtime/3.4/antlr-runtime-3.4.jar
2025-08-07 11:42:28,426 [BasicRepositoryConnector-repo.maven.apache.org-0-0] INFO  o.e.m.c.i.e.AbstractTransferListenerAdapter - Downloaded https://repo.maven.apache.org/maven2/org/antlr/stringtemplate/3.2.1/stringtemplate-3.2.1.jar
2025-08-07 11:42:28,437 [BasicRepositoryConnector-repo.maven.apache.org-0-1] INFO  o.e.m.c.i.e.AbstractTransferListenerAdapter - Downloading https://repo.maven.apache.org/maven2/antlr/antlr/2.7.7/antlr-2.7.7.jar
2025-08-07 11:42:28,453 [BasicRepositoryConnector-repo.maven.apache.org-0-3] INFO  o.e.m.c.i.e.AbstractTransferListenerAdapter - Downloading https://repo.maven.apache.org/maven2/com/google/code/gson/gson/2.13.1/gson-2.13.1.jar
2025-08-07 11:42:28,475 [BasicRepositoryConnector-repo.maven.apache.org-0-2] INFO  o.e.m.c.i.e.AbstractTransferListenerAdapter - Downloaded https://repo.maven.apache.org/maven2/joda-time/joda-time/2.3/joda-time-2.3.jar
2025-08-07 11:42:28,477 [BasicRepositoryConnector-repo.maven.apache.org-0-0] INFO  o.e.m.c.i.e.AbstractTransferListenerAdapter - Downloading https://repo.maven.apache.org/maven2/com/netflix/servo/servo-core/0.5.3/servo-core-0.5.3.jar
2025-08-07 11:42:28,523 [BasicRepositoryConnector-repo.maven.apache.org-0-2] INFO  o.e.m.c.i.e.AbstractTransferListenerAdapter - Downloading https://repo.maven.apache.org/maven2/org/apache/commons/commons-math/2.2/commons-math-2.2.jar
2025-08-07 11:42:28,605 [BasicRepositoryConnector-repo.maven.apache.org-0-3] INFO  o.e.m.c.i.e.AbstractTransferListenerAdapter - Downloaded https://repo.maven.apache.org/maven2/com/google/code/gson/gson/2.13.1/gson-2.13.1.jar
2025-08-07 11:42:28,614 [BasicRepositoryConnector-repo.maven.apache.org-0-1] INFO  o.e.m.c.i.e.AbstractTransferListenerAdapter - Downloaded https://repo.maven.apache.org/maven2/antlr/antlr/2.7.7/antlr-2.7.7.jar
2025-08-07 11:42:28,659 [BasicRepositoryConnector-repo.maven.apache.org-0-3] INFO  o.e.m.c.i.e.AbstractTransferListenerAdapter - Downloading https://repo.maven.apache.org/maven2/javax/annotation/javax.annotation-api/1.2/javax.annotation-api-1.2.jar
2025-08-07 11:42:28,660 [BasicRepositoryConnector-repo.maven.apache.org-0-0] INFO  o.e.m.c.i.e.AbstractTransferListenerAdapter - Downloaded https://repo.maven.apache.org/maven2/com/netflix/servo/servo-core/0.5.3/servo-core-0.5.3.jar
2025-08-07 11:42:28,670 [BasicRepositoryConnector-repo.maven.apache.org-0-3] INFO  o.e.m.c.i.e.AbstractTransferListenerAdapter - Downloaded https://repo.maven.apache.org/maven2/javax/annotation/javax.annotation-api/1.2/javax.annotation-api-1.2.jar
2025-08-07 11:42:28,674 [BasicRepositoryConnector-repo.maven.apache.org-0-1] INFO  o.e.m.c.i.e.AbstractTransferListenerAdapter - Downloading https://repo.maven.apache.org/maven2/org/codehaus/jettison/jettison/1.5.4/jettison-1.5.4.jar
2025-08-07 11:42:28,705 [BasicRepositoryConnector-repo.maven.apache.org-0-1] INFO  o.e.m.c.i.e.AbstractTransferListenerAdapter - Downloaded https://repo.maven.apache.org/maven2/org/codehaus/jettison/jettison/1.5.4/jettison-1.5.4.jar
2025-08-07 11:42:28,715 [BasicRepositoryConnector-repo.maven.apache.org-0-0] INFO  o.e.m.c.i.e.AbstractTransferListenerAdapter - Downloading https://repo.maven.apache.org/maven2/com/netflix/eureka/eureka-client-jersey3/2.0.4/eureka-client-jersey3-2.0.4.jar
2025-08-07 11:42:28,726 [BasicRepositoryConnector-repo.maven.apache.org-0-0] INFO  o.e.m.c.i.e.AbstractTransferListenerAdapter - Downloaded https://repo.maven.apache.org/maven2/com/netflix/eureka/eureka-client-jersey3/2.0.4/eureka-client-jersey3-2.0.4.jar
2025-08-07 11:42:28,729 [BasicRepositoryConnector-repo.maven.apache.org-0-3] INFO  o.e.m.c.i.e.AbstractTransferListenerAdapter - Downloading https://repo.maven.apache.org/maven2/org/glassfish/jersey/connectors/jersey-apache-connector/3.1.10/jersey-apache-connector-3.1.10.jar
2025-08-07 11:42:28,748 [BasicRepositoryConnector-repo.maven.apache.org-0-3] INFO  o.e.m.c.i.e.AbstractTransferListenerAdapter - Downloaded https://repo.maven.apache.org/maven2/org/glassfish/jersey/connectors/jersey-apache-connector/3.1.10/jersey-apache-connector-3.1.10.jar
2025-08-07 11:42:28,750 [BasicRepositoryConnector-repo.maven.apache.org-0-1] INFO  o.e.m.c.i.e.AbstractTransferListenerAdapter - Downloading https://repo.maven.apache.org/maven2/commons-codec/commons-codec/1.18.0/commons-codec-1.18.0.jar
2025-08-07 11:42:28,775 [BasicRepositoryConnector-repo.maven.apache.org-0-0] INFO  o.e.m.c.i.e.AbstractTransferListenerAdapter - Downloading https://repo.maven.apache.org/maven2/com/netflix/eureka/eureka-core-jersey3/2.0.4/eureka-core-jersey3-2.0.4.jar
2025-08-07 11:42:28,792 [BasicRepositoryConnector-repo.maven.apache.org-0-3] INFO  o.e.m.c.i.e.AbstractTransferListenerAdapter - Downloading https://repo.maven.apache.org/maven2/com/netflix/eureka/eureka-core/2.0.4/eureka-core-2.0.4.jar
2025-08-07 11:42:28,797 [BasicRepositoryConnector-repo.maven.apache.org-0-0] INFO  o.e.m.c.i.e.AbstractTransferListenerAdapter - Downloaded https://repo.maven.apache.org/maven2/com/netflix/eureka/eureka-core-jersey3/2.0.4/eureka-core-jersey3-2.0.4.jar
2025-08-07 11:42:28,802 [BasicRepositoryConnector-repo.maven.apache.org-0-2] INFO  o.e.m.c.i.e.AbstractTransferListenerAdapter - Downloaded https://repo.maven.apache.org/maven2/org/apache/commons/commons-math/2.2/commons-math-2.2.jar
2025-08-07 11:42:28,803 [BasicRepositoryConnector-repo.maven.apache.org-0-4] INFO  o.e.m.c.i.e.AbstractTransferListenerAdapter - Downloaded https://repo.maven.apache.org/maven2/org/bouncycastle/bcprov-jdk18on/1.80/bcprov-jdk18on-1.80.jar
2025-08-07 11:42:28,816 [BasicRepositoryConnector-repo.maven.apache.org-0-0] INFO  o.e.m.c.i.e.AbstractTransferListenerAdapter - Downloading https://repo.maven.apache.org/maven2/com/google/guava/guava/33.0.0-jre/guava-33.0.0-jre.jar
2025-08-07 11:42:28,817 [BasicRepositoryConnector-repo.maven.apache.org-0-2] INFO  o.e.m.c.i.e.AbstractTransferListenerAdapter - Downloading https://repo.maven.apache.org/maven2/com/google/guava/failureaccess/1.0.2/failureaccess-1.0.2.jar
2025-08-07 11:42:28,817 [BasicRepositoryConnector-repo.maven.apache.org-0-4] INFO  o.e.m.c.i.e.AbstractTransferListenerAdapter - Downloading https://repo.maven.apache.org/maven2/com/google/guava/listenablefuture/9999.0-empty-to-avoid-conflict-with-guava/listenablefuture-9999.0-empty-to-avoid-conflict-with-guava.jar
2025-08-07 11:42:28,822 [BasicRepositoryConnector-repo.maven.apache.org-0-2] INFO  o.e.m.c.i.e.AbstractTransferListenerAdapter - Downloaded https://repo.maven.apache.org/maven2/com/google/guava/failureaccess/1.0.2/failureaccess-1.0.2.jar
2025-08-07 11:42:28,822 [BasicRepositoryConnector-repo.maven.apache.org-0-4] INFO  o.e.m.c.i.e.AbstractTransferListenerAdapter - Downloaded https://repo.maven.apache.org/maven2/com/google/guava/listenablefuture/9999.0-empty-to-avoid-conflict-with-guava/listenablefuture-9999.0-empty-to-avoid-conflict-with-guava.jar
2025-08-07 11:42:28,831 [BasicRepositoryConnector-repo.maven.apache.org-0-1] INFO  o.e.m.c.i.e.AbstractTransferListenerAdapter - Downloaded https://repo.maven.apache.org/maven2/commons-codec/commons-codec/1.18.0/commons-codec-1.18.0.jar
2025-08-07 11:42:28,834 [BasicRepositoryConnector-repo.maven.apache.org-0-3] INFO  o.e.m.c.i.e.AbstractTransferListenerAdapter - Downloaded https://repo.maven.apache.org/maven2/com/netflix/eureka/eureka-core/2.0.4/eureka-core-2.0.4.jar
2025-08-07 11:42:28,839 [BasicRepositoryConnector-repo.maven.apache.org-0-4] INFO  o.e.m.c.i.e.AbstractTransferListenerAdapter - Downloading https://repo.maven.apache.org/maven2/com/google/errorprone/error_prone_annotations/2.23.0/error_prone_annotations-2.23.0.jar
2025-08-07 11:42:28,839 [BasicRepositoryConnector-repo.maven.apache.org-0-2] INFO  o.e.m.c.i.e.AbstractTransferListenerAdapter - Downloading https://repo.maven.apache.org/maven2/org/checkerframework/checker-qual/3.41.0/checker-qual-3.41.0.jar
2025-08-07 11:42:28,846 [BasicRepositoryConnector-repo.maven.apache.org-0-4] INFO  o.e.m.c.i.e.AbstractTransferListenerAdapter - Downloaded https://repo.maven.apache.org/maven2/com/google/errorprone/error_prone_annotations/2.23.0/error_prone_annotations-2.23.0.jar
2025-08-07 11:42:28,854 [BasicRepositoryConnector-repo.maven.apache.org-0-1] INFO  o.e.m.c.i.e.AbstractTransferListenerAdapter - Downloading https://repo.maven.apache.org/maven2/com/google/j2objc/j2objc-annotations/2.8/j2objc-annotations-2.8.jar
2025-08-07 11:42:28,858 [BasicRepositoryConnector-repo.maven.apache.org-0-1] INFO  o.e.m.c.i.e.AbstractTransferListenerAdapter - Downloaded https://repo.maven.apache.org/maven2/com/google/j2objc/j2objc-annotations/2.8/j2objc-annotations-2.8.jar
2025-08-07 11:42:28,861 [BasicRepositoryConnector-repo.maven.apache.org-0-3] INFO  o.e.m.c.i.e.AbstractTransferListenerAdapter - Downloading https://repo.maven.apache.org/maven2/org/glassfish/jersey/containers/jersey-container-servlet/3.1.10/jersey-container-servlet-3.1.10.jar
2025-08-07 11:42:28,870 [BasicRepositoryConnector-repo.maven.apache.org-0-3] INFO  o.e.m.c.i.e.AbstractTransferListenerAdapter - Downloaded https://repo.maven.apache.org/maven2/org/glassfish/jersey/containers/jersey-container-servlet/3.1.10/jersey-container-servlet-3.1.10.jar
2025-08-07 11:42:28,882 [BasicRepositoryConnector-repo.maven.apache.org-0-4] INFO  o.e.m.c.i.e.AbstractTransferListenerAdapter - Downloading https://repo.maven.apache.org/maven2/org/glassfish/jersey/containers/jersey-container-servlet-core/3.1.10/jersey-container-servlet-core-3.1.10.jar
2025-08-07 11:42:28,884 [BasicRepositoryConnector-repo.maven.apache.org-0-2] INFO  o.e.m.c.i.e.AbstractTransferListenerAdapter - Downloaded https://repo.maven.apache.org/maven2/org/checkerframework/checker-qual/3.41.0/checker-qual-3.41.0.jar
2025-08-07 11:42:28,894 [BasicRepositoryConnector-repo.maven.apache.org-0-1] INFO  o.e.m.c.i.e.AbstractTransferListenerAdapter - Downloading https://repo.maven.apache.org/maven2/org/glassfish/jersey/core/jersey-common/3.1.10/jersey-common-3.1.10.jar
2025-08-07 11:42:28,902 [BasicRepositoryConnector-repo.maven.apache.org-0-4] INFO  o.e.m.c.i.e.AbstractTransferListenerAdapter - Downloaded https://repo.maven.apache.org/maven2/org/glassfish/jersey/containers/jersey-container-servlet-core/3.1.10/jersey-container-servlet-core-3.1.10.jar
2025-08-07 11:42:28,910 [BasicRepositoryConnector-repo.maven.apache.org-0-3] INFO  o.e.m.c.i.e.AbstractTransferListenerAdapter - Downloading https://repo.maven.apache.org/maven2/org/glassfish/hk2/osgi-resource-locator/1.0.3/osgi-resource-locator-1.0.3.jar
2025-08-07 11:42:28,916 [BasicRepositoryConnector-repo.maven.apache.org-0-3] INFO  o.e.m.c.i.e.AbstractTransferListenerAdapter - Downloaded https://repo.maven.apache.org/maven2/org/glassfish/hk2/osgi-resource-locator/1.0.3/osgi-resource-locator-1.0.3.jar
2025-08-07 11:42:28,921 [BasicRepositoryConnector-repo.maven.apache.org-0-2] INFO  o.e.m.c.i.e.AbstractTransferListenerAdapter - Downloading https://repo.maven.apache.org/maven2/jakarta/ws/rs/jakarta.ws.rs-api/3.1.0/jakarta.ws.rs-api-3.1.0.jar
2025-08-07 11:42:28,946 [BasicRepositoryConnector-repo.maven.apache.org-0-2] INFO  o.e.m.c.i.e.AbstractTransferListenerAdapter - Downloaded https://repo.maven.apache.org/maven2/jakarta/ws/rs/jakarta.ws.rs-api/3.1.0/jakarta.ws.rs-api-3.1.0.jar
2025-08-07 11:42:28,946 [BasicRepositoryConnector-repo.maven.apache.org-0-4] INFO  o.e.m.c.i.e.AbstractTransferListenerAdapter - Downloading https://repo.maven.apache.org/maven2/org/glassfish/jersey/core/jersey-server/3.1.10/jersey-server-3.1.10.jar
2025-08-07 11:42:28,969 [BasicRepositoryConnector-repo.maven.apache.org-0-3] INFO  o.e.m.c.i.e.AbstractTransferListenerAdapter - Downloading https://repo.maven.apache.org/maven2/org/glassfish/jersey/core/jersey-client/3.1.10/jersey-client-3.1.10.jar
2025-08-07 11:42:28,996 [BasicRepositoryConnector-repo.maven.apache.org-0-2] INFO  o.e.m.c.i.e.AbstractTransferListenerAdapter - Downloading https://repo.maven.apache.org/maven2/org/glassfish/jersey/inject/jersey-hk2/3.1.10/jersey-hk2-3.1.10.jar
2025-08-07 11:42:29,013 [BasicRepositoryConnector-repo.maven.apache.org-0-2] INFO  o.e.m.c.i.e.AbstractTransferListenerAdapter - Downloaded https://repo.maven.apache.org/maven2/org/glassfish/jersey/inject/jersey-hk2/3.1.10/jersey-hk2-3.1.10.jar
2025-08-07 11:42:29,059 [BasicRepositoryConnector-repo.maven.apache.org-0-3] INFO  o.e.m.c.i.e.AbstractTransferListenerAdapter - Downloaded https://repo.maven.apache.org/maven2/org/glassfish/jersey/core/jersey-client/3.1.10/jersey-client-3.1.10.jar
2025-08-07 11:42:29,067 [BasicRepositoryConnector-repo.maven.apache.org-0-2] INFO  o.e.m.c.i.e.AbstractTransferListenerAdapter - Downloading https://repo.maven.apache.org/maven2/org/glassfish/hk2/hk2-locator/3.0.6/hk2-locator-3.0.6.jar
2025-08-07 11:42:29,106 [BasicRepositoryConnector-repo.maven.apache.org-0-2] INFO  o.e.m.c.i.e.AbstractTransferListenerAdapter - Downloaded https://repo.maven.apache.org/maven2/org/glassfish/hk2/hk2-locator/3.0.6/hk2-locator-3.0.6.jar
2025-08-07 11:42:29,119 [BasicRepositoryConnector-repo.maven.apache.org-0-3] INFO  o.e.m.c.i.e.AbstractTransferListenerAdapter - Downloading https://repo.maven.apache.org/maven2/org/glassfish/hk2/hk2-utils/3.0.6/hk2-utils-3.0.6.jar
2025-08-07 11:42:29,161 [BasicRepositoryConnector-repo.maven.apache.org-0-2] INFO  o.e.m.c.i.e.AbstractTransferListenerAdapter - Downloading https://repo.maven.apache.org/maven2/org/javassist/javassist/3.30.2-GA/javassist-3.30.2-GA.jar
2025-08-07 11:42:29,170 [BasicRepositoryConnector-repo.maven.apache.org-0-3] INFO  o.e.m.c.i.e.AbstractTransferListenerAdapter - Downloaded https://repo.maven.apache.org/maven2/org/glassfish/hk2/hk2-utils/3.0.6/hk2-utils-3.0.6.jar
2025-08-07 11:42:29,298 [BasicRepositoryConnector-repo.maven.apache.org-0-3] INFO  o.e.m.c.i.e.AbstractTransferListenerAdapter - Downloading https://repo.maven.apache.org/maven2/org/glassfish/hk2/spring-bridge/3.1.1/spring-bridge-3.1.1.jar
2025-08-07 11:42:29,311 [BasicRepositoryConnector-repo.maven.apache.org-0-3] INFO  o.e.m.c.i.e.AbstractTransferListenerAdapter - Downloaded https://repo.maven.apache.org/maven2/org/glassfish/hk2/spring-bridge/3.1.1/spring-bridge-3.1.1.jar
2025-08-07 11:42:29,325 [BasicRepositoryConnector-repo.maven.apache.org-0-2] INFO  o.e.m.c.i.e.AbstractTransferListenerAdapter - Downloaded https://repo.maven.apache.org/maven2/org/javassist/javassist/3.30.2-GA/javassist-3.30.2-GA.jar
2025-08-07 11:42:29,335 [BasicRepositoryConnector-repo.maven.apache.org-0-4] INFO  o.e.m.c.i.e.AbstractTransferListenerAdapter - Downloaded https://repo.maven.apache.org/maven2/org/glassfish/jersey/core/jersey-server/3.1.10/jersey-server-3.1.10.jar
2025-08-07 11:42:29,352 [BasicRepositoryConnector-repo.maven.apache.org-0-3] INFO  o.e.m.c.i.e.AbstractTransferListenerAdapter - Downloading https://repo.maven.apache.org/maven2/org/glassfish/hk2/hk2-api/3.1.1/hk2-api-3.1.1.jar
2025-08-07 11:42:29,362 [BasicRepositoryConnector-repo.maven.apache.org-0-2] INFO  o.e.m.c.i.e.AbstractTransferListenerAdapter - Downloading https://repo.maven.apache.org/maven2/com/fasterxml/jackson/dataformat/jackson-dataformat-xml/2.19.2/jackson-dataformat-xml-2.19.2.jar
2025-08-07 11:42:29,373 [BasicRepositoryConnector-repo.maven.apache.org-0-4] INFO  o.e.m.c.i.e.AbstractTransferListenerAdapter - Downloading https://repo.maven.apache.org/maven2/org/codehaus/woodstox/stax2-api/4.2.2/stax2-api-4.2.2.jar
2025-08-07 11:42:29,382 [BasicRepositoryConnector-repo.maven.apache.org-0-1] INFO  o.e.m.c.i.e.AbstractTransferListenerAdapter - Downloaded https://repo.maven.apache.org/maven2/org/glassfish/jersey/core/jersey-common/3.1.10/jersey-common-3.1.10.jar
2025-08-07 11:42:29,394 [BasicRepositoryConnector-repo.maven.apache.org-0-2] INFO  o.e.m.c.i.e.AbstractTransferListenerAdapter - Downloaded https://repo.maven.apache.org/maven2/com/fasterxml/jackson/dataformat/jackson-dataformat-xml/2.19.2/jackson-dataformat-xml-2.19.2.jar
2025-08-07 11:42:29,416 [BasicRepositoryConnector-repo.maven.apache.org-0-3] INFO  o.e.m.c.i.e.AbstractTransferListenerAdapter - Downloaded https://repo.maven.apache.org/maven2/org/glassfish/hk2/hk2-api/3.1.1/hk2-api-3.1.1.jar
2025-08-07 11:42:29,422 [BasicRepositoryConnector-repo.maven.apache.org-0-1] INFO  o.e.m.c.i.e.AbstractTransferListenerAdapter - Downloading https://repo.maven.apache.org/maven2/com/fasterxml/woodstox/woodstox-core/7.1.1/woodstox-core-7.1.1.jar
2025-08-07 11:42:29,433 [BasicRepositoryConnector-repo.maven.apache.org-0-2] INFO  o.e.m.c.i.e.AbstractTransferListenerAdapter - Downloading https://repo.maven.apache.org/maven2/org/springframework/cloud/spring-cloud-starter-loadbalancer/4.3.0/spring-cloud-starter-loadbalancer-4.3.0.jar
2025-08-07 11:42:29,436 [BasicRepositoryConnector-repo.maven.apache.org-0-2] INFO  o.e.m.c.i.e.AbstractTransferListenerAdapter - Downloaded https://repo.maven.apache.org/maven2/org/springframework/cloud/spring-cloud-starter-loadbalancer/4.3.0/spring-cloud-starter-loadbalancer-4.3.0.jar
2025-08-07 11:42:29,444 [BasicRepositoryConnector-repo.maven.apache.org-0-4] INFO  o.e.m.c.i.e.AbstractTransferListenerAdapter - Downloaded https://repo.maven.apache.org/maven2/org/codehaus/woodstox/stax2-api/4.2.2/stax2-api-4.2.2.jar
2025-08-07 11:42:29,445 [BasicRepositoryConnector-repo.maven.apache.org-0-3] INFO  o.e.m.c.i.e.AbstractTransferListenerAdapter - Downloading https://repo.maven.apache.org/maven2/org/springframework/cloud/spring-cloud-loadbalancer/4.3.0/spring-cloud-loadbalancer-4.3.0.jar
2025-08-07 11:42:29,453 [BasicRepositoryConnector-repo.maven.apache.org-0-0] INFO  o.e.m.c.i.e.AbstractTransferListenerAdapter - Downloaded https://repo.maven.apache.org/maven2/com/google/guava/guava/33.0.0-jre/guava-33.0.0-jre.jar
2025-08-07 11:42:29,462 [BasicRepositoryConnector-repo.maven.apache.org-0-2] INFO  o.e.m.c.i.e.AbstractTransferListenerAdapter - Downloading https://repo.maven.apache.org/maven2/io/projectreactor/reactor-core/3.7.8/reactor-core-3.7.8.jar
2025-08-07 11:42:29,466 [BasicRepositoryConnector-repo.maven.apache.org-0-4] INFO  o.e.m.c.i.e.AbstractTransferListenerAdapter - Downloading https://repo.maven.apache.org/maven2/org/reactivestreams/reactive-streams/1.0.4/reactive-streams-1.0.4.jar
2025-08-07 11:42:29,474 [BasicRepositoryConnector-repo.maven.apache.org-0-3] INFO  o.e.m.c.i.e.AbstractTransferListenerAdapter - Downloaded https://repo.maven.apache.org/maven2/org/springframework/cloud/spring-cloud-loadbalancer/4.3.0/spring-cloud-loadbalancer-4.3.0.jar
2025-08-07 11:42:29,474 [BasicRepositoryConnector-repo.maven.apache.org-0-4] INFO  o.e.m.c.i.e.AbstractTransferListenerAdapter - Downloaded https://repo.maven.apache.org/maven2/org/reactivestreams/reactive-streams/1.0.4/reactive-streams-1.0.4.jar
2025-08-07 11:42:29,481 [BasicRepositoryConnector-repo.maven.apache.org-0-0] INFO  o.e.m.c.i.e.AbstractTransferListenerAdapter - Downloading https://repo.maven.apache.org/maven2/io/projectreactor/addons/reactor-extra/3.5.2/reactor-extra-3.5.2.jar
2025-08-07 11:42:29,522 [BasicRepositoryConnector-repo.maven.apache.org-0-3] INFO  o.e.m.c.i.e.AbstractTransferListenerAdapter - Downloading https://repo.maven.apache.org/maven2/org/springframework/boot/spring-boot-starter-cache/3.5.4/spring-boot-starter-cache-3.5.4.jar
2025-08-07 11:42:29,523 [BasicRepositoryConnector-repo.maven.apache.org-0-4] INFO  o.e.m.c.i.e.AbstractTransferListenerAdapter - Downloading https://repo.maven.apache.org/maven2/com/stoyanr/evictor/1.0.0/evictor-1.0.0.jar
2025-08-07 11:42:29,523 [BasicRepositoryConnector-repo.maven.apache.org-0-0] INFO  o.e.m.c.i.e.AbstractTransferListenerAdapter - Downloaded https://repo.maven.apache.org/maven2/io/projectreactor/addons/reactor-extra/3.5.2/reactor-extra-3.5.2.jar
2025-08-07 11:42:29,525 [BasicRepositoryConnector-repo.maven.apache.org-0-3] INFO  o.e.m.c.i.e.AbstractTransferListenerAdapter - Downloaded https://repo.maven.apache.org/maven2/org/springframework/boot/spring-boot-starter-cache/3.5.4/spring-boot-starter-cache-3.5.4.jar
2025-08-07 11:42:29,533 [BasicRepositoryConnector-repo.maven.apache.org-0-4] INFO  o.e.m.c.i.e.AbstractTransferListenerAdapter - Downloaded https://repo.maven.apache.org/maven2/com/stoyanr/evictor/1.0.0/evictor-1.0.0.jar
2025-08-07 11:42:29,690 [BasicRepositoryConnector-repo.maven.apache.org-0-2] INFO  o.e.m.c.i.e.AbstractTransferListenerAdapter - Downloaded https://repo.maven.apache.org/maven2/io/projectreactor/reactor-core/3.7.8/reactor-core-3.7.8.jar
2025-08-07 11:42:29,761 [BasicRepositoryConnector-repo.maven.apache.org-0-1] INFO  o.e.m.c.i.e.AbstractTransferListenerAdapter - Downloaded https://repo.maven.apache.org/maven2/com/fasterxml/woodstox/woodstox-core/7.1.1/woodstox-core-7.1.1.jar
2025-08-07 11:42:32,759 [Worker-7: Download sources and javadoc] INFO  o.e.m.c.i.e.AbstractTransferListenerAdapter - Downloaded https://repo.maven.apache.org/maven2/org/springframework/cloud/spring-cloud-starter-netflix-eureka-server/4.3.0/spring-cloud-starter-netflix-eureka-server-4.3.0-sources.jar
2025-08-07 11:42:32,778 [Worker-7: Download sources and javadoc] ERROR o.e.m.j.internal.DownloadSourcesJob - Could not download sources for org.springframework.cloud:spring-cloud-starter-netflix-eureka-server:4.3.0
org.eclipse.core.runtime.CoreException: Could not resolve artifact org.springframework.cloud:spring-cloud-starter-netflix-eureka-server:jar:sources:4.3.0
	at org.eclipse.m2e.core.internal.embedder.MavenImpl.lambda$7(MavenImpl.java:540)
	at org.eclipse.m2e.core.internal.embedder.MavenExecutionContext.executeBare(MavenExecutionContext.java:458)
	at org.eclipse.m2e.core.internal.embedder.MavenExecutionContext.execute(MavenExecutionContext.java:292)
	at org.eclipse.m2e.core.internal.embedder.MavenExecutionContext.execute(MavenExecutionContext.java:278)
	at org.eclipse.m2e.core.internal.embedder.MavenImpl.resolve(MavenImpl.java:509)
	at org.eclipse.m2e.core.internal.embedder.MavenImpl.resolve(MavenImpl.java:494)
	at org.eclipse.m2e.jdt.internal.DownloadSourcesJob.download(DownloadSourcesJob.java:308)
	at org.eclipse.m2e.jdt.internal.DownloadSourcesJob.downloadAttachments(DownloadSourcesJob.java:282)
	at org.eclipse.m2e.jdt.internal.DownloadSourcesJob.downloadMaven(DownloadSourcesJob.java:252)
	at org.eclipse.m2e.jdt.internal.DownloadSourcesJob.downloadFilesAndPopulateToUpdate(DownloadSourcesJob.java:220)
	at org.eclipse.m2e.jdt.internal.DownloadSourcesJob.lambda$0(DownloadSourcesJob.java:149)
	at org.eclipse.m2e.core.internal.embedder.MavenExecutionContext.executeBare(MavenExecutionContext.java:458)
	at org.eclipse.m2e.core.internal.embedder.MavenExecutionContext.execute(MavenExecutionContext.java:339)
	at org.eclipse.m2e.core.internal.embedder.MavenExecutionContext.execute(MavenExecutionContext.java:278)
	at org.eclipse.m2e.core.embedder.IMaven.execute(IMaven.java:300)
	at org.eclipse.m2e.jdt.internal.DownloadSourcesJob.run(DownloadSourcesJob.java:149)
	at org.eclipse.core.internal.jobs.Worker.run(Worker.java:63)
2025-08-07 11:42:32,872 [Worker-7: Download sources and javadoc] INFO  o.e.m.c.i.e.AbstractTransferListenerAdapter - Downloaded https://repo.maven.apache.org/maven2/org/springframework/cloud/spring-cloud-starter/4.3.0/spring-cloud-starter-4.3.0-sources.jar
2025-08-07 11:42:32,881 [Worker-7: Download sources and javadoc] ERROR o.e.m.j.internal.DownloadSourcesJob - Could not download sources for org.springframework.cloud:spring-cloud-starter:4.3.0
org.eclipse.core.runtime.CoreException: Could not resolve artifact org.springframework.cloud:spring-cloud-starter:jar:sources:4.3.0
	at org.eclipse.m2e.core.internal.embedder.MavenImpl.lambda$7(MavenImpl.java:540)
	at org.eclipse.m2e.core.internal.embedder.MavenExecutionContext.executeBare(MavenExecutionContext.java:458)
	at org.eclipse.m2e.core.internal.embedder.MavenExecutionContext.execute(MavenExecutionContext.java:292)
	at org.eclipse.m2e.core.internal.embedder.MavenExecutionContext.execute(MavenExecutionContext.java:278)
	at org.eclipse.m2e.core.internal.embedder.MavenImpl.resolve(MavenImpl.java:509)
	at org.eclipse.m2e.core.internal.embedder.MavenImpl.resolve(MavenImpl.java:494)
	at org.eclipse.m2e.jdt.internal.DownloadSourcesJob.download(DownloadSourcesJob.java:308)
	at org.eclipse.m2e.jdt.internal.DownloadSourcesJob.downloadAttachments(DownloadSourcesJob.java:282)
	at org.eclipse.m2e.jdt.internal.DownloadSourcesJob.downloadMaven(DownloadSourcesJob.java:252)
	at org.eclipse.m2e.jdt.internal.DownloadSourcesJob.downloadFilesAndPopulateToUpdate(DownloadSourcesJob.java:220)
	at org.eclipse.m2e.jdt.internal.DownloadSourcesJob.lambda$0(DownloadSourcesJob.java:149)
	at org.eclipse.m2e.core.internal.embedder.MavenExecutionContext.executeBare(MavenExecutionContext.java:458)
	at org.eclipse.m2e.core.internal.embedder.MavenExecutionContext.execute(MavenExecutionContext.java:339)
	at org.eclipse.m2e.core.internal.embedder.MavenExecutionContext.execute(MavenExecutionContext.java:278)
	at org.eclipse.m2e.core.embedder.IMaven.execute(IMaven.java:300)
	at org.eclipse.m2e.jdt.internal.DownloadSourcesJob.run(DownloadSourcesJob.java:149)
	at org.eclipse.core.internal.jobs.Worker.run(Worker.java:63)
2025-08-07 11:42:32,961 [Worker-7: Download sources and javadoc] INFO  o.e.m.c.i.e.AbstractTransferListenerAdapter - Downloading https://repo.maven.apache.org/maven2/org/springframework/cloud/spring-cloud-context/4.3.0/spring-cloud-context-4.3.0-sources.jar
2025-08-07 11:42:32,995 [Worker-7: Download sources and javadoc] INFO  o.e.m.c.i.e.AbstractTransferListenerAdapter - Downloaded https://repo.maven.apache.org/maven2/org/springframework/cloud/spring-cloud-context/4.3.0/spring-cloud-context-4.3.0-sources.jar
2025-08-07 11:42:33,010 [Worker-7: Download sources and javadoc] INFO  o.e.m.j.internal.DownloadSourcesJob - Downloaded sources for org.springframework.cloud:spring-cloud-context:4.3.0
2025-08-07 11:42:33,087 [Worker-7: Download sources and javadoc] INFO  o.e.m.c.i.e.AbstractTransferListenerAdapter - Downloading https://repo.maven.apache.org/maven2/org/springframework/security/spring-security-crypto/6.5.2/spring-security-crypto-6.5.2-sources.jar
2025-08-07 11:42:33,118 [Worker-7: Download sources and javadoc] INFO  o.e.m.c.i.e.AbstractTransferListenerAdapter - Downloaded https://repo.maven.apache.org/maven2/org/springframework/security/spring-security-crypto/6.5.2/spring-security-crypto-6.5.2-sources.jar
2025-08-07 11:42:33,122 [Worker-28: Update Maven projects configuration] INFO  o.e.m.j.i.AbstractJavaProjectConfigurator - Adding source folder /eureka-server/src/main/java
2025-08-07 11:42:33,129 [Worker-7: Download sources and javadoc] INFO  o.e.m.j.internal.DownloadSourcesJob - Downloaded sources for org.springframework.security:spring-security-crypto:6.5.2
2025-08-07 11:42:33,131 [Worker-28: Update Maven projects configuration] INFO  o.e.m.j.i.AbstractJavaProjectConfigurator - Adding resource folder /eureka-server/src/main/resources
2025-08-07 11:42:33,156 [Worker-28: Update Maven projects configuration] INFO  o.e.m.j.i.AbstractJavaProjectConfigurator - Adding resource folder /eureka-server/src/main/resources
2025-08-07 11:42:33,179 [Worker-28: Update Maven projects configuration] INFO  o.e.m.j.i.AbstractJavaProjectConfigurator - Adding source folder /eureka-server/src/test/java
2025-08-07 11:42:33,185 [Worker-28: Update Maven projects configuration] INFO  o.e.m.j.i.AbstractJavaProjectConfigurator - Adding resource folder /eureka-server/src/test/resources
2025-08-07 11:42:33,223 [Worker-7: Download sources and javadoc] INFO  o.e.m.c.i.e.AbstractTransferListenerAdapter - Downloading https://repo.maven.apache.org/maven2/org/springframework/cloud/spring-cloud-commons/4.3.0/spring-cloud-commons-4.3.0-sources.jar
2025-08-07 11:42:33,298 [Worker-7: Download sources and javadoc] INFO  o.e.m.c.i.e.AbstractTransferListenerAdapter - Downloaded https://repo.maven.apache.org/maven2/org/springframework/cloud/spring-cloud-commons/4.3.0/spring-cloud-commons-4.3.0-sources.jar
2025-08-07 11:42:33,308 [Worker-7: Download sources and javadoc] INFO  o.e.m.j.internal.DownloadSourcesJob - Downloaded sources for org.springframework.cloud:spring-cloud-commons:4.3.0
2025-08-07 11:42:33,388 [Worker-7: Download sources and javadoc] INFO  o.e.m.c.i.e.AbstractTransferListenerAdapter - Downloading https://repo.maven.apache.org/maven2/org/bouncycastle/bcprov-jdk18on/1.80/bcprov-jdk18on-1.80-sources.jar
2025-08-07 11:42:33,781 [Worker-7: Download sources and javadoc] INFO  o.e.m.c.i.e.AbstractTransferListenerAdapter - Downloaded https://repo.maven.apache.org/maven2/org/bouncycastle/bcprov-jdk18on/1.80/bcprov-jdk18on-1.80-sources.jar
2025-08-07 11:42:33,798 [Worker-7: Download sources and javadoc] INFO  o.e.m.j.internal.DownloadSourcesJob - Downloaded sources for org.bouncycastle:bcprov-jdk18on:1.80
2025-08-07 11:42:33,889 [Worker-7: Download sources and javadoc] INFO  o.e.m.c.i.e.AbstractTransferListenerAdapter - Downloading https://repo.maven.apache.org/maven2/org/springframework/cloud/spring-cloud-netflix-eureka-server/4.3.0/spring-cloud-netflix-eureka-server-4.3.0-sources.jar
2025-08-07 11:42:33,965 [Worker-7: Download sources and javadoc] INFO  o.e.m.c.i.e.AbstractTransferListenerAdapter - Downloaded https://repo.maven.apache.org/maven2/org/springframework/cloud/spring-cloud-netflix-eureka-server/4.3.0/spring-cloud-netflix-eureka-server-4.3.0-sources.jar
2025-08-07 11:42:33,977 [Worker-7: Download sources and javadoc] INFO  o.e.m.j.internal.DownloadSourcesJob - Downloaded sources for org.springframework.cloud:spring-cloud-netflix-eureka-server:4.3.0
2025-08-07 11:42:34,048 [Worker-7: Download sources and javadoc] INFO  o.e.m.c.i.e.AbstractTransferListenerAdapter - Downloading https://repo.maven.apache.org/maven2/org/springframework/boot/spring-boot-starter-actuator/3.5.4/spring-boot-starter-actuator-3.5.4-sources.jar
2025-08-07 11:42:34,056 [Worker-7: Download sources and javadoc] INFO  o.e.m.c.i.e.AbstractTransferListenerAdapter - Downloaded https://repo.maven.apache.org/maven2/org/springframework/boot/spring-boot-starter-actuator/3.5.4/spring-boot-starter-actuator-3.5.4-sources.jar
2025-08-07 11:42:34,064 [Worker-7: Download sources and javadoc] INFO  o.e.m.j.internal.DownloadSourcesJob - Downloaded sources for org.springframework.boot:spring-boot-starter-actuator:3.5.4
2025-08-07 11:42:34,145 [Worker-7: Download sources and javadoc] INFO  o.e.m.c.i.e.AbstractTransferListenerAdapter - Downloading https://repo.maven.apache.org/maven2/org/springframework/boot/spring-boot-actuator-autoconfigure/3.5.4/spring-boot-actuator-autoconfigure-3.5.4-sources.jar
2025-08-07 11:42:34,240 [Worker-7: Download sources and javadoc] INFO  o.e.m.c.i.e.AbstractTransferListenerAdapter - Downloaded https://repo.maven.apache.org/maven2/org/springframework/boot/spring-boot-actuator-autoconfigure/3.5.4/spring-boot-actuator-autoconfigure-3.5.4-sources.jar
2025-08-07 11:42:34,252 [Worker-7: Download sources and javadoc] INFO  o.e.m.j.internal.DownloadSourcesJob - Downloaded sources for org.springframework.boot:spring-boot-actuator-autoconfigure:3.5.4
2025-08-07 11:42:34,337 [Worker-7: Download sources and javadoc] INFO  o.e.m.c.i.e.AbstractTransferListenerAdapter - Downloading https://repo.maven.apache.org/maven2/org/springframework/boot/spring-boot-actuator/3.5.4/spring-boot-actuator-3.5.4-sources.jar
2025-08-07 11:42:34,431 [Worker-7: Download sources and javadoc] INFO  o.e.m.c.i.e.AbstractTransferListenerAdapter - Downloaded https://repo.maven.apache.org/maven2/org/springframework/boot/spring-boot-actuator/3.5.4/spring-boot-actuator-3.5.4-sources.jar
2025-08-07 11:42:34,447 [Worker-7: Download sources and javadoc] INFO  o.e.m.j.internal.DownloadSourcesJob - Downloaded sources for org.springframework.boot:spring-boot-actuator:3.5.4
2025-08-07 11:42:34,525 [Worker-7: Download sources and javadoc] INFO  o.e.m.c.i.e.AbstractTransferListenerAdapter - Downloading https://repo.maven.apache.org/maven2/io/micrometer/micrometer-jakarta9/1.15.2/micrometer-jakarta9-1.15.2-sources.jar
2025-08-07 11:42:34,538 [Worker-7: Download sources and javadoc] INFO  o.e.m.c.i.e.AbstractTransferListenerAdapter - Downloaded https://repo.maven.apache.org/maven2/io/micrometer/micrometer-jakarta9/1.15.2/micrometer-jakarta9-1.15.2-sources.jar
2025-08-07 11:42:34,547 [Worker-7: Download sources and javadoc] INFO  o.e.m.j.internal.DownloadSourcesJob - Downloaded sources for io.micrometer:micrometer-jakarta9:1.15.2
2025-08-07 11:42:34,626 [Worker-7: Download sources and javadoc] INFO  o.e.m.c.i.e.AbstractTransferListenerAdapter - Downloading https://repo.maven.apache.org/maven2/io/micrometer/micrometer-core/1.15.2/micrometer-core-1.15.2-sources.jar
2025-08-07 11:42:34,706 [Worker-7: Download sources and javadoc] INFO  o.e.m.c.i.e.AbstractTransferListenerAdapter - Downloaded https://repo.maven.apache.org/maven2/io/micrometer/micrometer-core/1.15.2/micrometer-core-1.15.2-sources.jar
2025-08-07 11:42:34,718 [Worker-7: Download sources and javadoc] INFO  o.e.m.j.internal.DownloadSourcesJob - Downloaded sources for io.micrometer:micrometer-core:1.15.2
2025-08-07 11:42:34,800 [Worker-7: Download sources and javadoc] INFO  o.e.m.c.i.e.AbstractTransferListenerAdapter - Downloading https://repo.maven.apache.org/maven2/org/hdrhistogram/HdrHistogram/2.2.2/HdrHistogram-2.2.2-sources.jar
2025-08-07 11:42:34,839 [Worker-7: Download sources and javadoc] INFO  o.e.m.c.i.e.AbstractTransferListenerAdapter - Downloaded https://repo.maven.apache.org/maven2/org/hdrhistogram/HdrHistogram/2.2.2/HdrHistogram-2.2.2-sources.jar
2025-08-07 11:42:34,854 [Worker-7: Download sources and javadoc] INFO  o.e.m.j.internal.DownloadSourcesJob - Downloaded sources for org.hdrhistogram:HdrHistogram:2.2.2
2025-08-07 11:42:34,927 [Worker-7: Download sources and javadoc] INFO  o.e.m.c.i.e.AbstractTransferListenerAdapter - Downloading https://repo.maven.apache.org/maven2/org/springframework/boot/spring-boot-starter-freemarker/3.5.4/spring-boot-starter-freemarker-3.5.4-sources.jar
2025-08-07 11:42:34,941 [Worker-7: Download sources and javadoc] INFO  o.e.m.c.i.e.AbstractTransferListenerAdapter - Downloaded https://repo.maven.apache.org/maven2/org/springframework/boot/spring-boot-starter-freemarker/3.5.4/spring-boot-starter-freemarker-3.5.4-sources.jar
2025-08-07 11:42:34,952 [Worker-7: Download sources and javadoc] INFO  o.e.m.j.internal.DownloadSourcesJob - Downloaded sources for org.springframework.boot:spring-boot-starter-freemarker:3.5.4
2025-08-07 11:42:35,036 [Worker-7: Download sources and javadoc] INFO  o.e.m.c.i.e.AbstractTransferListenerAdapter - Downloading https://repo.maven.apache.org/maven2/org/freemarker/freemarker/2.3.34/freemarker-2.3.34-sources.jar
2025-08-07 11:42:35,163 [Worker-7: Download sources and javadoc] INFO  o.e.m.c.i.e.AbstractTransferListenerAdapter - Downloaded https://repo.maven.apache.org/maven2/org/freemarker/freemarker/2.3.34/freemarker-2.3.34-sources.jar
2025-08-07 11:42:35,173 [Worker-7: Download sources and javadoc] INFO  o.e.m.j.internal.DownloadSourcesJob - Downloaded sources for org.freemarker:freemarker:2.3.34
2025-08-07 11:42:35,244 [Worker-7: Download sources and javadoc] INFO  o.e.m.c.i.e.AbstractTransferListenerAdapter - Downloading https://repo.maven.apache.org/maven2/org/springframework/spring-context-support/6.2.9/spring-context-support-6.2.9-sources.jar
2025-08-07 11:42:35,289 [Worker-7: Download sources and javadoc] INFO  o.e.m.c.i.e.AbstractTransferListenerAdapter - Downloaded https://repo.maven.apache.org/maven2/org/springframework/spring-context-support/6.2.9/spring-context-support-6.2.9-sources.jar
2025-08-07 11:42:35,307 [Worker-7: Download sources and javadoc] INFO  o.e.m.j.internal.DownloadSourcesJob - Downloaded sources for org.springframework:spring-context-support:6.2.9
2025-08-07 11:42:35,395 [Worker-7: Download sources and javadoc] INFO  o.e.m.c.i.e.AbstractTransferListenerAdapter - Downloading https://repo.maven.apache.org/maven2/org/springframework/cloud/spring-cloud-netflix-eureka-client/4.3.0/spring-cloud-netflix-eureka-client-4.3.0-sources.jar
2025-08-07 11:42:35,428 [Worker-7: Download sources and javadoc] INFO  o.e.m.c.i.e.AbstractTransferListenerAdapter - Downloaded https://repo.maven.apache.org/maven2/org/springframework/cloud/spring-cloud-netflix-eureka-client/4.3.0/spring-cloud-netflix-eureka-client-4.3.0-sources.jar
2025-08-07 11:42:35,448 [Worker-7: Download sources and javadoc] INFO  o.e.m.j.internal.DownloadSourcesJob - Downloaded sources for org.springframework.cloud:spring-cloud-netflix-eureka-client:4.3.0
2025-08-07 11:42:35,540 [Worker-7: Download sources and javadoc] INFO  o.e.m.c.i.e.AbstractTransferListenerAdapter - Downloading https://repo.maven.apache.org/maven2/com/netflix/eureka/eureka-client/2.0.4/eureka-client-2.0.4-sources.jar
2025-08-07 11:42:35,602 [Worker-7: Download sources and javadoc] INFO  o.e.m.c.i.e.AbstractTransferListenerAdapter - Downloaded https://repo.maven.apache.org/maven2/com/netflix/eureka/eureka-client/2.0.4/eureka-client-2.0.4-sources.jar
2025-08-07 11:42:35,614 [Worker-7: Download sources and javadoc] INFO  o.e.m.j.internal.DownloadSourcesJob - Downloaded sources for com.netflix.eureka:eureka-client:2.0.4
2025-08-07 11:42:35,729 [Worker-7: Download sources and javadoc] INFO  o.e.m.c.i.e.AbstractTransferListenerAdapter - Downloading https://repo.maven.apache.org/maven2/com/thoughtworks/xstream/xstream/1.4.20/xstream-1.4.20-sources.jar
2025-08-07 11:42:35,826 [Worker-7: Download sources and javadoc] INFO  o.e.m.c.i.e.AbstractTransferListenerAdapter - Downloaded https://repo.maven.apache.org/maven2/com/thoughtworks/xstream/xstream/1.4.20/xstream-1.4.20-sources.jar
2025-08-07 11:42:35,889 [Worker-7: Download sources and javadoc] INFO  o.e.m.j.internal.DownloadSourcesJob - Downloaded sources for com.thoughtworks.xstream:xstream:1.4.20
2025-08-07 11:42:36,007 [Worker-7: Download sources and javadoc] INFO  o.e.m.c.i.e.AbstractTransferListenerAdapter - Downloading https://repo.maven.apache.org/maven2/io/github/x-stream/mxparser/1.2.2/mxparser-1.2.2-sources.jar
2025-08-07 11:42:36,027 [Worker-7: Download sources and javadoc] INFO  o.e.m.c.i.e.AbstractTransferListenerAdapter - Downloaded https://repo.maven.apache.org/maven2/io/github/x-stream/mxparser/1.2.2/mxparser-1.2.2-sources.jar
2025-08-07 11:42:36,040 [Worker-7: Download sources and javadoc] INFO  o.e.m.j.internal.DownloadSourcesJob - Downloaded sources for io.github.x-stream:mxparser:1.2.2
2025-08-07 11:42:36,135 [Worker-7: Download sources and javadoc] INFO  o.e.m.c.i.e.AbstractTransferListenerAdapter - Downloaded https://repo.maven.apache.org/maven2/xmlpull/xmlpull/1.1.3.1/xmlpull-1.1.3.1-sources.jar
2025-08-07 11:42:36,145 [Worker-7: Download sources and javadoc] ERROR o.e.m.j.internal.DownloadSourcesJob - Could not download sources for xmlpull:xmlpull:1.1.3.1
org.eclipse.core.runtime.CoreException: Could not resolve artifact xmlpull:xmlpull:jar:sources:1.1.3.1
	at org.eclipse.m2e.core.internal.embedder.MavenImpl.lambda$7(MavenImpl.java:540)
	at org.eclipse.m2e.core.internal.embedder.MavenExecutionContext.executeBare(MavenExecutionContext.java:458)
	at org.eclipse.m2e.core.internal.embedder.MavenExecutionContext.execute(MavenExecutionContext.java:292)
	at org.eclipse.m2e.core.internal.embedder.MavenExecutionContext.execute(MavenExecutionContext.java:278)
	at org.eclipse.m2e.core.internal.embedder.MavenImpl.resolve(MavenImpl.java:509)
	at org.eclipse.m2e.core.internal.embedder.MavenImpl.resolve(MavenImpl.java:494)
	at org.eclipse.m2e.jdt.internal.DownloadSourcesJob.download(DownloadSourcesJob.java:308)
	at org.eclipse.m2e.jdt.internal.DownloadSourcesJob.downloadAttachments(DownloadSourcesJob.java:282)
	at org.eclipse.m2e.jdt.internal.DownloadSourcesJob.downloadMaven(DownloadSourcesJob.java:252)
	at org.eclipse.m2e.jdt.internal.DownloadSourcesJob.downloadFilesAndPopulateToUpdate(DownloadSourcesJob.java:220)
	at org.eclipse.m2e.jdt.internal.DownloadSourcesJob.lambda$0(DownloadSourcesJob.java:149)
	at org.eclipse.m2e.core.internal.embedder.MavenExecutionContext.executeBare(MavenExecutionContext.java:458)
	at org.eclipse.m2e.core.internal.embedder.MavenExecutionContext.execute(MavenExecutionContext.java:339)
	at org.eclipse.m2e.core.internal.embedder.MavenExecutionContext.execute(MavenExecutionContext.java:278)
	at org.eclipse.m2e.core.embedder.IMaven.execute(IMaven.java:300)
	at org.eclipse.m2e.jdt.internal.DownloadSourcesJob.run(DownloadSourcesJob.java:149)
	at org.eclipse.core.internal.jobs.Worker.run(Worker.java:63)
2025-08-07 11:42:36,262 [Worker-7: Download sources and javadoc] INFO  o.e.m.c.i.e.AbstractTransferListenerAdapter - Downloading https://repo.maven.apache.org/maven2/com/netflix/spectator/spectator-api/1.7.3/spectator-api-1.7.3-sources.jar
2025-08-07 11:42:36,313 [Worker-7: Download sources and javadoc] INFO  o.e.m.c.i.e.AbstractTransferListenerAdapter - Downloaded https://repo.maven.apache.org/maven2/com/netflix/spectator/spectator-api/1.7.3/spectator-api-1.7.3-sources.jar
2025-08-07 11:42:36,328 [Worker-7: Download sources and javadoc] INFO  o.e.m.j.internal.DownloadSourcesJob - Downloaded sources for com.netflix.spectator:spectator-api:1.7.3
2025-08-07 11:42:36,414 [Worker-7: Download sources and javadoc] INFO  o.e.m.c.i.e.AbstractTransferListenerAdapter - Downloading https://repo.maven.apache.org/maven2/org/apache/httpcomponents/httpclient/4.5.3/httpclient-4.5.3-sources.jar
2025-08-07 11:42:36,536 [Worker-7: Download sources and javadoc] INFO  o.e.m.c.i.e.AbstractTransferListenerAdapter - Downloaded https://repo.maven.apache.org/maven2/org/apache/httpcomponents/httpclient/4.5.3/httpclient-4.5.3-sources.jar
2025-08-07 11:42:36,550 [Worker-7: Download sources and javadoc] INFO  o.e.m.j.internal.DownloadSourcesJob - Downloaded sources for org.apache.httpcomponents:httpclient:4.5.3
2025-08-07 11:42:36,650 [Worker-7: Download sources and javadoc] INFO  o.e.m.c.i.e.AbstractTransferListenerAdapter - Downloading https://repo.maven.apache.org/maven2/org/apache/httpcomponents/httpcore/4.4.16/httpcore-4.4.16-sources.jar
2025-08-07 11:42:36,727 [Worker-7: Download sources and javadoc] INFO  o.e.m.c.i.e.AbstractTransferListenerAdapter - Downloaded https://repo.maven.apache.org/maven2/org/apache/httpcomponents/httpcore/4.4.16/httpcore-4.4.16-sources.jar
2025-08-07 11:42:36,741 [Worker-7: Download sources and javadoc] INFO  o.e.m.j.internal.DownloadSourcesJob - Downloaded sources for org.apache.httpcomponents:httpcore:4.4.16
2025-08-07 11:42:36,834 [Worker-7: Download sources and javadoc] INFO  o.e.m.c.i.e.AbstractTransferListenerAdapter - Downloading https://repo.maven.apache.org/maven2/commons-configuration/commons-configuration/1.10/commons-configuration-1.10-sources.jar
2025-08-07 11:42:36,902 [Worker-7: Download sources and javadoc] INFO  o.e.m.c.i.e.AbstractTransferListenerAdapter - Downloaded https://repo.maven.apache.org/maven2/commons-configuration/commons-configuration/1.10/commons-configuration-1.10-sources.jar
2025-08-07 11:42:36,922 [Worker-7: Download sources and javadoc] INFO  o.e.m.j.internal.DownloadSourcesJob - Downloaded sources for commons-configuration:commons-configuration:1.10
2025-08-07 11:42:37,009 [Worker-7: Download sources and javadoc] INFO  o.e.m.c.i.e.AbstractTransferListenerAdapter - Downloading https://repo.maven.apache.org/maven2/commons-lang/commons-lang/2.6/commons-lang-2.6-sources.jar
2025-08-07 11:42:37,071 [Worker-7: Download sources and javadoc] INFO  o.e.m.c.i.e.AbstractTransferListenerAdapter - Downloaded https://repo.maven.apache.org/maven2/commons-lang/commons-lang/2.6/commons-lang-2.6-sources.jar
2025-08-07 11:42:37,089 [Worker-7: Download sources and javadoc] INFO  o.e.m.j.internal.DownloadSourcesJob - Downloaded sources for commons-lang:commons-lang:2.6
2025-08-07 11:42:37,189 [Worker-7: Download sources and javadoc] INFO  o.e.m.c.i.e.AbstractTransferListenerAdapter - Downloading https://repo.maven.apache.org/maven2/com/netflix/netflix-commons/netflix-eventbus/0.3.0/netflix-eventbus-0.3.0-sources.jar
2025-08-07 11:42:37,215 [Worker-7: Download sources and javadoc] INFO  o.e.m.c.i.e.AbstractTransferListenerAdapter - Downloaded https://repo.maven.apache.org/maven2/com/netflix/netflix-commons/netflix-eventbus/0.3.0/netflix-eventbus-0.3.0-sources.jar
2025-08-07 11:42:37,229 [Worker-7: Download sources and javadoc] INFO  o.e.m.j.internal.DownloadSourcesJob - Downloaded sources for com.netflix.netflix-commons:netflix-eventbus:0.3.0
2025-08-07 11:42:37,305 [Worker-7: Download sources and javadoc] INFO  o.e.m.c.i.e.AbstractTransferListenerAdapter - Downloading https://repo.maven.apache.org/maven2/com/netflix/netflix-commons/netflix-infix/0.3.0/netflix-infix-0.3.0-sources.jar
2025-08-07 11:42:37,337 [Worker-7: Download sources and javadoc] INFO  o.e.m.c.i.e.AbstractTransferListenerAdapter - Downloaded https://repo.maven.apache.org/maven2/com/netflix/netflix-commons/netflix-infix/0.3.0/netflix-infix-0.3.0-sources.jar
2025-08-07 11:42:37,350 [Worker-7: Download sources and javadoc] INFO  o.e.m.j.internal.DownloadSourcesJob - Downloaded sources for com.netflix.netflix-commons:netflix-infix:0.3.0
2025-08-07 11:42:37,454 [Worker-7: Download sources and javadoc] INFO  o.e.m.c.i.e.AbstractTransferListenerAdapter - Downloading https://repo.maven.apache.org/maven2/commons-jxpath/commons-jxpath/1.3/commons-jxpath-1.3-sources.jar
2025-08-07 11:42:37,551 [Worker-7: Download sources and javadoc] INFO  o.e.m.c.i.e.AbstractTransferListenerAdapter - Downloaded https://repo.maven.apache.org/maven2/commons-jxpath/commons-jxpath/1.3/commons-jxpath-1.3-sources.jar
2025-08-07 11:42:37,564 [Worker-7: Download sources and javadoc] INFO  o.e.m.j.internal.DownloadSourcesJob - Downloaded sources for commons-jxpath:commons-jxpath:1.3
2025-08-07 11:42:37,649 [Worker-7: Download sources and javadoc] INFO  o.e.m.c.i.e.AbstractTransferListenerAdapter - Downloading https://repo.maven.apache.org/maven2/joda-time/joda-time/2.3/joda-time-2.3-sources.jar
2025-08-07 11:42:37,801 [Worker-7: Download sources and javadoc] INFO  o.e.m.c.i.e.AbstractTransferListenerAdapter - Downloaded https://repo.maven.apache.org/maven2/joda-time/joda-time/2.3/joda-time-2.3-sources.jar
2025-08-07 11:42:37,822 [Worker-7: Download sources and javadoc] INFO  o.e.m.j.internal.DownloadSourcesJob - Downloaded sources for joda-time:joda-time:2.3
2025-08-07 11:42:37,918 [Worker-7: Download sources and javadoc] INFO  o.e.m.c.i.e.AbstractTransferListenerAdapter - Downloading https://repo.maven.apache.org/maven2/org/antlr/antlr-runtime/3.4/antlr-runtime-3.4-sources.jar
2025-08-07 11:42:37,970 [Worker-7: Download sources and javadoc] INFO  o.e.m.c.i.e.AbstractTransferListenerAdapter - Downloaded https://repo.maven.apache.org/maven2/org/antlr/antlr-runtime/3.4/antlr-runtime-3.4-sources.jar
2025-08-07 11:42:37,983 [Worker-7: Download sources and javadoc] INFO  o.e.m.j.internal.DownloadSourcesJob - Downloaded sources for org.antlr:antlr-runtime:3.4
2025-08-07 11:42:38,120 [Worker-7: Download sources and javadoc] INFO  o.e.m.c.i.e.AbstractTransferListenerAdapter - Downloading https://repo.maven.apache.org/maven2/org/antlr/stringtemplate/3.2.1/stringtemplate-3.2.1-sources.jar
2025-08-07 11:42:38,174 [Worker-7: Download sources and javadoc] INFO  o.e.m.c.i.e.AbstractTransferListenerAdapter - Downloaded https://repo.maven.apache.org/maven2/org/antlr/stringtemplate/3.2.1/stringtemplate-3.2.1-sources.jar
2025-08-07 11:42:38,186 [Worker-7: Download sources and javadoc] INFO  o.e.m.j.internal.DownloadSourcesJob - Downloaded sources for org.antlr:stringtemplate:3.2.1
2025-08-07 11:42:38,484 [Worker-7: Download sources and javadoc] INFO  o.e.m.c.i.e.AbstractTransferListenerAdapter - Downloaded https://repo.maven.apache.org/maven2/antlr/antlr/2.7.7/antlr-2.7.7-sources.jar
2025-08-07 11:42:38,494 [Worker-7: Download sources and javadoc] ERROR o.e.m.j.internal.DownloadSourcesJob - Could not download sources for antlr:antlr:2.7.7
org.eclipse.core.runtime.CoreException: Could not resolve artifact antlr:antlr:jar:sources:2.7.7
	at org.eclipse.m2e.core.internal.embedder.MavenImpl.lambda$7(MavenImpl.java:540)
	at org.eclipse.m2e.core.internal.embedder.MavenExecutionContext.executeBare(MavenExecutionContext.java:458)
	at org.eclipse.m2e.core.internal.embedder.MavenExecutionContext.execute(MavenExecutionContext.java:292)
	at org.eclipse.m2e.core.internal.embedder.MavenExecutionContext.execute(MavenExecutionContext.java:278)
	at org.eclipse.m2e.core.internal.embedder.MavenImpl.resolve(MavenImpl.java:509)
	at org.eclipse.m2e.core.internal.embedder.MavenImpl.resolve(MavenImpl.java:494)
	at org.eclipse.m2e.jdt.internal.DownloadSourcesJob.download(DownloadSourcesJob.java:308)
	at org.eclipse.m2e.jdt.internal.DownloadSourcesJob.downloadAttachments(DownloadSourcesJob.java:282)
	at org.eclipse.m2e.jdt.internal.DownloadSourcesJob.downloadMaven(DownloadSourcesJob.java:252)
	at org.eclipse.m2e.jdt.internal.DownloadSourcesJob.downloadFilesAndPopulateToUpdate(DownloadSourcesJob.java:220)
	at org.eclipse.m2e.jdt.internal.DownloadSourcesJob.lambda$0(DownloadSourcesJob.java:149)
	at org.eclipse.m2e.core.internal.embedder.MavenExecutionContext.executeBare(MavenExecutionContext.java:458)
	at org.eclipse.m2e.core.internal.embedder.MavenExecutionContext.execute(MavenExecutionContext.java:339)
	at org.eclipse.m2e.core.internal.embedder.MavenExecutionContext.execute(MavenExecutionContext.java:278)
	at org.eclipse.m2e.core.embedder.IMaven.execute(IMaven.java:300)
	at org.eclipse.m2e.jdt.internal.DownloadSourcesJob.run(DownloadSourcesJob.java:149)
	at org.eclipse.core.internal.jobs.Worker.run(Worker.java:63)
2025-08-07 11:42:38,594 [Worker-7: Download sources and javadoc] INFO  o.e.m.c.i.e.AbstractTransferListenerAdapter - Downloading https://repo.maven.apache.org/maven2/com/google/code/gson/gson/2.13.1/gson-2.13.1-sources.jar
2025-08-07 11:42:38,635 [Worker-9: Building] INFO  o.a.m.s.f.DefaultMavenResourcesFiltering - Copying 1 resource from src\main\resources to target\classes
2025-08-07 11:42:38,658 [Worker-7: Download sources and javadoc] INFO  o.e.m.c.i.e.AbstractTransferListenerAdapter - Downloaded https://repo.maven.apache.org/maven2/com/google/code/gson/gson/2.13.1/gson-2.13.1-sources.jar
2025-08-07 11:42:38,675 [Worker-7: Download sources and javadoc] INFO  o.e.m.j.internal.DownloadSourcesJob - Downloaded sources for com.google.code.gson:gson:2.13.1
2025-08-07 11:42:38,750 [Worker-9: Building] INFO  o.a.m.s.f.DefaultMavenResourcesFiltering - Copying 0 resource from src\main\resources to target\classes
2025-08-07 11:42:38,759 [Worker-7: Download sources and javadoc] INFO  o.e.m.c.i.e.AbstractTransferListenerAdapter - Downloading https://repo.maven.apache.org/maven2/com/netflix/servo/servo-core/0.5.3/servo-core-0.5.3-sources.jar
2025-08-07 11:42:38,770 [Worker-9: Building] INFO  o.a.m.s.f.DefaultMavenResourcesFiltering - skip non existing resourceDirectory C:\Users\laksh\Music\Microservices\Practice\eureka-server\src\test\resources
2025-08-07 11:42:38,835 [Worker-7: Download sources and javadoc] INFO  o.e.m.c.i.e.AbstractTransferListenerAdapter - Downloaded https://repo.maven.apache.org/maven2/com/netflix/servo/servo-core/0.5.3/servo-core-0.5.3-sources.jar
2025-08-07 11:42:38,852 [Worker-7: Download sources and javadoc] INFO  o.e.m.j.internal.DownloadSourcesJob - Downloaded sources for com.netflix.servo:servo-core:0.5.3
2025-08-07 11:42:38,983 [Worker-7: Download sources and javadoc] INFO  o.e.m.c.i.e.AbstractTransferListenerAdapter - Downloading https://repo.maven.apache.org/maven2/org/apache/commons/commons-math/2.2/commons-math-2.2-sources.jar
2025-08-07 11:42:39,189 [Worker-7: Download sources and javadoc] INFO  o.e.m.c.i.e.AbstractTransferListenerAdapter - Downloaded https://repo.maven.apache.org/maven2/org/apache/commons/commons-math/2.2/commons-math-2.2-sources.jar
2025-08-07 11:42:39,206 [Worker-7: Download sources and javadoc] INFO  o.e.m.j.internal.DownloadSourcesJob - Downloaded sources for org.apache.commons:commons-math:2.2
2025-08-07 11:42:39,317 [Worker-7: Download sources and javadoc] INFO  o.e.m.c.i.e.AbstractTransferListenerAdapter - Downloading https://repo.maven.apache.org/maven2/javax/annotation/javax.annotation-api/1.2/javax.annotation-api-1.2-sources.jar
2025-08-07 11:42:39,339 [Worker-7: Download sources and javadoc] INFO  o.e.m.c.i.e.AbstractTransferListenerAdapter - Downloaded https://repo.maven.apache.org/maven2/javax/annotation/javax.annotation-api/1.2/javax.annotation-api-1.2-sources.jar
2025-08-07 11:42:39,358 [Worker-7: Download sources and javadoc] INFO  o.e.m.j.internal.DownloadSourcesJob - Downloaded sources for javax.annotation:javax.annotation-api:1.2
2025-08-07 11:42:39,450 [Worker-7: Download sources and javadoc] INFO  o.e.m.c.i.e.AbstractTransferListenerAdapter - Downloading https://repo.maven.apache.org/maven2/org/codehaus/jettison/jettison/1.5.4/jettison-1.5.4-sources.jar
2025-08-07 11:42:39,482 [Worker-7: Download sources and javadoc] INFO  o.e.m.c.i.e.AbstractTransferListenerAdapter - Downloaded https://repo.maven.apache.org/maven2/org/codehaus/jettison/jettison/1.5.4/jettison-1.5.4-sources.jar
2025-08-07 11:42:39,500 [Worker-7: Download sources and javadoc] INFO  o.e.m.j.internal.DownloadSourcesJob - Downloaded sources for org.codehaus.jettison:jettison:1.5.4
2025-08-07 11:42:39,597 [Worker-7: Download sources and javadoc] INFO  o.e.m.c.i.e.AbstractTransferListenerAdapter - Downloading https://repo.maven.apache.org/maven2/org/apache/httpcomponents/client5/httpclient5/5.5/httpclient5-5.5-sources.jar
2025-08-07 11:42:39,710 [Worker-7: Download sources and javadoc] INFO  o.e.m.c.i.e.AbstractTransferListenerAdapter - Downloaded https://repo.maven.apache.org/maven2/org/apache/httpcomponents/client5/httpclient5/5.5/httpclient5-5.5-sources.jar
2025-08-07 11:42:39,722 [Worker-7: Download sources and javadoc] INFO  o.e.m.j.internal.DownloadSourcesJob - Downloaded sources for org.apache.httpcomponents.client5:httpclient5:5.5
2025-08-07 11:42:39,821 [Worker-7: Download sources and javadoc] INFO  o.e.m.c.i.e.AbstractTransferListenerAdapter - Downloading https://repo.maven.apache.org/maven2/org/apache/httpcomponents/core5/httpcore5/5.3.4/httpcore5-5.3.4-sources.jar
2025-08-07 11:42:39,922 [Worker-7: Download sources and javadoc] INFO  o.e.m.c.i.e.AbstractTransferListenerAdapter - Downloaded https://repo.maven.apache.org/maven2/org/apache/httpcomponents/core5/httpcore5/5.3.4/httpcore5-5.3.4-sources.jar
2025-08-07 11:42:39,937 [Worker-7: Download sources and javadoc] INFO  o.e.m.j.internal.DownloadSourcesJob - Downloaded sources for org.apache.httpcomponents.core5:httpcore5:5.3.4
2025-08-07 11:42:40,031 [Worker-7: Download sources and javadoc] INFO  o.e.m.c.i.e.AbstractTransferListenerAdapter - Downloading https://repo.maven.apache.org/maven2/org/apache/httpcomponents/core5/httpcore5-h2/5.3.4/httpcore5-h2-5.3.4-sources.jar
2025-08-07 11:42:40,088 [Worker-7: Download sources and javadoc] INFO  o.e.m.c.i.e.AbstractTransferListenerAdapter - Downloaded https://repo.maven.apache.org/maven2/org/apache/httpcomponents/core5/httpcore5-h2/5.3.4/httpcore5-h2-5.3.4-sources.jar
2025-08-07 11:42:40,108 [Worker-7: Download sources and javadoc] INFO  o.e.m.j.internal.DownloadSourcesJob - Downloaded sources for org.apache.httpcomponents.core5:httpcore5-h2:5.3.4
2025-08-07 11:42:40,213 [Worker-7: Download sources and javadoc] INFO  o.e.m.c.i.e.AbstractTransferListenerAdapter - Downloading https://repo.maven.apache.org/maven2/com/netflix/eureka/eureka-client-jersey3/2.0.4/eureka-client-jersey3-2.0.4-sources.jar
2025-08-07 11:42:40,229 [Worker-7: Download sources and javadoc] INFO  o.e.m.c.i.e.AbstractTransferListenerAdapter - Downloaded https://repo.maven.apache.org/maven2/com/netflix/eureka/eureka-client-jersey3/2.0.4/eureka-client-jersey3-2.0.4-sources.jar
2025-08-07 11:42:40,246 [Worker-7: Download sources and javadoc] INFO  o.e.m.j.internal.DownloadSourcesJob - Downloaded sources for com.netflix.eureka:eureka-client-jersey3:2.0.4
2025-08-07 11:42:40,354 [Worker-7: Download sources and javadoc] INFO  o.e.m.c.i.e.AbstractTransferListenerAdapter - Downloading https://repo.maven.apache.org/maven2/org/glassfish/jersey/connectors/jersey-apache-connector/3.1.10/jersey-apache-connector-3.1.10-sources.jar
2025-08-07 11:42:40,371 [Worker-7: Download sources and javadoc] INFO  o.e.m.c.i.e.AbstractTransferListenerAdapter - Downloaded https://repo.maven.apache.org/maven2/org/glassfish/jersey/connectors/jersey-apache-connector/3.1.10/jersey-apache-connector-3.1.10-sources.jar
2025-08-07 11:42:40,384 [Worker-7: Download sources and javadoc] INFO  o.e.m.j.internal.DownloadSourcesJob - Downloaded sources for org.glassfish.jersey.connectors:jersey-apache-connector:3.1.10
2025-08-07 11:42:40,451 [Worker-7: Download sources and javadoc] INFO  o.e.m.c.i.e.AbstractTransferListenerAdapter - Downloading https://repo.maven.apache.org/maven2/commons-codec/commons-codec/1.18.0/commons-codec-1.18.0-sources.jar
2025-08-07 11:42:40,539 [Worker-7: Download sources and javadoc] INFO  o.e.m.c.i.e.AbstractTransferListenerAdapter - Downloaded https://repo.maven.apache.org/maven2/commons-codec/commons-codec/1.18.0/commons-codec-1.18.0-sources.jar
2025-08-07 11:42:40,549 [Worker-7: Download sources and javadoc] INFO  o.e.m.j.internal.DownloadSourcesJob - Downloaded sources for commons-codec:commons-codec:1.18.0
2025-08-07 11:42:40,628 [Worker-7: Download sources and javadoc] INFO  o.e.m.c.i.e.AbstractTransferListenerAdapter - Downloading https://repo.maven.apache.org/maven2/com/netflix/eureka/eureka-core-jersey3/2.0.4/eureka-core-jersey3-2.0.4-sources.jar
2025-08-07 11:42:40,641 [Worker-7: Download sources and javadoc] INFO  o.e.m.c.i.e.AbstractTransferListenerAdapter - Downloaded https://repo.maven.apache.org/maven2/com/netflix/eureka/eureka-core-jersey3/2.0.4/eureka-core-jersey3-2.0.4-sources.jar
2025-08-07 11:42:40,654 [Worker-7: Download sources and javadoc] INFO  o.e.m.j.internal.DownloadSourcesJob - Downloaded sources for com.netflix.eureka:eureka-core-jersey3:2.0.4
2025-08-07 11:42:40,722 [Worker-7: Download sources and javadoc] INFO  o.e.m.c.i.e.AbstractTransferListenerAdapter - Downloading https://repo.maven.apache.org/maven2/com/netflix/eureka/eureka-core/2.0.4/eureka-core-2.0.4-sources.jar
2025-08-07 11:42:40,770 [Worker-7: Download sources and javadoc] INFO  o.e.m.c.i.e.AbstractTransferListenerAdapter - Downloaded https://repo.maven.apache.org/maven2/com/netflix/eureka/eureka-core/2.0.4/eureka-core-2.0.4-sources.jar
2025-08-07 11:42:40,781 [Worker-7: Download sources and javadoc] INFO  o.e.m.j.internal.DownloadSourcesJob - Downloaded sources for com.netflix.eureka:eureka-core:2.0.4
2025-08-07 11:42:40,856 [Worker-7: Download sources and javadoc] INFO  o.e.m.c.i.e.AbstractTransferListenerAdapter - Downloading https://repo.maven.apache.org/maven2/com/google/guava/guava/33.0.0-jre/guava-33.0.0-jre-sources.jar
2025-08-07 11:42:41,045 [Worker-7: Download sources and javadoc] INFO  o.e.m.c.i.e.AbstractTransferListenerAdapter - Downloaded https://repo.maven.apache.org/maven2/com/google/guava/guava/33.0.0-jre/guava-33.0.0-jre-sources.jar
2025-08-07 11:42:41,061 [Worker-7: Download sources and javadoc] INFO  o.e.m.j.internal.DownloadSourcesJob - Downloaded sources for com.google.guava:guava:33.0.0-jre
2025-08-07 11:42:41,141 [Worker-7: Download sources and javadoc] INFO  o.e.m.c.i.e.AbstractTransferListenerAdapter - Downloading https://repo.maven.apache.org/maven2/com/google/guava/failureaccess/1.0.2/failureaccess-1.0.2-sources.jar
2025-08-07 11:42:41,157 [Worker-7: Download sources and javadoc] INFO  o.e.m.c.i.e.AbstractTransferListenerAdapter - Downloaded https://repo.maven.apache.org/maven2/com/google/guava/failureaccess/1.0.2/failureaccess-1.0.2-sources.jar
2025-08-07 11:42:41,174 [Worker-7: Download sources and javadoc] INFO  o.e.m.j.internal.DownloadSourcesJob - Downloaded sources for com.google.guava:failureaccess:1.0.2
2025-08-07 11:42:41,248 [Worker-7: Download sources and javadoc] INFO  o.e.m.c.i.e.AbstractTransferListenerAdapter - Downloaded https://repo.maven.apache.org/maven2/com/google/guava/listenablefuture/9999.0-empty-to-avoid-conflict-with-guava/listenablefuture-9999.0-empty-to-avoid-conflict-with-guava-sources.jar
2025-08-07 11:42:41,257 [Worker-7: Download sources and javadoc] ERROR o.e.m.j.internal.DownloadSourcesJob - Could not download sources for com.google.guava:listenablefuture:9999.0-empty-to-avoid-conflict-with-guava
org.eclipse.core.runtime.CoreException: Could not resolve artifact com.google.guava:listenablefuture:jar:sources:9999.0-empty-to-avoid-conflict-with-guava
	at org.eclipse.m2e.core.internal.embedder.MavenImpl.lambda$7(MavenImpl.java:540)
	at org.eclipse.m2e.core.internal.embedder.MavenExecutionContext.executeBare(MavenExecutionContext.java:458)
	at org.eclipse.m2e.core.internal.embedder.MavenExecutionContext.execute(MavenExecutionContext.java:292)
	at org.eclipse.m2e.core.internal.embedder.MavenExecutionContext.execute(MavenExecutionContext.java:278)
	at org.eclipse.m2e.core.internal.embedder.MavenImpl.resolve(MavenImpl.java:509)
	at org.eclipse.m2e.core.internal.embedder.MavenImpl.resolve(MavenImpl.java:494)
	at org.eclipse.m2e.jdt.internal.DownloadSourcesJob.download(DownloadSourcesJob.java:308)
	at org.eclipse.m2e.jdt.internal.DownloadSourcesJob.downloadAttachments(DownloadSourcesJob.java:282)
	at org.eclipse.m2e.jdt.internal.DownloadSourcesJob.downloadMaven(DownloadSourcesJob.java:252)
	at org.eclipse.m2e.jdt.internal.DownloadSourcesJob.downloadFilesAndPopulateToUpdate(DownloadSourcesJob.java:220)
	at org.eclipse.m2e.jdt.internal.DownloadSourcesJob.lambda$0(DownloadSourcesJob.java:149)
	at org.eclipse.m2e.core.internal.embedder.MavenExecutionContext.executeBare(MavenExecutionContext.java:458)
	at org.eclipse.m2e.core.internal.embedder.MavenExecutionContext.execute(MavenExecutionContext.java:339)
	at org.eclipse.m2e.core.internal.embedder.MavenExecutionContext.execute(MavenExecutionContext.java:278)
	at org.eclipse.m2e.core.embedder.IMaven.execute(IMaven.java:300)
	at org.eclipse.m2e.jdt.internal.DownloadSourcesJob.run(DownloadSourcesJob.java:149)
	at org.eclipse.core.internal.jobs.Worker.run(Worker.java:63)
2025-08-07 11:42:41,333 [Worker-7: Download sources and javadoc] INFO  o.e.m.c.i.e.AbstractTransferListenerAdapter - Downloading https://repo.maven.apache.org/maven2/org/checkerframework/checker-qual/3.41.0/checker-qual-3.41.0-sources.jar
2025-08-07 11:42:41,412 [Worker-7: Download sources and javadoc] INFO  o.e.m.c.i.e.AbstractTransferListenerAdapter - Downloaded https://repo.maven.apache.org/maven2/org/checkerframework/checker-qual/3.41.0/checker-qual-3.41.0-sources.jar
2025-08-07 11:42:41,426 [Worker-7: Download sources and javadoc] INFO  o.e.m.j.internal.DownloadSourcesJob - Downloaded sources for org.checkerframework:checker-qual:3.41.0
2025-08-07 11:42:41,508 [Worker-7: Download sources and javadoc] INFO  o.e.m.c.i.e.AbstractTransferListenerAdapter - Downloading https://repo.maven.apache.org/maven2/com/google/errorprone/error_prone_annotations/2.23.0/error_prone_annotations-2.23.0-sources.jar
2025-08-07 11:42:41,531 [Worker-7: Download sources and javadoc] INFO  o.e.m.c.i.e.AbstractTransferListenerAdapter - Downloaded https://repo.maven.apache.org/maven2/com/google/errorprone/error_prone_annotations/2.23.0/error_prone_annotations-2.23.0-sources.jar
2025-08-07 11:42:41,548 [Worker-7: Download sources and javadoc] INFO  o.e.m.j.internal.DownloadSourcesJob - Downloaded sources for com.google.errorprone:error_prone_annotations:2.23.0
2025-08-07 11:42:41,624 [Worker-7: Download sources and javadoc] INFO  o.e.m.c.i.e.AbstractTransferListenerAdapter - Downloading https://repo.maven.apache.org/maven2/com/google/j2objc/j2objc-annotations/2.8/j2objc-annotations-2.8-sources.jar
2025-08-07 11:42:41,701 [Worker-7: Download sources and javadoc] INFO  o.e.m.c.i.e.AbstractTransferListenerAdapter - Downloaded https://repo.maven.apache.org/maven2/com/google/j2objc/j2objc-annotations/2.8/j2objc-annotations-2.8-sources.jar
2025-08-07 11:42:41,721 [Worker-7: Download sources and javadoc] INFO  o.e.m.j.internal.DownloadSourcesJob - Downloaded sources for com.google.j2objc:j2objc-annotations:2.8
2025-08-07 11:42:41,817 [Worker-7: Download sources and javadoc] INFO  o.e.m.c.i.e.AbstractTransferListenerAdapter - Downloading https://repo.maven.apache.org/maven2/org/glassfish/jersey/containers/jersey-container-servlet/3.1.10/jersey-container-servlet-3.1.10-sources.jar
2025-08-07 11:42:41,834 [Worker-7: Download sources and javadoc] INFO  o.e.m.c.i.e.AbstractTransferListenerAdapter - Downloaded https://repo.maven.apache.org/maven2/org/glassfish/jersey/containers/jersey-container-servlet/3.1.10/jersey-container-servlet-3.1.10-sources.jar
2025-08-07 11:42:41,849 [Worker-7: Download sources and javadoc] INFO  o.e.m.j.internal.DownloadSourcesJob - Downloaded sources for org.glassfish.jersey.containers:jersey-container-servlet:3.1.10
2025-08-07 11:42:41,925 [Worker-7: Download sources and javadoc] INFO  o.e.m.c.i.e.AbstractTransferListenerAdapter - Downloading https://repo.maven.apache.org/maven2/org/glassfish/jersey/containers/jersey-container-servlet-core/3.1.10/jersey-container-servlet-core-3.1.10-sources.jar
2025-08-07 11:42:41,954 [Worker-7: Download sources and javadoc] INFO  o.e.m.c.i.e.AbstractTransferListenerAdapter - Downloaded https://repo.maven.apache.org/maven2/org/glassfish/jersey/containers/jersey-container-servlet-core/3.1.10/jersey-container-servlet-core-3.1.10-sources.jar
2025-08-07 11:42:41,965 [Worker-7: Download sources and javadoc] INFO  o.e.m.j.internal.DownloadSourcesJob - Downloaded sources for org.glassfish.jersey.containers:jersey-container-servlet-core:3.1.10
2025-08-07 11:42:42,042 [Worker-7: Download sources and javadoc] INFO  o.e.m.c.i.e.AbstractTransferListenerAdapter - Downloading https://repo.maven.apache.org/maven2/org/glassfish/jersey/core/jersey-common/3.1.10/jersey-common-3.1.10-sources.jar
2025-08-07 11:42:42,162 [Worker-7: Download sources and javadoc] INFO  o.e.m.c.i.e.AbstractTransferListenerAdapter - Downloaded https://repo.maven.apache.org/maven2/org/glassfish/jersey/core/jersey-common/3.1.10/jersey-common-3.1.10-sources.jar
2025-08-07 11:42:42,174 [Worker-7: Download sources and javadoc] INFO  o.e.m.j.internal.DownloadSourcesJob - Downloaded sources for org.glassfish.jersey.core:jersey-common:3.1.10
2025-08-07 11:42:42,253 [Worker-7: Download sources and javadoc] INFO  o.e.m.c.i.e.AbstractTransferListenerAdapter - Downloading https://repo.maven.apache.org/maven2/org/glassfish/hk2/osgi-resource-locator/1.0.3/osgi-resource-locator-1.0.3-sources.jar
2025-08-07 11:42:42,264 [Worker-7: Download sources and javadoc] INFO  o.e.m.c.i.e.AbstractTransferListenerAdapter - Downloaded https://repo.maven.apache.org/maven2/org/glassfish/hk2/osgi-resource-locator/1.0.3/osgi-resource-locator-1.0.3-sources.jar
2025-08-07 11:42:42,271 [Worker-7: Download sources and javadoc] INFO  o.e.m.j.internal.DownloadSourcesJob - Downloaded sources for org.glassfish.hk2:osgi-resource-locator:1.0.3
2025-08-07 11:42:42,337 [Worker-7: Download sources and javadoc] INFO  o.e.m.c.i.e.AbstractTransferListenerAdapter - Downloading https://repo.maven.apache.org/maven2/jakarta/ws/rs/jakarta.ws.rs-api/3.1.0/jakarta.ws.rs-api-3.1.0-sources.jar
2025-08-07 11:42:42,396 [Worker-7: Download sources and javadoc] INFO  o.e.m.c.i.e.AbstractTransferListenerAdapter - Downloaded https://repo.maven.apache.org/maven2/jakarta/ws/rs/jakarta.ws.rs-api/3.1.0/jakarta.ws.rs-api-3.1.0-sources.jar
2025-08-07 11:42:42,407 [Worker-7: Download sources and javadoc] INFO  o.e.m.j.internal.DownloadSourcesJob - Downloaded sources for jakarta.ws.rs:jakarta.ws.rs-api:3.1.0
2025-08-07 11:42:42,490 [Worker-7: Download sources and javadoc] INFO  o.e.m.c.i.e.AbstractTransferListenerAdapter - Downloading https://repo.maven.apache.org/maven2/org/glassfish/jersey/core/jersey-server/3.1.10/jersey-server-3.1.10-sources.jar
2025-08-07 11:42:42,610 [Worker-7: Download sources and javadoc] INFO  o.e.m.c.i.e.AbstractTransferListenerAdapter - Downloaded https://repo.maven.apache.org/maven2/org/glassfish/jersey/core/jersey-server/3.1.10/jersey-server-3.1.10-sources.jar
2025-08-07 11:42:42,632 [Worker-7: Download sources and javadoc] INFO  o.e.m.j.internal.DownloadSourcesJob - Downloaded sources for org.glassfish.jersey.core:jersey-server:3.1.10
2025-08-07 11:42:42,717 [Worker-7: Download sources and javadoc] INFO  o.e.m.c.i.e.AbstractTransferListenerAdapter - Downloading https://repo.maven.apache.org/maven2/org/glassfish/jersey/core/jersey-client/3.1.10/jersey-client-3.1.10-sources.jar
2025-08-07 11:42:42,770 [Worker-7: Download sources and javadoc] INFO  o.e.m.c.i.e.AbstractTransferListenerAdapter - Downloaded https://repo.maven.apache.org/maven2/org/glassfish/jersey/core/jersey-client/3.1.10/jersey-client-3.1.10-sources.jar
2025-08-07 11:42:42,785 [Worker-7: Download sources and javadoc] INFO  o.e.m.j.internal.DownloadSourcesJob - Downloaded sources for org.glassfish.jersey.core:jersey-client:3.1.10
2025-08-07 11:42:42,863 [Worker-7: Download sources and javadoc] INFO  o.e.m.c.i.e.AbstractTransferListenerAdapter - Downloading https://repo.maven.apache.org/maven2/org/glassfish/jersey/inject/jersey-hk2/3.1.10/jersey-hk2-3.1.10-sources.jar
2025-08-07 11:42:42,894 [Worker-7: Download sources and javadoc] INFO  o.e.m.c.i.e.AbstractTransferListenerAdapter - Downloaded https://repo.maven.apache.org/maven2/org/glassfish/jersey/inject/jersey-hk2/3.1.10/jersey-hk2-3.1.10-sources.jar
2025-08-07 11:42:42,903 [Worker-7: Download sources and javadoc] INFO  o.e.m.j.internal.DownloadSourcesJob - Downloaded sources for org.glassfish.jersey.inject:jersey-hk2:3.1.10
2025-08-07 11:42:43,006 [Worker-7: Download sources and javadoc] INFO  o.e.m.c.i.e.AbstractTransferListenerAdapter - Downloading https://repo.maven.apache.org/maven2/org/glassfish/hk2/hk2-locator/3.0.6/hk2-locator-3.0.6-sources.jar
2025-08-07 11:42:43,057 [Worker-7: Download sources and javadoc] INFO  o.e.m.c.i.e.AbstractTransferListenerAdapter - Downloaded https://repo.maven.apache.org/maven2/org/glassfish/hk2/hk2-locator/3.0.6/hk2-locator-3.0.6-sources.jar
2025-08-07 11:42:43,067 [Worker-7: Download sources and javadoc] INFO  o.e.m.j.internal.DownloadSourcesJob - Downloaded sources for org.glassfish.hk2:hk2-locator:3.0.6
2025-08-07 11:42:43,135 [Worker-7: Download sources and javadoc] INFO  o.e.m.c.i.e.AbstractTransferListenerAdapter - Downloading https://repo.maven.apache.org/maven2/org/glassfish/hk2/hk2-utils/3.0.6/hk2-utils-3.0.6-sources.jar
2025-08-07 11:42:43,163 [Worker-7: Download sources and javadoc] INFO  o.e.m.c.i.e.AbstractTransferListenerAdapter - Downloaded https://repo.maven.apache.org/maven2/org/glassfish/hk2/hk2-utils/3.0.6/hk2-utils-3.0.6-sources.jar
2025-08-07 11:42:43,171 [Worker-7: Download sources and javadoc] INFO  o.e.m.j.internal.DownloadSourcesJob - Downloaded sources for org.glassfish.hk2:hk2-utils:3.0.6
2025-08-07 11:42:43,250 [Worker-7: Download sources and javadoc] INFO  o.e.m.c.i.e.AbstractTransferListenerAdapter - Downloading https://repo.maven.apache.org/maven2/org/javassist/javassist/3.30.2-GA/javassist-3.30.2-GA-sources.jar
2025-08-07 11:42:43,337 [Worker-7: Download sources and javadoc] INFO  o.e.m.c.i.e.AbstractTransferListenerAdapter - Downloaded https://repo.maven.apache.org/maven2/org/javassist/javassist/3.30.2-GA/javassist-3.30.2-GA-sources.jar
2025-08-07 11:42:43,354 [Worker-7: Download sources and javadoc] INFO  o.e.m.j.internal.DownloadSourcesJob - Downloaded sources for org.javassist:javassist:3.30.2-GA
2025-08-07 11:42:43,434 [Worker-7: Download sources and javadoc] INFO  o.e.m.c.i.e.AbstractTransferListenerAdapter - Downloading https://repo.maven.apache.org/maven2/org/glassfish/hk2/spring-bridge/3.1.1/spring-bridge-3.1.1-sources.jar
2025-08-07 11:42:43,453 [Worker-7: Download sources and javadoc] INFO  o.e.m.c.i.e.AbstractTransferListenerAdapter - Downloaded https://repo.maven.apache.org/maven2/org/glassfish/hk2/spring-bridge/3.1.1/spring-bridge-3.1.1-sources.jar
2025-08-07 11:42:43,468 [Worker-7: Download sources and javadoc] INFO  o.e.m.j.internal.DownloadSourcesJob - Downloaded sources for org.glassfish.hk2:spring-bridge:3.1.1
2025-08-07 11:42:43,554 [Worker-7: Download sources and javadoc] INFO  o.e.m.c.i.e.AbstractTransferListenerAdapter - Downloading https://repo.maven.apache.org/maven2/org/glassfish/hk2/hk2-api/3.1.1/hk2-api-3.1.1-sources.jar
2025-08-07 11:42:43,605 [Worker-7: Download sources and javadoc] INFO  o.e.m.c.i.e.AbstractTransferListenerAdapter - Downloaded https://repo.maven.apache.org/maven2/org/glassfish/hk2/hk2-api/3.1.1/hk2-api-3.1.1-sources.jar
2025-08-07 11:42:43,615 [Worker-7: Download sources and javadoc] INFO  o.e.m.j.internal.DownloadSourcesJob - Downloaded sources for org.glassfish.hk2:hk2-api:3.1.1
2025-08-07 11:42:43,695 [Worker-7: Download sources and javadoc] INFO  o.e.m.c.i.e.AbstractTransferListenerAdapter - Downloading https://repo.maven.apache.org/maven2/com/fasterxml/jackson/dataformat/jackson-dataformat-xml/2.19.2/jackson-dataformat-xml-2.19.2-sources.jar
2025-08-07 11:42:43,727 [Worker-7: Download sources and javadoc] INFO  o.e.m.c.i.e.AbstractTransferListenerAdapter - Downloaded https://repo.maven.apache.org/maven2/com/fasterxml/jackson/dataformat/jackson-dataformat-xml/2.19.2/jackson-dataformat-xml-2.19.2-sources.jar
2025-08-07 11:42:43,738 [Worker-7: Download sources and javadoc] INFO  o.e.m.j.internal.DownloadSourcesJob - Downloaded sources for com.fasterxml.jackson.dataformat:jackson-dataformat-xml:2.19.2
2025-08-07 11:42:43,812 [Worker-7: Download sources and javadoc] INFO  o.e.m.c.i.e.AbstractTransferListenerAdapter - Downloading https://repo.maven.apache.org/maven2/org/codehaus/woodstox/stax2-api/4.2.2/stax2-api-4.2.2-sources.jar
2025-08-07 11:42:43,852 [Worker-7: Download sources and javadoc] INFO  o.e.m.c.i.e.AbstractTransferListenerAdapter - Downloaded https://repo.maven.apache.org/maven2/org/codehaus/woodstox/stax2-api/4.2.2/stax2-api-4.2.2-sources.jar
2025-08-07 11:42:43,865 [Worker-7: Download sources and javadoc] INFO  o.e.m.j.internal.DownloadSourcesJob - Downloaded sources for org.codehaus.woodstox:stax2-api:4.2.2
2025-08-07 11:42:43,938 [Worker-7: Download sources and javadoc] INFO  o.e.m.c.i.e.AbstractTransferListenerAdapter - Downloading https://repo.maven.apache.org/maven2/com/fasterxml/woodstox/woodstox-core/7.1.1/woodstox-core-7.1.1-sources.jar
2025-08-07 11:42:44,054 [Worker-7: Download sources and javadoc] INFO  o.e.m.c.i.e.AbstractTransferListenerAdapter - Downloaded https://repo.maven.apache.org/maven2/com/fasterxml/woodstox/woodstox-core/7.1.1/woodstox-core-7.1.1-sources.jar
2025-08-07 11:42:44,069 [Worker-7: Download sources and javadoc] INFO  o.e.m.j.internal.DownloadSourcesJob - Downloaded sources for com.fasterxml.woodstox:woodstox-core:7.1.1
2025-08-07 11:42:44,400 [Worker-7: Download sources and javadoc] INFO  o.e.m.c.i.e.AbstractTransferListenerAdapter - Downloaded https://repo.maven.apache.org/maven2/org/springframework/cloud/spring-cloud-starter-loadbalancer/4.3.0/spring-cloud-starter-loadbalancer-4.3.0-sources.jar
2025-08-07 11:42:44,416 [Worker-7: Download sources and javadoc] ERROR o.e.m.j.internal.DownloadSourcesJob - Could not download sources for org.springframework.cloud:spring-cloud-starter-loadbalancer:4.3.0
org.eclipse.core.runtime.CoreException: Could not resolve artifact org.springframework.cloud:spring-cloud-starter-loadbalancer:jar:sources:4.3.0
	at org.eclipse.m2e.core.internal.embedder.MavenImpl.lambda$7(MavenImpl.java:540)
	at org.eclipse.m2e.core.internal.embedder.MavenExecutionContext.executeBare(MavenExecutionContext.java:458)
	at org.eclipse.m2e.core.internal.embedder.MavenExecutionContext.execute(MavenExecutionContext.java:292)
	at org.eclipse.m2e.core.internal.embedder.MavenExecutionContext.execute(MavenExecutionContext.java:278)
	at org.eclipse.m2e.core.internal.embedder.MavenImpl.resolve(MavenImpl.java:509)
	at org.eclipse.m2e.core.internal.embedder.MavenImpl.resolve(MavenImpl.java:494)
	at org.eclipse.m2e.jdt.internal.DownloadSourcesJob.download(DownloadSourcesJob.java:308)
	at org.eclipse.m2e.jdt.internal.DownloadSourcesJob.downloadAttachments(DownloadSourcesJob.java:282)
	at org.eclipse.m2e.jdt.internal.DownloadSourcesJob.downloadMaven(DownloadSourcesJob.java:252)
	at org.eclipse.m2e.jdt.internal.DownloadSourcesJob.downloadFilesAndPopulateToUpdate(DownloadSourcesJob.java:220)
	at org.eclipse.m2e.jdt.internal.DownloadSourcesJob.lambda$0(DownloadSourcesJob.java:149)
	at org.eclipse.m2e.core.internal.embedder.MavenExecutionContext.executeBare(MavenExecutionContext.java:458)
	at org.eclipse.m2e.core.internal.embedder.MavenExecutionContext.execute(MavenExecutionContext.java:339)
	at org.eclipse.m2e.core.internal.embedder.MavenExecutionContext.execute(MavenExecutionContext.java:278)
	at org.eclipse.m2e.core.embedder.IMaven.execute(IMaven.java:300)
	at org.eclipse.m2e.jdt.internal.DownloadSourcesJob.run(DownloadSourcesJob.java:149)
	at org.eclipse.core.internal.jobs.Worker.run(Worker.java:63)
2025-08-07 11:42:44,519 [Worker-7: Download sources and javadoc] INFO  o.e.m.c.i.e.AbstractTransferListenerAdapter - Downloading https://repo.maven.apache.org/maven2/org/springframework/cloud/spring-cloud-loadbalancer/4.3.0/spring-cloud-loadbalancer-4.3.0-sources.jar
2025-08-07 11:42:44,566 [Worker-7: Download sources and javadoc] INFO  o.e.m.c.i.e.AbstractTransferListenerAdapter - Downloaded https://repo.maven.apache.org/maven2/org/springframework/cloud/spring-cloud-loadbalancer/4.3.0/spring-cloud-loadbalancer-4.3.0-sources.jar
2025-08-07 11:42:44,584 [Worker-7: Download sources and javadoc] INFO  o.e.m.j.internal.DownloadSourcesJob - Downloaded sources for org.springframework.cloud:spring-cloud-loadbalancer:4.3.0
2025-08-07 11:42:44,670 [Worker-7: Download sources and javadoc] INFO  o.e.m.c.i.e.AbstractTransferListenerAdapter - Downloading https://repo.maven.apache.org/maven2/io/projectreactor/reactor-core/3.7.8/reactor-core-3.7.8-sources.jar
2025-08-07 11:42:44,835 [Worker-7: Download sources and javadoc] INFO  o.e.m.c.i.e.AbstractTransferListenerAdapter - Downloaded https://repo.maven.apache.org/maven2/io/projectreactor/reactor-core/3.7.8/reactor-core-3.7.8-sources.jar
2025-08-07 11:42:44,854 [Worker-7: Download sources and javadoc] INFO  o.e.m.j.internal.DownloadSourcesJob - Downloaded sources for io.projectreactor:reactor-core:3.7.8
2025-08-07 11:42:44,938 [Worker-7: Download sources and javadoc] INFO  o.e.m.c.i.e.AbstractTransferListenerAdapter - Downloading https://repo.maven.apache.org/maven2/org/reactivestreams/reactive-streams/1.0.4/reactive-streams-1.0.4-sources.jar
2025-08-07 11:42:44,958 [Worker-7: Download sources and javadoc] INFO  o.e.m.c.i.e.AbstractTransferListenerAdapter - Downloaded https://repo.maven.apache.org/maven2/org/reactivestreams/reactive-streams/1.0.4/reactive-streams-1.0.4-sources.jar
2025-08-07 11:42:44,978 [Worker-7: Download sources and javadoc] INFO  o.e.m.j.internal.DownloadSourcesJob - Downloaded sources for org.reactivestreams:reactive-streams:1.0.4
2025-08-07 11:42:45,056 [Worker-7: Download sources and javadoc] INFO  o.e.m.c.i.e.AbstractTransferListenerAdapter - Downloading https://repo.maven.apache.org/maven2/io/projectreactor/addons/reactor-extra/3.5.2/reactor-extra-3.5.2-sources.jar
2025-08-07 11:42:45,094 [Worker-7: Download sources and javadoc] INFO  o.e.m.c.i.e.AbstractTransferListenerAdapter - Downloaded https://repo.maven.apache.org/maven2/io/projectreactor/addons/reactor-extra/3.5.2/reactor-extra-3.5.2-sources.jar
2025-08-07 11:42:45,131 [Worker-7: Download sources and javadoc] INFO  o.e.m.j.internal.DownloadSourcesJob - Downloaded sources for io.projectreactor.addons:reactor-extra:3.5.2
2025-08-07 11:42:45,210 [Worker-7: Download sources and javadoc] INFO  o.e.m.c.i.e.AbstractTransferListenerAdapter - Downloading https://repo.maven.apache.org/maven2/org/springframework/boot/spring-boot-starter-cache/3.5.4/spring-boot-starter-cache-3.5.4-sources.jar
2025-08-07 11:42:45,229 [Worker-7: Download sources and javadoc] INFO  o.e.m.c.i.e.AbstractTransferListenerAdapter - Downloaded https://repo.maven.apache.org/maven2/org/springframework/boot/spring-boot-starter-cache/3.5.4/spring-boot-starter-cache-3.5.4-sources.jar
2025-08-07 11:42:45,248 [Worker-7: Download sources and javadoc] INFO  o.e.m.j.internal.DownloadSourcesJob - Downloaded sources for org.springframework.boot:spring-boot-starter-cache:3.5.4
2025-08-07 11:42:45,340 [Worker-7: Download sources and javadoc] INFO  o.e.m.c.i.e.AbstractTransferListenerAdapter - Downloading https://repo.maven.apache.org/maven2/com/stoyanr/evictor/1.0.0/evictor-1.0.0-sources.jar
2025-08-07 11:42:45,352 [Worker-7: Download sources and javadoc] INFO  o.e.m.c.i.e.AbstractTransferListenerAdapter - Downloaded https://repo.maven.apache.org/maven2/com/stoyanr/evictor/1.0.0/evictor-1.0.0-sources.jar
2025-08-07 11:42:45,362 [Worker-7: Download sources and javadoc] INFO  o.e.m.j.internal.DownloadSourcesJob - Downloaded sources for com.stoyanr:evictor:1.0.0
2025-08-07 11:42:47,650 [Worker-18: Building] INFO  o.a.m.s.f.DefaultMavenResourcesFiltering - Copying 1 resource from src\main\resources to target\classes
2025-08-07 11:42:47,657 [Worker-18: Building] INFO  o.a.m.s.f.DefaultMavenResourcesFiltering - Copying 0 resource from src\main\resources to target\classes
2025-08-07 11:42:47,667 [Worker-18: Building] INFO  o.a.m.s.f.DefaultMavenResourcesFiltering - skip non existing resourceDirectory C:\Users\laksh\Music\Microservices\Practice\eureka-server\src\test\resources
2025-08-07 11:42:49,963 [Worker-28: Update Maven projects configuration] INFO  o.e.m.c.i.p.ProjectConfigurationManager - Update completed for 1 poms: local refresh takes 0.00 sec, refresh facades takes 15.00 sec, update config takes 17.00 sec 
2025-08-07 11:47:05,905 [Worker-25: Building] INFO  o.a.m.s.f.DefaultMavenResourcesFiltering - Copying 1 resource from src\main\resources to target\classes
2025-08-07 11:47:05,915 [Worker-25: Building] INFO  o.a.m.s.f.DefaultMavenResourcesFiltering - Copying 0 resource from src\main\resources to target\classes
2025-08-07 11:47:05,918 [Worker-25: Building] INFO  o.a.m.s.f.DefaultMavenResourcesFiltering - skip non existing resourceDirectory C:\Users\laksh\Music\Microservices\Practice\eureka-server\src\test\resources
2025-08-07 11:47:36,057 [Worker-30: Download sources and javadoc] INFO  o.e.m.c.i.e.AbstractTransferListenerAdapter - Downloaded https://repo.maven.apache.org/maven2/org/springframework/cloud/spring-cloud-starter-netflix-eureka-server/4.3.0/spring-cloud-starter-netflix-eureka-server-4.3.0-javadoc.jar
2025-08-07 11:47:36,066 [Worker-30: Download sources and javadoc] ERROR o.e.m.j.internal.DownloadSourcesJob - Could not download javadoc for org.springframework.cloud:spring-cloud-starter-netflix-eureka-server:4.3.0
org.eclipse.core.runtime.CoreException: Could not resolve artifact org.springframework.cloud:spring-cloud-starter-netflix-eureka-server:jar:javadoc:4.3.0
	at org.eclipse.m2e.core.internal.embedder.MavenImpl.lambda$7(MavenImpl.java:540)
	at org.eclipse.m2e.core.internal.embedder.MavenExecutionContext.executeBare(MavenExecutionContext.java:458)
	at org.eclipse.m2e.core.internal.embedder.MavenExecutionContext.execute(MavenExecutionContext.java:292)
	at org.eclipse.m2e.core.internal.embedder.MavenExecutionContext.execute(MavenExecutionContext.java:278)
	at org.eclipse.m2e.core.internal.embedder.MavenImpl.resolve(MavenImpl.java:509)
	at org.eclipse.m2e.core.internal.embedder.MavenImpl.resolve(MavenImpl.java:494)
	at org.eclipse.m2e.jdt.internal.DownloadSourcesJob.download(DownloadSourcesJob.java:308)
	at org.eclipse.m2e.jdt.internal.DownloadSourcesJob.downloadAttachments(DownloadSourcesJob.java:294)
	at org.eclipse.m2e.jdt.internal.DownloadSourcesJob.downloadMaven(DownloadSourcesJob.java:252)
	at org.eclipse.m2e.jdt.internal.DownloadSourcesJob.downloadFilesAndPopulateToUpdate(DownloadSourcesJob.java:220)
	at org.eclipse.m2e.jdt.internal.DownloadSourcesJob.lambda$0(DownloadSourcesJob.java:149)
	at org.eclipse.m2e.core.internal.embedder.MavenExecutionContext.executeBare(MavenExecutionContext.java:458)
	at org.eclipse.m2e.core.internal.embedder.MavenExecutionContext.execute(MavenExecutionContext.java:339)
	at org.eclipse.m2e.core.internal.embedder.MavenExecutionContext.execute(MavenExecutionContext.java:278)
	at org.eclipse.m2e.core.embedder.IMaven.execute(IMaven.java:300)
	at org.eclipse.m2e.jdt.internal.DownloadSourcesJob.run(DownloadSourcesJob.java:149)
	at org.eclipse.core.internal.jobs.Worker.run(Worker.java:63)
2025-08-07 11:47:36,155 [Worker-30: Download sources and javadoc] INFO  o.e.m.c.i.e.AbstractTransferListenerAdapter - Downloading https://repo.maven.apache.org/maven2/org/springframework/cloud/spring-cloud-starter/4.3.0/spring-cloud-starter-4.3.0-javadoc.jar
2025-08-07 11:47:36,165 [Worker-30: Download sources and javadoc] INFO  o.e.m.c.i.e.AbstractTransferListenerAdapter - Downloaded https://repo.maven.apache.org/maven2/org/springframework/cloud/spring-cloud-starter/4.3.0/spring-cloud-starter-4.3.0-javadoc.jar
2025-08-07 11:47:36,173 [Worker-30: Download sources and javadoc] INFO  o.e.m.j.internal.DownloadSourcesJob - Downloaded javadoc for org.springframework.cloud:spring-cloud-starter:4.3.0
2025-08-07 11:47:36,245 [Worker-30: Download sources and javadoc] INFO  o.e.m.c.i.e.AbstractTransferListenerAdapter - Downloaded https://repo.maven.apache.org/maven2/xmlpull/xmlpull/1.1.3.1/xmlpull-1.1.3.1-javadoc.jar
2025-08-07 11:47:36,250 [Worker-30: Download sources and javadoc] ERROR o.e.m.j.internal.DownloadSourcesJob - Could not download javadoc for xmlpull:xmlpull:1.1.3.1
org.eclipse.core.runtime.CoreException: Could not resolve artifact xmlpull:xmlpull:jar:javadoc:1.1.3.1
	at org.eclipse.m2e.core.internal.embedder.MavenImpl.lambda$7(MavenImpl.java:540)
	at org.eclipse.m2e.core.internal.embedder.MavenExecutionContext.executeBare(MavenExecutionContext.java:458)
	at org.eclipse.m2e.core.internal.embedder.MavenExecutionContext.execute(MavenExecutionContext.java:292)
	at org.eclipse.m2e.core.internal.embedder.MavenExecutionContext.execute(MavenExecutionContext.java:278)
	at org.eclipse.m2e.core.internal.embedder.MavenImpl.resolve(MavenImpl.java:509)
	at org.eclipse.m2e.core.internal.embedder.MavenImpl.resolve(MavenImpl.java:494)
	at org.eclipse.m2e.jdt.internal.DownloadSourcesJob.download(DownloadSourcesJob.java:308)
	at org.eclipse.m2e.jdt.internal.DownloadSourcesJob.downloadAttachments(DownloadSourcesJob.java:294)
	at org.eclipse.m2e.jdt.internal.DownloadSourcesJob.downloadMaven(DownloadSourcesJob.java:252)
	at org.eclipse.m2e.jdt.internal.DownloadSourcesJob.downloadFilesAndPopulateToUpdate(DownloadSourcesJob.java:220)
	at org.eclipse.m2e.jdt.internal.DownloadSourcesJob.lambda$0(DownloadSourcesJob.java:149)
	at org.eclipse.m2e.core.internal.embedder.MavenExecutionContext.executeBare(MavenExecutionContext.java:458)
	at org.eclipse.m2e.core.internal.embedder.MavenExecutionContext.execute(MavenExecutionContext.java:339)
	at org.eclipse.m2e.core.internal.embedder.MavenExecutionContext.execute(MavenExecutionContext.java:278)
	at org.eclipse.m2e.core.embedder.IMaven.execute(IMaven.java:300)
	at org.eclipse.m2e.jdt.internal.DownloadSourcesJob.run(DownloadSourcesJob.java:149)
	at org.eclipse.core.internal.jobs.Worker.run(Worker.java:63)
2025-08-07 11:47:36,324 [Worker-30: Download sources and javadoc] INFO  o.e.m.c.i.e.AbstractTransferListenerAdapter - Downloaded https://repo.maven.apache.org/maven2/antlr/antlr/2.7.7/antlr-2.7.7-javadoc.jar
2025-08-07 11:47:36,330 [Worker-30: Download sources and javadoc] ERROR o.e.m.j.internal.DownloadSourcesJob - Could not download javadoc for antlr:antlr:2.7.7
org.eclipse.core.runtime.CoreException: Could not resolve artifact antlr:antlr:jar:javadoc:2.7.7
	at org.eclipse.m2e.core.internal.embedder.MavenImpl.lambda$7(MavenImpl.java:540)
	at org.eclipse.m2e.core.internal.embedder.MavenExecutionContext.executeBare(MavenExecutionContext.java:458)
	at org.eclipse.m2e.core.internal.embedder.MavenExecutionContext.execute(MavenExecutionContext.java:292)
	at org.eclipse.m2e.core.internal.embedder.MavenExecutionContext.execute(MavenExecutionContext.java:278)
	at org.eclipse.m2e.core.internal.embedder.MavenImpl.resolve(MavenImpl.java:509)
	at org.eclipse.m2e.core.internal.embedder.MavenImpl.resolve(MavenImpl.java:494)
	at org.eclipse.m2e.jdt.internal.DownloadSourcesJob.download(DownloadSourcesJob.java:308)
	at org.eclipse.m2e.jdt.internal.DownloadSourcesJob.downloadAttachments(DownloadSourcesJob.java:294)
	at org.eclipse.m2e.jdt.internal.DownloadSourcesJob.downloadMaven(DownloadSourcesJob.java:252)
	at org.eclipse.m2e.jdt.internal.DownloadSourcesJob.downloadFilesAndPopulateToUpdate(DownloadSourcesJob.java:220)
	at org.eclipse.m2e.jdt.internal.DownloadSourcesJob.lambda$0(DownloadSourcesJob.java:149)
	at org.eclipse.m2e.core.internal.embedder.MavenExecutionContext.executeBare(MavenExecutionContext.java:458)
	at org.eclipse.m2e.core.internal.embedder.MavenExecutionContext.execute(MavenExecutionContext.java:339)
	at org.eclipse.m2e.core.internal.embedder.MavenExecutionContext.execute(MavenExecutionContext.java:278)
	at org.eclipse.m2e.core.embedder.IMaven.execute(IMaven.java:300)
	at org.eclipse.m2e.jdt.internal.DownloadSourcesJob.run(DownloadSourcesJob.java:149)
	at org.eclipse.core.internal.jobs.Worker.run(Worker.java:63)
2025-08-07 11:47:36,399 [Worker-30: Download sources and javadoc] INFO  o.e.m.c.i.e.AbstractTransferListenerAdapter - Downloaded https://repo.maven.apache.org/maven2/com/google/guava/listenablefuture/9999.0-empty-to-avoid-conflict-with-guava/listenablefuture-9999.0-empty-to-avoid-conflict-with-guava-javadoc.jar
2025-08-07 11:47:36,406 [Worker-30: Download sources and javadoc] ERROR o.e.m.j.internal.DownloadSourcesJob - Could not download javadoc for com.google.guava:listenablefuture:9999.0-empty-to-avoid-conflict-with-guava
org.eclipse.core.runtime.CoreException: Could not resolve artifact com.google.guava:listenablefuture:jar:javadoc:9999.0-empty-to-avoid-conflict-with-guava
	at org.eclipse.m2e.core.internal.embedder.MavenImpl.lambda$7(MavenImpl.java:540)
	at org.eclipse.m2e.core.internal.embedder.MavenExecutionContext.executeBare(MavenExecutionContext.java:458)
	at org.eclipse.m2e.core.internal.embedder.MavenExecutionContext.execute(MavenExecutionContext.java:292)
	at org.eclipse.m2e.core.internal.embedder.MavenExecutionContext.execute(MavenExecutionContext.java:278)
	at org.eclipse.m2e.core.internal.embedder.MavenImpl.resolve(MavenImpl.java:509)
	at org.eclipse.m2e.core.internal.embedder.MavenImpl.resolve(MavenImpl.java:494)
	at org.eclipse.m2e.jdt.internal.DownloadSourcesJob.download(DownloadSourcesJob.java:308)
	at org.eclipse.m2e.jdt.internal.DownloadSourcesJob.downloadAttachments(DownloadSourcesJob.java:294)
	at org.eclipse.m2e.jdt.internal.DownloadSourcesJob.downloadMaven(DownloadSourcesJob.java:252)
	at org.eclipse.m2e.jdt.internal.DownloadSourcesJob.downloadFilesAndPopulateToUpdate(DownloadSourcesJob.java:220)
	at org.eclipse.m2e.jdt.internal.DownloadSourcesJob.lambda$0(DownloadSourcesJob.java:149)
	at org.eclipse.m2e.core.internal.embedder.MavenExecutionContext.executeBare(MavenExecutionContext.java:458)
	at org.eclipse.m2e.core.internal.embedder.MavenExecutionContext.execute(MavenExecutionContext.java:339)
	at org.eclipse.m2e.core.internal.embedder.MavenExecutionContext.execute(MavenExecutionContext.java:278)
	at org.eclipse.m2e.core.embedder.IMaven.execute(IMaven.java:300)
	at org.eclipse.m2e.jdt.internal.DownloadSourcesJob.run(DownloadSourcesJob.java:149)
	at org.eclipse.core.internal.jobs.Worker.run(Worker.java:63)
2025-08-07 11:47:36,486 [Worker-30: Download sources and javadoc] INFO  o.e.m.c.i.e.AbstractTransferListenerAdapter - Downloaded https://repo.maven.apache.org/maven2/org/springframework/cloud/spring-cloud-starter-loadbalancer/4.3.0/spring-cloud-starter-loadbalancer-4.3.0-javadoc.jar
2025-08-07 11:47:36,493 [Worker-30: Download sources and javadoc] ERROR o.e.m.j.internal.DownloadSourcesJob - Could not download javadoc for org.springframework.cloud:spring-cloud-starter-loadbalancer:4.3.0
org.eclipse.core.runtime.CoreException: Could not resolve artifact org.springframework.cloud:spring-cloud-starter-loadbalancer:jar:javadoc:4.3.0
	at org.eclipse.m2e.core.internal.embedder.MavenImpl.lambda$7(MavenImpl.java:540)
	at org.eclipse.m2e.core.internal.embedder.MavenExecutionContext.executeBare(MavenExecutionContext.java:458)
	at org.eclipse.m2e.core.internal.embedder.MavenExecutionContext.execute(MavenExecutionContext.java:292)
	at org.eclipse.m2e.core.internal.embedder.MavenExecutionContext.execute(MavenExecutionContext.java:278)
	at org.eclipse.m2e.core.internal.embedder.MavenImpl.resolve(MavenImpl.java:509)
	at org.eclipse.m2e.core.internal.embedder.MavenImpl.resolve(MavenImpl.java:494)
	at org.eclipse.m2e.jdt.internal.DownloadSourcesJob.download(DownloadSourcesJob.java:308)
	at org.eclipse.m2e.jdt.internal.DownloadSourcesJob.downloadAttachments(DownloadSourcesJob.java:294)
	at org.eclipse.m2e.jdt.internal.DownloadSourcesJob.downloadMaven(DownloadSourcesJob.java:252)
	at org.eclipse.m2e.jdt.internal.DownloadSourcesJob.downloadFilesAndPopulateToUpdate(DownloadSourcesJob.java:220)
	at org.eclipse.m2e.jdt.internal.DownloadSourcesJob.lambda$0(DownloadSourcesJob.java:149)
	at org.eclipse.m2e.core.internal.embedder.MavenExecutionContext.executeBare(MavenExecutionContext.java:458)
	at org.eclipse.m2e.core.internal.embedder.MavenExecutionContext.execute(MavenExecutionContext.java:339)
	at org.eclipse.m2e.core.internal.embedder.MavenExecutionContext.execute(MavenExecutionContext.java:278)
	at org.eclipse.m2e.core.embedder.IMaven.execute(IMaven.java:300)
	at org.eclipse.m2e.jdt.internal.DownloadSourcesJob.run(DownloadSourcesJob.java:149)
	at org.eclipse.core.internal.jobs.Worker.run(Worker.java:63)
2025-08-07 11:50:06,371 [Worker-32: Building] INFO  o.a.m.s.f.DefaultMavenResourcesFiltering - Copying 1 resource from src\main\resources to target\classes
2025-08-07 11:50:06,383 [Worker-32: Building] INFO  o.a.m.s.f.DefaultMavenResourcesFiltering - Copying 0 resource from src\main\resources to target\classes
2025-08-07 11:50:06,404 [Worker-32: Building] INFO  o.a.m.s.f.DefaultMavenResourcesFiltering - skip non existing resourceDirectory C:\Users\laksh\Music\Microservices\Practice\eureka-server\src\test\resources
2025-08-07 11:50:21,852 [Worker-32: Updating Maven Project] INFO  o.e.m.c.i.p.ProjectConfigurationManager - Update started
2025-08-07 11:50:22,682 [Worker-32: Updating Maven Project] INFO  o.e.m.c.i.l.LifecycleMappingFactory - Using org.maven.ide.eclipse.wtp.WarLifecycleMapping lifecycle mapping for MavenProject: com.example:eureka-server:0.0.1-SNAPSHOT @ C:\Users\laksh\Music\Microservices\Practice\eureka-server\pom.xml.
2025-08-07 11:50:25,030 [Worker-32: Updating Maven Project] INFO  o.e.m.j.i.AbstractJavaProjectConfigurator - Adding source folder /eureka-server/src/main/java
2025-08-07 11:50:25,031 [Worker-32: Updating Maven Project] INFO  o.e.m.j.i.AbstractJavaProjectConfigurator - Adding resource folder /eureka-server/src/main/resources
2025-08-07 11:50:25,032 [Worker-32: Updating Maven Project] INFO  o.e.m.j.i.AbstractJavaProjectConfigurator - Adding resource folder /eureka-server/src/main/resources
2025-08-07 11:50:25,033 [Worker-32: Updating Maven Project] INFO  o.e.m.j.i.AbstractJavaProjectConfigurator - Adding source folder /eureka-server/src/test/java
2025-08-07 11:50:25,035 [Worker-32: Updating Maven Project] INFO  o.e.m.j.i.AbstractJavaProjectConfigurator - Adding resource folder /eureka-server/src/test/resources
2025-08-07 11:50:27,669 [Worker-32: Updating Maven Project] INFO  o.e.m.w.i.f.ResourceFilteringBuildParticipant - Cleaning filtered folder for eureka-server
2025-08-07 11:50:27,846 [Worker-32: Updating Maven Project] INFO  o.e.m.c.i.p.ProjectConfigurationManager - Update completed for 1 poms: local refresh takes 0.00 sec, refresh facades takes 3.00 sec, update config takes 2.00 sec 
2025-08-07 11:50:28,403 [Worker-31: Building] INFO  o.a.m.s.f.DefaultMavenResourcesFiltering - Copying 1 resource from src\main\resources to target\classes
2025-08-07 11:50:28,494 [Worker-31: Building] INFO  o.a.m.s.f.DefaultMavenResourcesFiltering - Copying 0 resource from src\main\resources to target\classes
2025-08-07 11:50:28,506 [Worker-31: Building] INFO  o.a.m.s.f.DefaultMavenResourcesFiltering - skip non existing resourceDirectory C:\Users\laksh\Music\Microservices\Practice\eureka-server\src\test\resources
2025-08-07 11:50:28,507 [Worker-31: Building] INFO  o.e.m.w.i.f.ResourceFilteringBuildParticipant - Changed resources require a complete clean of filtered resources of eureka-server
2025-08-07 11:50:28,513 [Worker-31: Building] INFO  o.e.m.w.i.f.ResourceFilteringBuildParticipant - Executing resource filtering for eureka-server
2025-08-07 11:56:20,538 [Worker-30: Update Maven projects configuration] INFO  o.e.m.c.i.p.ProjectConfigurationManager - Update started
2025-08-07 11:56:22,111 [Worker-30: Update Maven projects configuration] INFO  o.e.m.c.i.l.LifecycleMappingFactory - Using org.maven.ide.eclipse.wtp.WarLifecycleMapping lifecycle mapping for MavenProject: com.example:api-gateway:0.0.1-SNAPSHOT @ C:\Users\laksh\Music\Microservices\Practice\api-gateway\pom.xml.
2025-08-07 11:56:22,587 [Worker-30: Update Maven projects configuration] INFO  o.e.m.c.i.e.AbstractTransferListenerAdapter - Downloading https://repo.maven.apache.org/maven2/org/springframework/cloud/spring-cloud-starter-netflix-eureka-client/4.3.0/spring-cloud-starter-netflix-eureka-client-4.3.0.pom
2025-08-07 11:56:22,606 [Worker-30: Update Maven projects configuration] INFO  o.e.m.c.i.e.AbstractTransferListenerAdapter - Downloaded https://repo.maven.apache.org/maven2/org/springframework/cloud/spring-cloud-starter-netflix-eureka-client/4.3.0/spring-cloud-starter-netflix-eureka-client-4.3.0.pom
2025-08-07 11:56:24,664 [Worker-30: Update Maven projects configuration] INFO  o.e.m.c.i.e.AbstractTransferListenerAdapter - Downloading https://repo.maven.apache.org/maven2/org/springframework/cloud/spring-cloud-starter-netflix-eureka-client/4.3.0/spring-cloud-starter-netflix-eureka-client-4.3.0.jar
2025-08-07 11:56:24,674 [Worker-30: Update Maven projects configuration] INFO  o.e.m.c.i.e.AbstractTransferListenerAdapter - Downloaded https://repo.maven.apache.org/maven2/org/springframework/cloud/spring-cloud-starter-netflix-eureka-client/4.3.0/spring-cloud-starter-netflix-eureka-client-4.3.0.jar
2025-08-07 11:56:24,696 [BasicRepositoryConnector-repo.maven.apache.org-1-0] INFO  o.e.m.c.i.e.AbstractTransferListenerAdapter - Downloading https://repo.maven.apache.org/maven2/com/google/guava/guava/14.0.1/guava-14.0.1.jar
2025-08-07 11:56:24,728 [BasicRepositoryConnector-repo.maven.apache.org-1-1] INFO  o.e.m.c.i.e.AbstractTransferListenerAdapter - Downloading https://repo.maven.apache.org/maven2/com/google/errorprone/error_prone_annotations/2.38.0/error_prone_annotations-2.38.0.jar
2025-08-07 11:56:24,737 [BasicRepositoryConnector-repo.maven.apache.org-1-1] INFO  o.e.m.c.i.e.AbstractTransferListenerAdapter - Downloaded https://repo.maven.apache.org/maven2/com/google/errorprone/error_prone_annotations/2.38.0/error_prone_annotations-2.38.0.jar
2025-08-07 11:56:24,882 [BasicRepositoryConnector-repo.maven.apache.org-1-0] INFO  o.e.m.c.i.e.AbstractTransferListenerAdapter - Downloaded https://repo.maven.apache.org/maven2/com/google/guava/guava/14.0.1/guava-14.0.1.jar
2025-08-07 11:56:26,223 [Worker-30: Update Maven projects configuration] INFO  o.e.m.j.i.AbstractJavaProjectConfigurator - Adding source folder /api-gateway/src/main/java
2025-08-07 11:56:26,226 [Worker-30: Update Maven projects configuration] INFO  o.e.m.j.i.AbstractJavaProjectConfigurator - Adding resource folder /api-gateway/src/main/resources
2025-08-07 11:56:26,250 [Worker-30: Update Maven projects configuration] INFO  o.e.m.j.i.AbstractJavaProjectConfigurator - Adding resource folder /api-gateway/src/main/resources
2025-08-07 11:56:26,282 [Worker-30: Update Maven projects configuration] INFO  o.e.m.j.i.AbstractJavaProjectConfigurator - Adding source folder /api-gateway/src/test/java
2025-08-07 11:56:26,286 [Worker-30: Update Maven projects configuration] INFO  o.e.m.j.i.AbstractJavaProjectConfigurator - Adding resource folder /api-gateway/src/test/resources
2025-08-07 11:56:26,510 [Worker-32: Download sources and javadoc] INFO  o.e.m.c.i.e.AbstractTransferListenerAdapter - Downloaded https://repo.maven.apache.org/maven2/org/springframework/cloud/spring-cloud-starter-netflix-eureka-client/4.3.0/spring-cloud-starter-netflix-eureka-client-4.3.0-sources.jar
2025-08-07 11:56:26,522 [Worker-32: Download sources and javadoc] ERROR o.e.m.j.internal.DownloadSourcesJob - Could not download sources for org.springframework.cloud:spring-cloud-starter-netflix-eureka-client:4.3.0
org.eclipse.core.runtime.CoreException: Could not resolve artifact org.springframework.cloud:spring-cloud-starter-netflix-eureka-client:jar:sources:4.3.0
	at org.eclipse.m2e.core.internal.embedder.MavenImpl.lambda$7(MavenImpl.java:540)
	at org.eclipse.m2e.core.internal.embedder.MavenExecutionContext.executeBare(MavenExecutionContext.java:458)
	at org.eclipse.m2e.core.internal.embedder.MavenExecutionContext.execute(MavenExecutionContext.java:292)
	at org.eclipse.m2e.core.internal.embedder.MavenExecutionContext.execute(MavenExecutionContext.java:278)
	at org.eclipse.m2e.core.internal.embedder.MavenImpl.resolve(MavenImpl.java:509)
	at org.eclipse.m2e.core.internal.embedder.MavenImpl.resolve(MavenImpl.java:494)
	at org.eclipse.m2e.jdt.internal.DownloadSourcesJob.download(DownloadSourcesJob.java:308)
	at org.eclipse.m2e.jdt.internal.DownloadSourcesJob.downloadAttachments(DownloadSourcesJob.java:282)
	at org.eclipse.m2e.jdt.internal.DownloadSourcesJob.downloadMaven(DownloadSourcesJob.java:252)
	at org.eclipse.m2e.jdt.internal.DownloadSourcesJob.downloadFilesAndPopulateToUpdate(DownloadSourcesJob.java:220)
	at org.eclipse.m2e.jdt.internal.DownloadSourcesJob.lambda$0(DownloadSourcesJob.java:149)
	at org.eclipse.m2e.core.internal.embedder.MavenExecutionContext.executeBare(MavenExecutionContext.java:458)
	at org.eclipse.m2e.core.internal.embedder.MavenExecutionContext.execute(MavenExecutionContext.java:339)
	at org.eclipse.m2e.core.internal.embedder.MavenExecutionContext.execute(MavenExecutionContext.java:278)
	at org.eclipse.m2e.core.embedder.IMaven.execute(IMaven.java:300)
	at org.eclipse.m2e.jdt.internal.DownloadSourcesJob.run(DownloadSourcesJob.java:149)
	at org.eclipse.core.internal.jobs.Worker.run(Worker.java:63)
2025-08-07 11:56:26,623 [Worker-32: Download sources and javadoc] INFO  o.e.m.c.i.e.AbstractTransferListenerAdapter - Downloading https://repo.maven.apache.org/maven2/com/google/guava/guava/14.0.1/guava-14.0.1-sources.jar
2025-08-07 11:56:26,801 [Worker-32: Download sources and javadoc] INFO  o.e.m.c.i.e.AbstractTransferListenerAdapter - Downloaded https://repo.maven.apache.org/maven2/com/google/guava/guava/14.0.1/guava-14.0.1-sources.jar
2025-08-07 11:56:26,819 [Worker-32: Download sources and javadoc] INFO  o.e.m.j.internal.DownloadSourcesJob - Downloaded sources for com.google.guava:guava:14.0.1
2025-08-07 11:56:26,913 [Worker-32: Download sources and javadoc] INFO  o.e.m.c.i.e.AbstractTransferListenerAdapter - Downloading https://repo.maven.apache.org/maven2/com/google/errorprone/error_prone_annotations/2.38.0/error_prone_annotations-2.38.0-sources.jar
2025-08-07 11:56:26,936 [Worker-32: Download sources and javadoc] INFO  o.e.m.c.i.e.AbstractTransferListenerAdapter - Downloaded https://repo.maven.apache.org/maven2/com/google/errorprone/error_prone_annotations/2.38.0/error_prone_annotations-2.38.0-sources.jar
2025-08-07 11:56:26,952 [Worker-32: Download sources and javadoc] INFO  o.e.m.j.internal.DownloadSourcesJob - Downloaded sources for com.google.errorprone:error_prone_annotations:2.38.0
2025-08-07 11:56:28,695 [Worker-25: Building] INFO  o.a.m.s.f.DefaultMavenResourcesFiltering - Copying 1 resource from src\main\resources to target\classes
2025-08-07 11:56:28,735 [Worker-25: Building] INFO  o.a.m.s.f.DefaultMavenResourcesFiltering - Copying 0 resource from src\main\resources to target\classes
2025-08-07 11:56:28,748 [Worker-25: Building] INFO  o.a.m.s.f.DefaultMavenResourcesFiltering - skip non existing resourceDirectory C:\Users\laksh\Music\Microservices\Practice\api-gateway\src\test\resources
2025-08-07 11:56:29,521 [Worker-34: Download sources and javadoc] INFO  o.e.m.c.i.e.AbstractTransferListenerAdapter - Downloaded https://repo.maven.apache.org/maven2/org/springframework/cloud/spring-cloud-starter-netflix-eureka-client/4.3.0/spring-cloud-starter-netflix-eureka-client-4.3.0-javadoc.jar
2025-08-07 11:56:29,527 [Worker-34: Download sources and javadoc] ERROR o.e.m.j.internal.DownloadSourcesJob - Could not download javadoc for org.springframework.cloud:spring-cloud-starter-netflix-eureka-client:4.3.0
org.eclipse.core.runtime.CoreException: Could not resolve artifact org.springframework.cloud:spring-cloud-starter-netflix-eureka-client:jar:javadoc:4.3.0
	at org.eclipse.m2e.core.internal.embedder.MavenImpl.lambda$7(MavenImpl.java:540)
	at org.eclipse.m2e.core.internal.embedder.MavenExecutionContext.executeBare(MavenExecutionContext.java:458)
	at org.eclipse.m2e.core.internal.embedder.MavenExecutionContext.execute(MavenExecutionContext.java:292)
	at org.eclipse.m2e.core.internal.embedder.MavenExecutionContext.execute(MavenExecutionContext.java:278)
	at org.eclipse.m2e.core.internal.embedder.MavenImpl.resolve(MavenImpl.java:509)
	at org.eclipse.m2e.core.internal.embedder.MavenImpl.resolve(MavenImpl.java:494)
	at org.eclipse.m2e.jdt.internal.DownloadSourcesJob.download(DownloadSourcesJob.java:308)
	at org.eclipse.m2e.jdt.internal.DownloadSourcesJob.downloadAttachments(DownloadSourcesJob.java:294)
	at org.eclipse.m2e.jdt.internal.DownloadSourcesJob.downloadMaven(DownloadSourcesJob.java:252)
	at org.eclipse.m2e.jdt.internal.DownloadSourcesJob.downloadFilesAndPopulateToUpdate(DownloadSourcesJob.java:220)
	at org.eclipse.m2e.jdt.internal.DownloadSourcesJob.lambda$0(DownloadSourcesJob.java:149)
	at org.eclipse.m2e.core.internal.embedder.MavenExecutionContext.executeBare(MavenExecutionContext.java:458)
	at org.eclipse.m2e.core.internal.embedder.MavenExecutionContext.execute(MavenExecutionContext.java:339)
	at org.eclipse.m2e.core.internal.embedder.MavenExecutionContext.execute(MavenExecutionContext.java:278)
	at org.eclipse.m2e.core.embedder.IMaven.execute(IMaven.java:300)
	at org.eclipse.m2e.jdt.internal.DownloadSourcesJob.run(DownloadSourcesJob.java:149)
	at org.eclipse.core.internal.jobs.Worker.run(Worker.java:63)
2025-08-07 11:56:31,210 [Worker-30: Update Maven projects configuration] INFO  o.e.m.c.i.p.ProjectConfigurationManager - Update completed for 1 poms: local refresh takes 0.00 sec, refresh facades takes 5.00 sec, update config takes 5.00 sec 
2025-08-07 11:56:31,413 [Worker-35: Building] INFO  o.a.m.s.f.DefaultMavenResourcesFiltering - Copying 1 resource from src\main\resources to target\classes
2025-08-07 11:56:31,420 [Worker-35: Building] INFO  o.a.m.s.f.DefaultMavenResourcesFiltering - Copying 0 resource from src\main\resources to target\classes
2025-08-07 11:56:31,431 [Worker-35: Building] INFO  o.a.m.s.f.DefaultMavenResourcesFiltering - skip non existing resourceDirectory C:\Users\laksh\Music\Microservices\Practice\api-gateway\src\test\resources
2025-08-07 12:02:24,789 [Worker-32: Building] INFO  o.a.m.s.f.DefaultMavenResourcesFiltering - Copying 1 resource from src\main\resources to target\classes
2025-08-07 12:02:24,798 [Worker-32: Building] INFO  o.a.m.s.f.DefaultMavenResourcesFiltering - Copying 0 resource from src\main\resources to target\classes
2025-08-07 12:02:24,800 [Worker-32: Building] INFO  o.a.m.s.f.DefaultMavenResourcesFiltering - skip non existing resourceDirectory C:\Users\laksh\Music\Microservices\Practice\api-gateway\src\test\resources
2025-08-07 12:12:56,982 [Worker-39: Update Maven projects configuration] INFO  o.e.m.c.i.p.ProjectConfigurationManager - Update started
2025-08-07 12:12:57,491 [Worker-39: Update Maven projects configuration] INFO  o.e.m.c.i.l.LifecycleMappingFactory - Using org.maven.ide.eclipse.wtp.WarLifecycleMapping lifecycle mapping for MavenProject: com.example:movie-service:0.0.1-SNAPSHOT @ C:\Users\laksh\Music\Microservices\Practice\movie-service\pom.xml.
2025-08-07 12:12:58,862 [Worker-39: Update Maven projects configuration] INFO  o.e.m.j.i.AbstractJavaProjectConfigurator - Adding source folder /movie-service/src/main/java
2025-08-07 12:12:58,863 [Worker-39: Update Maven projects configuration] INFO  o.e.m.j.i.AbstractJavaProjectConfigurator - Adding resource folder /movie-service/src/main/resources
2025-08-07 12:12:58,877 [Worker-39: Update Maven projects configuration] INFO  o.e.m.j.i.AbstractJavaProjectConfigurator - Adding resource folder /movie-service/src/main/resources
2025-08-07 12:12:58,887 [Worker-39: Update Maven projects configuration] INFO  o.e.m.j.i.AbstractJavaProjectConfigurator - Adding source folder /movie-service/src/test/java
2025-08-07 12:12:58,890 [Worker-39: Update Maven projects configuration] INFO  o.e.m.j.i.AbstractJavaProjectConfigurator - Adding resource folder /movie-service/src/test/resources
2025-08-07 12:13:00,118 [Worker-30: Building] INFO  o.a.m.s.f.DefaultMavenResourcesFiltering - Copying 1 resource from src\main\resources to target\classes
2025-08-07 12:13:00,170 [Worker-30: Building] INFO  o.a.m.s.f.DefaultMavenResourcesFiltering - Copying 0 resource from src\main\resources to target\classes
2025-08-07 12:13:00,183 [Worker-30: Building] INFO  o.a.m.s.f.DefaultMavenResourcesFiltering - skip non existing resourceDirectory C:\Users\laksh\Music\Microservices\Practice\movie-service\src\test\resources
2025-08-07 12:13:03,003 [Worker-39: Update Maven projects configuration] INFO  o.e.m.c.i.p.ProjectConfigurationManager - Update completed for 1 poms: local refresh takes 0.00 sec, refresh facades takes 1.00 sec, update config takes 4.00 sec 
2025-08-07 12:13:03,144 [Worker-30: Building] INFO  o.a.m.s.f.DefaultMavenResourcesFiltering - Copying 1 resource from src\main\resources to target\classes
2025-08-07 12:13:03,147 [Worker-30: Building] INFO  o.a.m.s.f.DefaultMavenResourcesFiltering - Copying 0 resource from src\main\resources to target\classes
2025-08-07 12:13:03,152 [Worker-30: Building] INFO  o.a.m.s.f.DefaultMavenResourcesFiltering - skip non existing resourceDirectory C:\Users\laksh\Music\Microservices\Practice\movie-service\src\test\resources
2025-08-07 12:16:34,135 [Worker-41: Building] INFO  o.a.m.s.f.DefaultMavenResourcesFiltering - Copying 1 resource from src\main\resources to target\classes
2025-08-07 12:16:34,142 [Worker-41: Building] INFO  o.a.m.s.f.DefaultMavenResourcesFiltering - Copying 0 resource from src\main\resources to target\classes
2025-08-07 12:16:34,144 [Worker-41: Building] INFO  o.a.m.s.f.DefaultMavenResourcesFiltering - skip non existing resourceDirectory C:\Users\laksh\Music\Microservices\Practice\movie-service\src\test\resources
2025-08-07 12:17:08,297 [Worker-40: Update Maven projects configuration] INFO  o.e.m.c.i.p.ProjectConfigurationManager - Update started
2025-08-07 12:17:08,867 [Worker-40: Update Maven projects configuration] INFO  o.e.m.c.i.l.LifecycleMappingFactory - Using org.maven.ide.eclipse.wtp.WarLifecycleMapping lifecycle mapping for MavenProject: com.example:product-service:0.0.1-SNAPSHOT @ C:\Users\laksh\Music\Microservices\Practice\product-service\pom.xml.
2025-08-07 12:17:10,719 [Worker-40: Update Maven projects configuration] INFO  o.e.m.j.i.AbstractJavaProjectConfigurator - Adding source folder /product-service/src/main/java
2025-08-07 12:17:10,721 [Worker-40: Update Maven projects configuration] INFO  o.e.m.j.i.AbstractJavaProjectConfigurator - Adding resource folder /product-service/src/main/resources
2025-08-07 12:17:10,734 [Worker-40: Update Maven projects configuration] INFO  o.e.m.j.i.AbstractJavaProjectConfigurator - Adding resource folder /product-service/src/main/resources
2025-08-07 12:17:10,747 [Worker-40: Update Maven projects configuration] INFO  o.e.m.j.i.AbstractJavaProjectConfigurator - Adding source folder /product-service/src/test/java
2025-08-07 12:17:10,750 [Worker-40: Update Maven projects configuration] INFO  o.e.m.j.i.AbstractJavaProjectConfigurator - Adding resource folder /product-service/src/test/resources
2025-08-07 12:17:11,729 [Worker-35: Building] INFO  o.a.m.s.f.DefaultMavenResourcesFiltering - Copying 1 resource from src\main\resources to target\classes
2025-08-07 12:17:11,792 [Worker-35: Building] INFO  o.a.m.s.f.DefaultMavenResourcesFiltering - Copying 0 resource from src\main\resources to target\classes
2025-08-07 12:17:11,810 [Worker-35: Building] INFO  o.a.m.s.f.DefaultMavenResourcesFiltering - skip non existing resourceDirectory C:\Users\laksh\Music\Microservices\Practice\product-service\src\test\resources
2025-08-07 12:17:14,443 [Worker-40: Update Maven projects configuration] INFO  o.e.m.c.i.p.ProjectConfigurationManager - Update completed for 1 poms: local refresh takes 0.00 sec, refresh facades takes 2.00 sec, update config takes 3.00 sec 
2025-08-07 12:17:14,516 [Worker-42: Building] INFO  o.a.m.s.f.DefaultMavenResourcesFiltering - Copying 1 resource from src\main\resources to target\classes
2025-08-07 12:17:14,519 [Worker-42: Building] INFO  o.a.m.s.f.DefaultMavenResourcesFiltering - Copying 0 resource from src\main\resources to target\classes
2025-08-07 12:17:14,528 [Worker-42: Building] INFO  o.a.m.s.f.DefaultMavenResourcesFiltering - skip non existing resourceDirectory C:\Users\laksh\Music\Microservices\Practice\product-service\src\test\resources
2025-08-07 12:17:14,917 [Worker-34: Building] INFO  o.a.m.s.f.DefaultMavenResourcesFiltering - Copying 0 resource from src\main\resources to target\classes
2025-08-07 12:17:14,922 [Worker-34: Building] INFO  o.a.m.s.f.DefaultMavenResourcesFiltering - Copying 0 resource from src\main\resources to target\classes
2025-08-07 12:17:14,934 [Worker-34: Building] INFO  o.a.m.s.f.DefaultMavenResourcesFiltering - skip non existing resourceDirectory C:\Users\laksh\Music\Microservices\Practice\product-service\src\test\resources
2025-08-07 12:17:39,485 [Worker-30: Building] INFO  o.a.m.s.f.DefaultMavenResourcesFiltering - Copying 1 resource from src\main\resources to target\classes
2025-08-07 12:17:39,509 [Worker-30: Building] INFO  o.a.m.s.f.DefaultMavenResourcesFiltering - Copying 0 resource from src\main\resources to target\classes
2025-08-07 12:17:39,516 [Worker-30: Building] INFO  o.a.m.s.f.DefaultMavenResourcesFiltering - skip non existing resourceDirectory C:\Users\laksh\Music\Microservices\Practice\product-service\src\test\resources
2025-08-07 12:18:47,760 [Worker-35: Building] INFO  o.a.m.s.f.DefaultMavenResourcesFiltering - Copying 1 resource from src\main\resources to target\classes
2025-08-07 12:18:47,767 [Worker-35: Building] INFO  o.a.m.s.f.DefaultMavenResourcesFiltering - Copying 0 resource from src\main\resources to target\classes
2025-08-07 12:18:47,772 [Worker-35: Building] INFO  o.a.m.s.f.DefaultMavenResourcesFiltering - skip non existing resourceDirectory C:\Users\laksh\Music\Microservices\Practice\product-service\src\test\resources
2025-08-07 12:19:20,957 [Worker-30: Building] INFO  o.a.m.s.f.DefaultMavenResourcesFiltering - Copying 1 resource from src\main\resources to target\classes
2025-08-07 12:19:20,964 [Worker-30: Building] INFO  o.a.m.s.f.DefaultMavenResourcesFiltering - Copying 0 resource from src\main\resources to target\classes
2025-08-07 12:19:20,966 [Worker-30: Building] INFO  o.a.m.s.f.DefaultMavenResourcesFiltering - skip non existing resourceDirectory C:\Users\laksh\Music\Microservices\Practice\product-service\src\test\resources
2025-08-07 13:08:16,983 [Worker-44: Building] INFO  o.a.m.s.f.DefaultMavenResourcesFiltering - Copying 1 resource from src\main\resources to target\classes
2025-08-07 13:08:17,017 [Worker-44: Building] INFO  o.a.m.s.f.DefaultMavenResourcesFiltering - Copying 0 resource from src\main\resources to target\classes
2025-08-07 13:08:17,020 [Worker-44: Building] INFO  o.a.m.s.f.DefaultMavenResourcesFiltering - skip non existing resourceDirectory C:\Users\laksh\Music\Microservices\Practice\product-service\src\test\resources
2025-08-07 14:19:51,605 [Worker-6: Loading available Gradle versions] INFO  o.e.b.c.i.u.g.PublishedGradleVersions - Gradle version information cache is up-to-date. Trying to read.
2025-08-07 14:20:50,865 [Worker-6: Building] INFO  o.a.m.s.f.DefaultMavenResourcesFiltering - Copying 1 resource from src\main\resources to target\classes
2025-08-07 14:20:50,891 [Worker-6: Building] INFO  o.a.m.s.f.DefaultMavenResourcesFiltering - Copying 0 resource from src\main\resources to target\classes
2025-08-07 14:20:50,898 [Worker-6: Building] INFO  o.a.m.s.f.DefaultMavenResourcesFiltering - skip non existing resourceDirectory C:\Users\laksh\Music\Microservices\Practice\product-service\src\test\resources
2025-08-07 14:28:30,080 [Worker-32: Building] INFO  o.a.m.s.f.DefaultMavenResourcesFiltering - Copying 1 resource from src\main\resources to target\classes
2025-08-07 14:28:30,091 [Worker-32: Building] INFO  o.a.m.s.f.DefaultMavenResourcesFiltering - Copying 0 resource from src\main\resources to target\classes
2025-08-07 14:28:30,097 [Worker-32: Building] INFO  o.a.m.s.f.DefaultMavenResourcesFiltering - skip non existing resourceDirectory C:\Users\laksh\Music\Microservices\Practice\product-service\src\test\resources
2025-08-07 14:29:07,629 [Worker-12: Building] INFO  o.a.m.s.f.DefaultMavenResourcesFiltering - Copying 1 resource from src\main\resources to target\classes
2025-08-07 14:29:07,638 [Worker-12: Building] INFO  o.a.m.s.f.DefaultMavenResourcesFiltering - Copying 0 resource from src\main\resources to target\classes
2025-08-07 14:29:07,644 [Worker-12: Building] INFO  o.a.m.s.f.DefaultMavenResourcesFiltering - skip non existing resourceDirectory C:\Users\laksh\Music\Microservices\Practice\product-service\src\test\resources
2025-08-07 14:29:11,677 [Worker-6: Building] INFO  o.a.m.s.f.DefaultMavenResourcesFiltering - Copying 1 resource from src\main\resources to target\classes
2025-08-07 14:29:11,684 [Worker-6: Building] INFO  o.a.m.s.f.DefaultMavenResourcesFiltering - Copying 0 resource from src\main\resources to target\classes
2025-08-07 14:29:11,688 [Worker-6: Building] INFO  o.a.m.s.f.DefaultMavenResourcesFiltering - skip non existing resourceDirectory C:\Users\laksh\Music\Microservices\Practice\product-service\src\test\resources
2025-08-07 14:29:29,949 [Worker-33: Building] INFO  o.a.m.s.f.DefaultMavenResourcesFiltering - Copying 1 resource from src\main\resources to target\classes
2025-08-07 14:29:29,957 [Worker-33: Building] INFO  o.a.m.s.f.DefaultMavenResourcesFiltering - Copying 0 resource from src\main\resources to target\classes
2025-08-07 14:29:29,962 [Worker-33: Building] INFO  o.a.m.s.f.DefaultMavenResourcesFiltering - skip non existing resourceDirectory C:\Users\laksh\Music\Microservices\Practice\product-service\src\test\resources
2025-08-07 14:29:59,698 [Worker-33: Building] INFO  o.a.m.s.f.DefaultMavenResourcesFiltering - Copying 1 resource from src\main\resources to target\classes
2025-08-07 14:29:59,709 [Worker-33: Building] INFO  o.a.m.s.f.DefaultMavenResourcesFiltering - Copying 0 resource from src\main\resources to target\classes
2025-08-07 14:29:59,714 [Worker-33: Building] INFO  o.a.m.s.f.DefaultMavenResourcesFiltering - skip non existing resourceDirectory C:\Users\laksh\Music\Microservices\Practice\product-service\src\test\resources
2025-08-07 14:30:32,537 [Worker-30: Building] INFO  o.a.m.s.f.DefaultMavenResourcesFiltering - Copying 1 resource from src\main\resources to target\classes
2025-08-07 14:30:32,552 [Worker-30: Building] INFO  o.a.m.s.f.DefaultMavenResourcesFiltering - Copying 0 resource from src\main\resources to target\classes
2025-08-07 14:30:32,559 [Worker-30: Building] INFO  o.a.m.s.f.DefaultMavenResourcesFiltering - skip non existing resourceDirectory C:\Users\laksh\Music\Microservices\Practice\product-service\src\test\resources
2025-08-07 14:31:17,557 [Worker-33: Building] INFO  o.a.m.s.f.DefaultMavenResourcesFiltering - Copying 1 resource from src\main\resources to target\classes
2025-08-07 14:31:17,565 [Worker-33: Building] INFO  o.a.m.s.f.DefaultMavenResourcesFiltering - Copying 0 resource from src\main\resources to target\classes
2025-08-07 14:31:17,569 [Worker-33: Building] INFO  o.a.m.s.f.DefaultMavenResourcesFiltering - skip non existing resourceDirectory C:\Users\laksh\Music\Microservices\Practice\product-service\src\test\resources
2025-08-07 14:31:19,688 [Worker-33: Building] INFO  o.a.m.s.f.DefaultMavenResourcesFiltering - Copying 1 resource from src\main\resources to target\classes
2025-08-07 14:31:19,696 [Worker-33: Building] INFO  o.a.m.s.f.DefaultMavenResourcesFiltering - Copying 0 resource from src\main\resources to target\classes
2025-08-07 14:31:19,699 [Worker-33: Building] INFO  o.a.m.s.f.DefaultMavenResourcesFiltering - skip non existing resourceDirectory C:\Users\laksh\Music\Microservices\Practice\product-service\src\test\resources
2025-08-07 14:31:47,495 [Worker-30: Building] INFO  o.a.m.s.f.DefaultMavenResourcesFiltering - Copying 1 resource from src\main\resources to target\classes
2025-08-07 14:31:47,506 [Worker-30: Building] INFO  o.a.m.s.f.DefaultMavenResourcesFiltering - Copying 0 resource from src\main\resources to target\classes
2025-08-07 14:31:47,510 [Worker-30: Building] INFO  o.a.m.s.f.DefaultMavenResourcesFiltering - skip non existing resourceDirectory C:\Users\laksh\Music\Microservices\Practice\product-service\src\test\resources
2025-08-07 14:41:46,161 [Worker-33: Building] INFO  o.e.m.c.i.l.LifecycleMappingFactory - Using org.maven.ide.eclipse.wtp.WarLifecycleMapping lifecycle mapping for MavenProject: com.example:api-gateway:0.0.1-SNAPSHOT @ C:\Users\laksh\Music\Microservices\Practice\api-gateway\pom.xml.
2025-08-07 14:41:47,292 [Worker-33: Building] INFO  o.e.m.c.i.e.AbstractTransferListenerAdapter - Downloading https://repo.maven.apache.org/maven2/org/springframework/cloud/spring-cloud-starter-gateway/4.3.0/spring-cloud-starter-gateway-4.3.0.pom
2025-08-07 14:41:47,309 [Worker-33: Building] INFO  o.e.m.c.i.e.AbstractTransferListenerAdapter - Downloaded https://repo.maven.apache.org/maven2/org/springframework/cloud/spring-cloud-starter-gateway/4.3.0/spring-cloud-starter-gateway-4.3.0.pom
2025-08-07 14:41:47,337 [Worker-33: Building] INFO  o.e.m.c.i.e.AbstractTransferListenerAdapter - Downloading https://repo.maven.apache.org/maven2/org/springframework/cloud/spring-cloud-gateway/4.3.0/spring-cloud-gateway-4.3.0.pom
2025-08-07 14:41:47,347 [Worker-33: Building] INFO  o.e.m.c.i.e.AbstractTransferListenerAdapter - Downloaded https://repo.maven.apache.org/maven2/org/springframework/cloud/spring-cloud-gateway/4.3.0/spring-cloud-gateway-4.3.0.pom
2025-08-07 14:41:47,376 [Worker-33: Building] INFO  o.e.m.c.i.e.AbstractTransferListenerAdapter - Downloading https://repo.maven.apache.org/maven2/org/springframework/cloud/spring-cloud-gateway-server/4.3.0/spring-cloud-gateway-server-4.3.0.pom
2025-08-07 14:41:47,389 [Worker-33: Building] INFO  o.e.m.c.i.e.AbstractTransferListenerAdapter - Downloaded https://repo.maven.apache.org/maven2/org/springframework/cloud/spring-cloud-gateway-server/4.3.0/spring-cloud-gateway-server-4.3.0.pom
2025-08-07 14:41:47,421 [Worker-33: Building] INFO  o.e.m.c.i.e.AbstractTransferListenerAdapter - Downloading https://repo.maven.apache.org/maven2/org/springframework/boot/spring-boot-starter-validation/3.5.4/spring-boot-starter-validation-3.5.4.pom
2025-08-07 14:41:47,429 [Worker-33: Building] INFO  o.e.m.c.i.e.AbstractTransferListenerAdapter - Downloaded https://repo.maven.apache.org/maven2/org/springframework/boot/spring-boot-starter-validation/3.5.4/spring-boot-starter-validation-3.5.4.pom
2025-08-07 14:41:47,466 [Worker-33: Building] INFO  o.e.m.c.i.e.AbstractTransferListenerAdapter - Downloading https://repo.maven.apache.org/maven2/org/hibernate/validator/hibernate-validator/8.0.2.Final/hibernate-validator-8.0.2.Final.pom
2025-08-07 14:41:47,477 [Worker-33: Building] INFO  o.e.m.c.i.e.AbstractTransferListenerAdapter - Downloaded https://repo.maven.apache.org/maven2/org/hibernate/validator/hibernate-validator/8.0.2.Final/hibernate-validator-8.0.2.Final.pom
2025-08-07 14:41:47,502 [Worker-33: Building] INFO  o.e.m.c.i.e.AbstractTransferListenerAdapter - Downloading https://repo.maven.apache.org/maven2/org/hibernate/validator/hibernate-validator-parent/8.0.2.Final/hibernate-validator-parent-8.0.2.Final.pom
2025-08-07 14:41:47,529 [Worker-33: Building] INFO  o.e.m.c.i.e.AbstractTransferListenerAdapter - Downloaded https://repo.maven.apache.org/maven2/org/hibernate/validator/hibernate-validator-parent/8.0.2.Final/hibernate-validator-parent-8.0.2.Final.pom
2025-08-07 14:41:47,625 [Worker-33: Building] INFO  o.e.m.c.i.e.AbstractTransferListenerAdapter - Downloading https://repo.maven.apache.org/maven2/org/springframework/boot/spring-boot-starter-webflux/3.5.4/spring-boot-starter-webflux-3.5.4.pom
2025-08-07 14:41:47,631 [Worker-33: Building] INFO  o.e.m.c.i.e.AbstractTransferListenerAdapter - Downloaded https://repo.maven.apache.org/maven2/org/springframework/boot/spring-boot-starter-webflux/3.5.4/spring-boot-starter-webflux-3.5.4.pom
2025-08-07 14:41:47,653 [Worker-33: Building] INFO  o.e.m.c.i.e.AbstractTransferListenerAdapter - Downloading https://repo.maven.apache.org/maven2/org/springframework/boot/spring-boot-starter-reactor-netty/3.5.4/spring-boot-starter-reactor-netty-3.5.4.pom
2025-08-07 14:41:47,658 [Worker-33: Building] INFO  o.e.m.c.i.e.AbstractTransferListenerAdapter - Downloaded https://repo.maven.apache.org/maven2/org/springframework/boot/spring-boot-starter-reactor-netty/3.5.4/spring-boot-starter-reactor-netty-3.5.4.pom
2025-08-07 14:41:47,683 [Worker-33: Building] INFO  o.e.m.c.i.e.AbstractTransferListenerAdapter - Downloading https://repo.maven.apache.org/maven2/io/projectreactor/netty/reactor-netty-http/1.2.8/reactor-netty-http-1.2.8.pom
2025-08-07 14:41:47,689 [Worker-33: Building] INFO  o.e.m.c.i.e.AbstractTransferListenerAdapter - Downloaded https://repo.maven.apache.org/maven2/io/projectreactor/netty/reactor-netty-http/1.2.8/reactor-netty-http-1.2.8.pom
2025-08-07 14:41:47,715 [Worker-33: Building] INFO  o.e.m.c.i.e.AbstractTransferListenerAdapter - Downloading https://repo.maven.apache.org/maven2/io/netty/netty-codec-http/4.1.123.Final/netty-codec-http-4.1.123.Final.pom
2025-08-07 14:41:47,721 [Worker-33: Building] INFO  o.e.m.c.i.e.AbstractTransferListenerAdapter - Downloaded https://repo.maven.apache.org/maven2/io/netty/netty-codec-http/4.1.123.Final/netty-codec-http-4.1.123.Final.pom
2025-08-07 14:41:47,740 [Worker-33: Building] INFO  o.e.m.c.i.e.AbstractTransferListenerAdapter - Downloading https://repo.maven.apache.org/maven2/io/netty/netty-parent/4.1.123.Final/netty-parent-4.1.123.Final.pom
2025-08-07 14:41:47,755 [Worker-33: Building] INFO  o.e.m.c.i.e.AbstractTransferListenerAdapter - Downloaded https://repo.maven.apache.org/maven2/io/netty/netty-parent/4.1.123.Final/netty-parent-4.1.123.Final.pom
2025-08-07 14:41:47,789 [Worker-33: Building] INFO  o.e.m.c.i.e.AbstractTransferListenerAdapter - Downloading https://repo.maven.apache.org/maven2/io/netty/netty-common/4.1.123.Final/netty-common-4.1.123.Final.pom
2025-08-07 14:41:47,795 [Worker-33: Building] INFO  o.e.m.c.i.e.AbstractTransferListenerAdapter - Downloaded https://repo.maven.apache.org/maven2/io/netty/netty-common/4.1.123.Final/netty-common-4.1.123.Final.pom
2025-08-07 14:41:47,825 [Worker-33: Building] INFO  o.e.m.c.i.e.AbstractTransferListenerAdapter - Downloading https://repo.maven.apache.org/maven2/io/netty/netty-buffer/4.1.123.Final/netty-buffer-4.1.123.Final.pom
2025-08-07 14:41:47,830 [Worker-33: Building] INFO  o.e.m.c.i.e.AbstractTransferListenerAdapter - Downloaded https://repo.maven.apache.org/maven2/io/netty/netty-buffer/4.1.123.Final/netty-buffer-4.1.123.Final.pom
2025-08-07 14:41:47,851 [Worker-33: Building] INFO  o.e.m.c.i.e.AbstractTransferListenerAdapter - Downloading https://repo.maven.apache.org/maven2/io/netty/netty-transport/4.1.123.Final/netty-transport-4.1.123.Final.pom
2025-08-07 14:41:47,857 [Worker-33: Building] INFO  o.e.m.c.i.e.AbstractTransferListenerAdapter - Downloaded https://repo.maven.apache.org/maven2/io/netty/netty-transport/4.1.123.Final/netty-transport-4.1.123.Final.pom
2025-08-07 14:41:47,880 [Worker-33: Building] INFO  o.e.m.c.i.e.AbstractTransferListenerAdapter - Downloading https://repo.maven.apache.org/maven2/io/netty/netty-resolver/4.1.123.Final/netty-resolver-4.1.123.Final.pom
2025-08-07 14:41:47,887 [Worker-33: Building] INFO  o.e.m.c.i.e.AbstractTransferListenerAdapter - Downloaded https://repo.maven.apache.org/maven2/io/netty/netty-resolver/4.1.123.Final/netty-resolver-4.1.123.Final.pom
2025-08-07 14:41:47,911 [Worker-33: Building] INFO  o.e.m.c.i.e.AbstractTransferListenerAdapter - Downloading https://repo.maven.apache.org/maven2/io/netty/netty-codec/4.1.123.Final/netty-codec-4.1.123.Final.pom
2025-08-07 14:41:47,919 [Worker-33: Building] INFO  o.e.m.c.i.e.AbstractTransferListenerAdapter - Downloaded https://repo.maven.apache.org/maven2/io/netty/netty-codec/4.1.123.Final/netty-codec-4.1.123.Final.pom
2025-08-07 14:41:47,950 [Worker-33: Building] INFO  o.e.m.c.i.e.AbstractTransferListenerAdapter - Downloading https://repo.maven.apache.org/maven2/io/netty/netty-handler/4.1.123.Final/netty-handler-4.1.123.Final.pom
2025-08-07 14:41:47,956 [Worker-33: Building] INFO  o.e.m.c.i.e.AbstractTransferListenerAdapter - Downloaded https://repo.maven.apache.org/maven2/io/netty/netty-handler/4.1.123.Final/netty-handler-4.1.123.Final.pom
2025-08-07 14:41:47,988 [Worker-33: Building] INFO  o.e.m.c.i.e.AbstractTransferListenerAdapter - Downloading https://repo.maven.apache.org/maven2/io/netty/netty-transport-native-unix-common/4.1.123.Final/netty-transport-native-unix-common-4.1.123.Final.pom
2025-08-07 14:41:47,998 [Worker-33: Building] INFO  o.e.m.c.i.e.AbstractTransferListenerAdapter - Downloaded https://repo.maven.apache.org/maven2/io/netty/netty-transport-native-unix-common/4.1.123.Final/netty-transport-native-unix-common-4.1.123.Final.pom
2025-08-07 14:41:48,030 [Worker-33: Building] INFO  o.e.m.c.i.e.AbstractTransferListenerAdapter - Downloading https://repo.maven.apache.org/maven2/io/netty/netty-codec-http2/4.1.123.Final/netty-codec-http2-4.1.123.Final.pom
2025-08-07 14:41:48,037 [Worker-33: Building] INFO  o.e.m.c.i.e.AbstractTransferListenerAdapter - Downloaded https://repo.maven.apache.org/maven2/io/netty/netty-codec-http2/4.1.123.Final/netty-codec-http2-4.1.123.Final.pom
2025-08-07 14:41:48,063 [Worker-33: Building] INFO  o.e.m.c.i.e.AbstractTransferListenerAdapter - Downloading https://repo.maven.apache.org/maven2/io/netty/netty-resolver-dns/4.1.123.Final/netty-resolver-dns-4.1.123.Final.pom
2025-08-07 14:41:48,069 [Worker-33: Building] INFO  o.e.m.c.i.e.AbstractTransferListenerAdapter - Downloaded https://repo.maven.apache.org/maven2/io/netty/netty-resolver-dns/4.1.123.Final/netty-resolver-dns-4.1.123.Final.pom
2025-08-07 14:41:48,105 [Worker-33: Building] INFO  o.e.m.c.i.e.AbstractTransferListenerAdapter - Downloading https://repo.maven.apache.org/maven2/io/netty/netty-codec-dns/4.1.123.Final/netty-codec-dns-4.1.123.Final.pom
2025-08-07 14:41:48,113 [Worker-33: Building] INFO  o.e.m.c.i.e.AbstractTransferListenerAdapter - Downloaded https://repo.maven.apache.org/maven2/io/netty/netty-codec-dns/4.1.123.Final/netty-codec-dns-4.1.123.Final.pom
2025-08-07 14:41:48,141 [Worker-33: Building] INFO  o.e.m.c.i.e.AbstractTransferListenerAdapter - Downloading https://repo.maven.apache.org/maven2/io/netty/netty-resolver-dns-native-macos/4.1.123.Final/netty-resolver-dns-native-macos-4.1.123.Final.pom
2025-08-07 14:41:48,147 [Worker-33: Building] INFO  o.e.m.c.i.e.AbstractTransferListenerAdapter - Downloaded https://repo.maven.apache.org/maven2/io/netty/netty-resolver-dns-native-macos/4.1.123.Final/netty-resolver-dns-native-macos-4.1.123.Final.pom
2025-08-07 14:41:48,170 [Worker-33: Building] INFO  o.e.m.c.i.e.AbstractTransferListenerAdapter - Downloading https://repo.maven.apache.org/maven2/io/netty/netty-resolver-dns-classes-macos/4.1.123.Final/netty-resolver-dns-classes-macos-4.1.123.Final.pom
2025-08-07 14:41:48,177 [Worker-33: Building] INFO  o.e.m.c.i.e.AbstractTransferListenerAdapter - Downloaded https://repo.maven.apache.org/maven2/io/netty/netty-resolver-dns-classes-macos/4.1.123.Final/netty-resolver-dns-classes-macos-4.1.123.Final.pom
2025-08-07 14:41:48,202 [Worker-33: Building] INFO  o.e.m.c.i.e.AbstractTransferListenerAdapter - Downloading https://repo.maven.apache.org/maven2/io/netty/netty-transport-native-epoll/4.1.123.Final/netty-transport-native-epoll-4.1.123.Final.pom
2025-08-07 14:41:48,210 [Worker-33: Building] INFO  o.e.m.c.i.e.AbstractTransferListenerAdapter - Downloaded https://repo.maven.apache.org/maven2/io/netty/netty-transport-native-epoll/4.1.123.Final/netty-transport-native-epoll-4.1.123.Final.pom
2025-08-07 14:41:48,241 [Worker-33: Building] INFO  o.e.m.c.i.e.AbstractTransferListenerAdapter - Downloading https://repo.maven.apache.org/maven2/io/netty/netty-transport-classes-epoll/4.1.123.Final/netty-transport-classes-epoll-4.1.123.Final.pom
2025-08-07 14:41:48,249 [Worker-33: Building] INFO  o.e.m.c.i.e.AbstractTransferListenerAdapter - Downloaded https://repo.maven.apache.org/maven2/io/netty/netty-transport-classes-epoll/4.1.123.Final/netty-transport-classes-epoll-4.1.123.Final.pom
2025-08-07 14:41:48,274 [Worker-33: Building] INFO  o.e.m.c.i.e.AbstractTransferListenerAdapter - Downloading https://repo.maven.apache.org/maven2/io/projectreactor/netty/reactor-netty-core/1.2.8/reactor-netty-core-1.2.8.pom
2025-08-07 14:41:48,281 [Worker-33: Building] INFO  o.e.m.c.i.e.AbstractTransferListenerAdapter - Downloaded https://repo.maven.apache.org/maven2/io/projectreactor/netty/reactor-netty-core/1.2.8/reactor-netty-core-1.2.8.pom
2025-08-07 14:41:48,303 [Worker-33: Building] INFO  o.e.m.c.i.e.AbstractTransferListenerAdapter - Downloading https://repo.maven.apache.org/maven2/io/netty/netty-handler-proxy/4.1.123.Final/netty-handler-proxy-4.1.123.Final.pom
2025-08-07 14:41:48,308 [Worker-33: Building] INFO  o.e.m.c.i.e.AbstractTransferListenerAdapter - Downloaded https://repo.maven.apache.org/maven2/io/netty/netty-handler-proxy/4.1.123.Final/netty-handler-proxy-4.1.123.Final.pom
2025-08-07 14:41:48,332 [Worker-33: Building] INFO  o.e.m.c.i.e.AbstractTransferListenerAdapter - Downloading https://repo.maven.apache.org/maven2/io/netty/netty-codec-socks/4.1.123.Final/netty-codec-socks-4.1.123.Final.pom
2025-08-07 14:41:48,339 [Worker-33: Building] INFO  o.e.m.c.i.e.AbstractTransferListenerAdapter - Downloaded https://repo.maven.apache.org/maven2/io/netty/netty-codec-socks/4.1.123.Final/netty-codec-socks-4.1.123.Final.pom
2025-08-07 14:41:48,366 [Worker-33: Building] INFO  o.e.m.c.i.e.AbstractTransferListenerAdapter - Downloading https://repo.maven.apache.org/maven2/org/springframework/spring-webflux/6.2.9/spring-webflux-6.2.9.pom
2025-08-07 14:41:48,373 [Worker-33: Building] INFO  o.e.m.c.i.e.AbstractTransferListenerAdapter - Downloaded https://repo.maven.apache.org/maven2/org/springframework/spring-webflux/6.2.9/spring-webflux-6.2.9.pom
2025-08-07 14:41:48,396 [Worker-33: Building] INFO  o.e.m.c.i.e.AbstractTransferListenerAdapter - Downloading https://repo.maven.apache.org/maven2/org/springframework/boot/spring-boot-properties-migrator/3.5.4/spring-boot-properties-migrator-3.5.4.pom
2025-08-07 14:41:48,401 [Worker-33: Building] INFO  o.e.m.c.i.e.AbstractTransferListenerAdapter - Downloaded https://repo.maven.apache.org/maven2/org/springframework/boot/spring-boot-properties-migrator/3.5.4/spring-boot-properties-migrator-3.5.4.pom
2025-08-07 14:41:48,426 [Worker-33: Building] INFO  o.e.m.c.i.e.AbstractTransferListenerAdapter - Downloading https://repo.maven.apache.org/maven2/org/springframework/boot/spring-boot-configuration-metadata/3.5.4/spring-boot-configuration-metadata-3.5.4.pom
2025-08-07 14:41:48,432 [Worker-33: Building] INFO  o.e.m.c.i.e.AbstractTransferListenerAdapter - Downloaded https://repo.maven.apache.org/maven2/org/springframework/boot/spring-boot-configuration-metadata/3.5.4/spring-boot-configuration-metadata-3.5.4.pom
2025-08-07 14:41:48,890 [Worker-33: Building] INFO  o.e.m.c.i.e.AbstractTransferListenerAdapter - Downloading https://repo.maven.apache.org/maven2/org/springframework/cloud/spring-cloud-starter-gateway/4.3.0/spring-cloud-starter-gateway-4.3.0.jar
2025-08-07 14:41:48,896 [Worker-33: Building] INFO  o.e.m.c.i.e.AbstractTransferListenerAdapter - Downloaded https://repo.maven.apache.org/maven2/org/springframework/cloud/spring-cloud-starter-gateway/4.3.0/spring-cloud-starter-gateway-4.3.0.jar
2025-08-07 14:41:48,914 [BasicRepositoryConnector-repo.maven.apache.org-0-2] INFO  o.e.m.c.i.e.AbstractTransferListenerAdapter - Downloading https://repo.maven.apache.org/maven2/org/hibernate/validator/hibernate-validator/8.0.2.Final/hibernate-validator-8.0.2.Final.jar
2025-08-07 14:41:48,965 [BasicRepositoryConnector-repo.maven.apache.org-0-1] INFO  o.e.m.c.i.e.AbstractTransferListenerAdapter - Downloading https://repo.maven.apache.org/maven2/org/springframework/boot/spring-boot-starter-validation/3.5.4/spring-boot-starter-validation-3.5.4.jar
2025-08-07 14:41:48,968 [BasicRepositoryConnector-repo.maven.apache.org-0-4] INFO  o.e.m.c.i.e.AbstractTransferListenerAdapter - Downloading https://repo.maven.apache.org/maven2/org/springframework/boot/spring-boot-starter-reactor-netty/3.5.4/spring-boot-starter-reactor-netty-3.5.4.jar
2025-08-07 14:41:48,968 [BasicRepositoryConnector-repo.maven.apache.org-0-3] INFO  o.e.m.c.i.e.AbstractTransferListenerAdapter - Downloading https://repo.maven.apache.org/maven2/org/springframework/boot/spring-boot-starter-webflux/3.5.4/spring-boot-starter-webflux-3.5.4.jar
2025-08-07 14:41:48,973 [BasicRepositoryConnector-repo.maven.apache.org-0-0] INFO  o.e.m.c.i.e.AbstractTransferListenerAdapter - Downloading https://repo.maven.apache.org/maven2/org/springframework/cloud/spring-cloud-gateway-server/4.3.0/spring-cloud-gateway-server-4.3.0.jar
2025-08-07 14:41:48,979 [BasicRepositoryConnector-repo.maven.apache.org-0-1] INFO  o.e.m.c.i.e.AbstractTransferListenerAdapter - Downloaded https://repo.maven.apache.org/maven2/org/springframework/boot/spring-boot-starter-validation/3.5.4/spring-boot-starter-validation-3.5.4.jar
2025-08-07 14:41:48,981 [BasicRepositoryConnector-repo.maven.apache.org-0-4] INFO  o.e.m.c.i.e.AbstractTransferListenerAdapter - Downloaded https://repo.maven.apache.org/maven2/org/springframework/boot/spring-boot-starter-reactor-netty/3.5.4/spring-boot-starter-reactor-netty-3.5.4.jar
2025-08-07 14:41:48,982 [BasicRepositoryConnector-repo.maven.apache.org-0-3] INFO  o.e.m.c.i.e.AbstractTransferListenerAdapter - Downloaded https://repo.maven.apache.org/maven2/org/springframework/boot/spring-boot-starter-webflux/3.5.4/spring-boot-starter-webflux-3.5.4.jar
2025-08-07 14:41:49,025 [BasicRepositoryConnector-repo.maven.apache.org-0-3] INFO  o.e.m.c.i.e.AbstractTransferListenerAdapter - Downloading https://repo.maven.apache.org/maven2/io/netty/netty-common/4.1.123.Final/netty-common-4.1.123.Final.jar
2025-08-07 14:41:49,026 [BasicRepositoryConnector-repo.maven.apache.org-0-4] INFO  o.e.m.c.i.e.AbstractTransferListenerAdapter - Downloading https://repo.maven.apache.org/maven2/io/netty/netty-codec-http/4.1.123.Final/netty-codec-http-4.1.123.Final.jar
2025-08-07 14:41:49,026 [BasicRepositoryConnector-repo.maven.apache.org-0-1] INFO  o.e.m.c.i.e.AbstractTransferListenerAdapter - Downloading https://repo.maven.apache.org/maven2/io/projectreactor/netty/reactor-netty-http/1.2.8/reactor-netty-http-1.2.8.jar
2025-08-07 14:41:49,033 [BasicRepositoryConnector-repo.maven.apache.org-0-2] INFO  o.e.m.c.i.e.AbstractTransferListenerAdapter - Downloaded https://repo.maven.apache.org/maven2/org/hibernate/validator/hibernate-validator/8.0.2.Final/hibernate-validator-8.0.2.Final.jar
2025-08-07 14:41:49,050 [BasicRepositoryConnector-repo.maven.apache.org-0-2] INFO  o.e.m.c.i.e.AbstractTransferListenerAdapter - Downloading https://repo.maven.apache.org/maven2/io/netty/netty-buffer/4.1.123.Final/netty-buffer-4.1.123.Final.jar
2025-08-07 14:41:49,085 [BasicRepositoryConnector-repo.maven.apache.org-0-2] INFO  o.e.m.c.i.e.AbstractTransferListenerAdapter - Downloaded https://repo.maven.apache.org/maven2/io/netty/netty-buffer/4.1.123.Final/netty-buffer-4.1.123.Final.jar
2025-08-07 14:41:49,098 [BasicRepositoryConnector-repo.maven.apache.org-0-0] INFO  o.e.m.c.i.e.AbstractTransferListenerAdapter - Downloaded https://repo.maven.apache.org/maven2/org/springframework/cloud/spring-cloud-gateway-server/4.3.0/spring-cloud-gateway-server-4.3.0.jar
2025-08-07 14:41:49,115 [BasicRepositoryConnector-repo.maven.apache.org-0-2] INFO  o.e.m.c.i.e.AbstractTransferListenerAdapter - Downloading https://repo.maven.apache.org/maven2/io/netty/netty-transport/4.1.123.Final/netty-transport-4.1.123.Final.jar
2025-08-07 14:41:49,185 [BasicRepositoryConnector-repo.maven.apache.org-0-0] INFO  o.e.m.c.i.e.AbstractTransferListenerAdapter - Downloading https://repo.maven.apache.org/maven2/io/netty/netty-codec/4.1.123.Final/netty-codec-4.1.123.Final.jar
2025-08-07 14:41:49,191 [BasicRepositoryConnector-repo.maven.apache.org-0-4] INFO  o.e.m.c.i.e.AbstractTransferListenerAdapter - Downloaded https://repo.maven.apache.org/maven2/io/netty/netty-codec-http/4.1.123.Final/netty-codec-http-4.1.123.Final.jar
2025-08-07 14:41:49,224 [BasicRepositoryConnector-repo.maven.apache.org-0-4] INFO  o.e.m.c.i.e.AbstractTransferListenerAdapter - Downloading https://repo.maven.apache.org/maven2/io/netty/netty-handler/4.1.123.Final/netty-handler-4.1.123.Final.jar
2025-08-07 14:41:49,277 [BasicRepositoryConnector-repo.maven.apache.org-0-0] INFO  o.e.m.c.i.e.AbstractTransferListenerAdapter - Downloaded https://repo.maven.apache.org/maven2/io/netty/netty-codec/4.1.123.Final/netty-codec-4.1.123.Final.jar
2025-08-07 14:41:49,281 [BasicRepositoryConnector-repo.maven.apache.org-0-3] INFO  o.e.m.c.i.e.AbstractTransferListenerAdapter - Downloaded https://repo.maven.apache.org/maven2/io/netty/netty-common/4.1.123.Final/netty-common-4.1.123.Final.jar
2025-08-07 14:41:49,282 [BasicRepositoryConnector-repo.maven.apache.org-0-2] INFO  o.e.m.c.i.e.AbstractTransferListenerAdapter - Downloaded https://repo.maven.apache.org/maven2/io/netty/netty-transport/4.1.123.Final/netty-transport-4.1.123.Final.jar
2025-08-07 14:41:49,286 [BasicRepositoryConnector-repo.maven.apache.org-0-1] INFO  o.e.m.c.i.e.AbstractTransferListenerAdapter - Downloaded https://repo.maven.apache.org/maven2/io/projectreactor/netty/reactor-netty-http/1.2.8/reactor-netty-http-1.2.8.jar
2025-08-07 14:41:49,297 [BasicRepositoryConnector-repo.maven.apache.org-0-4] INFO  o.e.m.c.i.e.AbstractTransferListenerAdapter - Downloaded https://repo.maven.apache.org/maven2/io/netty/netty-handler/4.1.123.Final/netty-handler-4.1.123.Final.jar
2025-08-07 14:41:49,311 [BasicRepositoryConnector-repo.maven.apache.org-0-3] INFO  o.e.m.c.i.e.AbstractTransferListenerAdapter - Downloading https://repo.maven.apache.org/maven2/io/netty/netty-resolver-dns/4.1.123.Final/netty-resolver-dns-4.1.123.Final.jar
2025-08-07 14:41:49,311 [BasicRepositoryConnector-repo.maven.apache.org-0-0] INFO  o.e.m.c.i.e.AbstractTransferListenerAdapter - Downloading https://repo.maven.apache.org/maven2/io/netty/netty-codec-http2/4.1.123.Final/netty-codec-http2-4.1.123.Final.jar
2025-08-07 14:41:49,311 [BasicRepositoryConnector-repo.maven.apache.org-0-2] INFO  o.e.m.c.i.e.AbstractTransferListenerAdapter - Downloading https://repo.maven.apache.org/maven2/io/netty/netty-resolver/4.1.123.Final/netty-resolver-4.1.123.Final.jar
2025-08-07 14:41:49,311 [BasicRepositoryConnector-repo.maven.apache.org-0-1] INFO  o.e.m.c.i.e.AbstractTransferListenerAdapter - Downloading https://repo.maven.apache.org/maven2/io/netty/netty-codec-dns/4.1.123.Final/netty-codec-dns-4.1.123.Final.jar
2025-08-07 14:41:49,316 [BasicRepositoryConnector-repo.maven.apache.org-0-4] INFO  o.e.m.c.i.e.AbstractTransferListenerAdapter - Downloading https://repo.maven.apache.org/maven2/io/netty/netty-resolver-dns-native-macos/4.1.123.Final/netty-resolver-dns-native-macos-4.1.123.Final-osx-x86_64.jar
2025-08-07 14:41:49,327 [BasicRepositoryConnector-repo.maven.apache.org-0-4] INFO  o.e.m.c.i.e.AbstractTransferListenerAdapter - Downloaded https://repo.maven.apache.org/maven2/io/netty/netty-resolver-dns-native-macos/4.1.123.Final/netty-resolver-dns-native-macos-4.1.123.Final-osx-x86_64.jar
2025-08-07 14:41:49,338 [BasicRepositoryConnector-repo.maven.apache.org-0-3] INFO  o.e.m.c.i.e.AbstractTransferListenerAdapter - Downloaded https://repo.maven.apache.org/maven2/io/netty/netty-resolver-dns/4.1.123.Final/netty-resolver-dns-4.1.123.Final.jar
2025-08-07 14:41:49,340 [BasicRepositoryConnector-repo.maven.apache.org-0-2] INFO  o.e.m.c.i.e.AbstractTransferListenerAdapter - Downloaded https://repo.maven.apache.org/maven2/io/netty/netty-resolver/4.1.123.Final/netty-resolver-4.1.123.Final.jar
2025-08-07 14:41:49,340 [BasicRepositoryConnector-repo.maven.apache.org-0-1] INFO  o.e.m.c.i.e.AbstractTransferListenerAdapter - Downloaded https://repo.maven.apache.org/maven2/io/netty/netty-codec-dns/4.1.123.Final/netty-codec-dns-4.1.123.Final.jar
2025-08-07 14:41:49,349 [BasicRepositoryConnector-repo.maven.apache.org-0-4] INFO  o.e.m.c.i.e.AbstractTransferListenerAdapter - Downloading https://repo.maven.apache.org/maven2/io/netty/netty-resolver-dns-classes-macos/4.1.123.Final/netty-resolver-dns-classes-macos-4.1.123.Final.jar
2025-08-07 14:41:49,356 [BasicRepositoryConnector-repo.maven.apache.org-0-2] INFO  o.e.m.c.i.e.AbstractTransferListenerAdapter - Downloading https://repo.maven.apache.org/maven2/io/netty/netty-transport-native-unix-common/4.1.123.Final/netty-transport-native-unix-common-4.1.123.Final.jar
2025-08-07 14:41:49,359 [BasicRepositoryConnector-repo.maven.apache.org-0-1] INFO  o.e.m.c.i.e.AbstractTransferListenerAdapter - Downloading https://repo.maven.apache.org/maven2/io/netty/netty-transport-classes-epoll/4.1.123.Final/netty-transport-classes-epoll-4.1.123.Final.jar
2025-08-07 14:41:49,359 [BasicRepositoryConnector-repo.maven.apache.org-0-3] INFO  o.e.m.c.i.e.AbstractTransferListenerAdapter - Downloading https://repo.maven.apache.org/maven2/io/netty/netty-transport-native-epoll/4.1.123.Final/netty-transport-native-epoll-4.1.123.Final-linux-x86_64.jar
2025-08-07 14:41:49,367 [BasicRepositoryConnector-repo.maven.apache.org-0-4] INFO  o.e.m.c.i.e.AbstractTransferListenerAdapter - Downloaded https://repo.maven.apache.org/maven2/io/netty/netty-resolver-dns-classes-macos/4.1.123.Final/netty-resolver-dns-classes-macos-4.1.123.Final.jar
2025-08-07 14:41:49,374 [BasicRepositoryConnector-repo.maven.apache.org-0-2] INFO  o.e.m.c.i.e.AbstractTransferListenerAdapter - Downloaded https://repo.maven.apache.org/maven2/io/netty/netty-transport-native-unix-common/4.1.123.Final/netty-transport-native-unix-common-4.1.123.Final.jar
2025-08-07 14:41:49,377 [BasicRepositoryConnector-repo.maven.apache.org-0-3] INFO  o.e.m.c.i.e.AbstractTransferListenerAdapter - Downloaded https://repo.maven.apache.org/maven2/io/netty/netty-transport-native-epoll/4.1.123.Final/netty-transport-native-epoll-4.1.123.Final-linux-x86_64.jar
2025-08-07 14:41:49,386 [BasicRepositoryConnector-repo.maven.apache.org-0-1] INFO  o.e.m.c.i.e.AbstractTransferListenerAdapter - Downloaded https://repo.maven.apache.org/maven2/io/netty/netty-transport-classes-epoll/4.1.123.Final/netty-transport-classes-epoll-4.1.123.Final.jar
2025-08-07 14:41:49,387 [BasicRepositoryConnector-repo.maven.apache.org-0-4] INFO  o.e.m.c.i.e.AbstractTransferListenerAdapter - Downloading https://repo.maven.apache.org/maven2/io/projectreactor/netty/reactor-netty-core/1.2.8/reactor-netty-core-1.2.8.jar
2025-08-07 14:41:49,402 [BasicRepositoryConnector-repo.maven.apache.org-0-2] INFO  o.e.m.c.i.e.AbstractTransferListenerAdapter - Downloading https://repo.maven.apache.org/maven2/io/netty/netty-handler-proxy/4.1.123.Final/netty-handler-proxy-4.1.123.Final.jar
2025-08-07 14:41:49,402 [BasicRepositoryConnector-repo.maven.apache.org-0-3] INFO  o.e.m.c.i.e.AbstractTransferListenerAdapter - Downloading https://repo.maven.apache.org/maven2/io/netty/netty-codec-socks/4.1.123.Final/netty-codec-socks-4.1.123.Final.jar
2025-08-07 14:41:49,412 [BasicRepositoryConnector-repo.maven.apache.org-0-1] INFO  o.e.m.c.i.e.AbstractTransferListenerAdapter - Downloading https://repo.maven.apache.org/maven2/org/springframework/spring-webflux/6.2.9/spring-webflux-6.2.9.jar
2025-08-07 14:41:49,414 [BasicRepositoryConnector-repo.maven.apache.org-0-2] INFO  o.e.m.c.i.e.AbstractTransferListenerAdapter - Downloaded https://repo.maven.apache.org/maven2/io/netty/netty-handler-proxy/4.1.123.Final/netty-handler-proxy-4.1.123.Final.jar
2025-08-07 14:41:49,422 [BasicRepositoryConnector-repo.maven.apache.org-0-0] INFO  o.e.m.c.i.e.AbstractTransferListenerAdapter - Downloaded https://repo.maven.apache.org/maven2/io/netty/netty-codec-http2/4.1.123.Final/netty-codec-http2-4.1.123.Final.jar
2025-08-07 14:41:49,422 [BasicRepositoryConnector-repo.maven.apache.org-0-3] INFO  o.e.m.c.i.e.AbstractTransferListenerAdapter - Downloaded https://repo.maven.apache.org/maven2/io/netty/netty-codec-socks/4.1.123.Final/netty-codec-socks-4.1.123.Final.jar
2025-08-07 14:41:49,466 [BasicRepositoryConnector-repo.maven.apache.org-0-2] INFO  o.e.m.c.i.e.AbstractTransferListenerAdapter - Downloading https://repo.maven.apache.org/maven2/org/springframework/boot/spring-boot-properties-migrator/3.5.4/spring-boot-properties-migrator-3.5.4.jar
2025-08-07 14:41:49,468 [BasicRepositoryConnector-repo.maven.apache.org-0-0] INFO  o.e.m.c.i.e.AbstractTransferListenerAdapter - Downloading https://repo.maven.apache.org/maven2/org/springframework/boot/spring-boot-configuration-metadata/3.5.4/spring-boot-configuration-metadata-3.5.4.jar
2025-08-07 14:41:49,482 [BasicRepositoryConnector-repo.maven.apache.org-0-2] INFO  o.e.m.c.i.e.AbstractTransferListenerAdapter - Downloaded https://repo.maven.apache.org/maven2/org/springframework/boot/spring-boot-properties-migrator/3.5.4/spring-boot-properties-migrator-3.5.4.jar
2025-08-07 14:41:49,484 [BasicRepositoryConnector-repo.maven.apache.org-0-0] INFO  o.e.m.c.i.e.AbstractTransferListenerAdapter - Downloaded https://repo.maven.apache.org/maven2/org/springframework/boot/spring-boot-configuration-metadata/3.5.4/spring-boot-configuration-metadata-3.5.4.jar
2025-08-07 14:41:49,486 [BasicRepositoryConnector-repo.maven.apache.org-0-4] INFO  o.e.m.c.i.e.AbstractTransferListenerAdapter - Downloaded https://repo.maven.apache.org/maven2/io/projectreactor/netty/reactor-netty-core/1.2.8/reactor-netty-core-1.2.8.jar
2025-08-07 14:41:49,555 [BasicRepositoryConnector-repo.maven.apache.org-0-1] INFO  o.e.m.c.i.e.AbstractTransferListenerAdapter - Downloaded https://repo.maven.apache.org/maven2/org/springframework/spring-webflux/6.2.9/spring-webflux-6.2.9.jar
2025-08-07 14:41:52,254 [Worker-33: Building] INFO  o.a.m.s.f.DefaultMavenResourcesFiltering - Copying 1 resource from src\main\resources to target\classes
2025-08-07 14:41:52,299 [Worker-33: Building] INFO  o.a.m.s.f.DefaultMavenResourcesFiltering - Copying 0 resource from src\main\resources to target\classes
2025-08-07 14:41:52,310 [Worker-33: Building] INFO  o.a.m.s.f.DefaultMavenResourcesFiltering - skip non existing resourceDirectory C:\Users\laksh\Music\Microservices\Practice\api-gateway\src\test\resources
2025-08-07 14:41:52,316 [Worker-33: Building] INFO  o.e.m.w.i.f.ResourceFilteringBuildParticipant - Changed resources require a complete clean of filtered resources of api-gateway
2025-08-07 14:41:52,319 [Worker-33: Building] INFO  o.e.m.w.i.f.ResourceFilteringBuildParticipant - Executing resource filtering for api-gateway
2025-08-07 14:41:52,501 [Worker-35: Download sources and javadoc] INFO  o.e.m.c.i.e.AbstractTransferListenerAdapter - Downloading https://repo.maven.apache.org/maven2/org/springframework/cloud/spring-cloud-starter-gateway/4.3.0/spring-cloud-starter-gateway-4.3.0-sources.jar
2025-08-07 14:41:52,513 [Worker-35: Download sources and javadoc] INFO  o.e.m.c.i.e.AbstractTransferListenerAdapter - Downloaded https://repo.maven.apache.org/maven2/org/springframework/cloud/spring-cloud-starter-gateway/4.3.0/spring-cloud-starter-gateway-4.3.0-sources.jar
2025-08-07 14:41:52,524 [Worker-35: Download sources and javadoc] INFO  o.e.m.j.internal.DownloadSourcesJob - Downloaded sources for org.springframework.cloud:spring-cloud-starter-gateway:4.3.0
2025-08-07 14:41:52,623 [Worker-35: Download sources and javadoc] INFO  o.e.m.c.i.e.AbstractTransferListenerAdapter - Downloading https://repo.maven.apache.org/maven2/org/springframework/cloud/spring-cloud-gateway-server/4.3.0/spring-cloud-gateway-server-4.3.0-sources.jar
2025-08-07 14:41:52,687 [Worker-35: Download sources and javadoc] INFO  o.e.m.c.i.e.AbstractTransferListenerAdapter - Downloaded https://repo.maven.apache.org/maven2/org/springframework/cloud/spring-cloud-gateway-server/4.3.0/spring-cloud-gateway-server-4.3.0-sources.jar
2025-08-07 14:41:52,699 [Worker-35: Download sources and javadoc] INFO  o.e.m.j.internal.DownloadSourcesJob - Downloaded sources for org.springframework.cloud:spring-cloud-gateway-server:4.3.0
2025-08-07 14:41:52,778 [Worker-35: Download sources and javadoc] INFO  o.e.m.c.i.e.AbstractTransferListenerAdapter - Downloading https://repo.maven.apache.org/maven2/org/springframework/boot/spring-boot-starter-validation/3.5.4/spring-boot-starter-validation-3.5.4-sources.jar
2025-08-07 14:41:52,794 [Worker-35: Download sources and javadoc] INFO  o.e.m.c.i.e.AbstractTransferListenerAdapter - Downloaded https://repo.maven.apache.org/maven2/org/springframework/boot/spring-boot-starter-validation/3.5.4/spring-boot-starter-validation-3.5.4-sources.jar
2025-08-07 14:41:52,810 [Worker-35: Download sources and javadoc] INFO  o.e.m.j.internal.DownloadSourcesJob - Downloaded sources for org.springframework.boot:spring-boot-starter-validation:3.5.4
2025-08-07 14:41:52,898 [Worker-35: Download sources and javadoc] INFO  o.e.m.c.i.e.AbstractTransferListenerAdapter - Downloading https://repo.maven.apache.org/maven2/org/hibernate/validator/hibernate-validator/8.0.2.Final/hibernate-validator-8.0.2.Final-sources.jar
2025-08-07 14:41:53,008 [Worker-35: Download sources and javadoc] INFO  o.e.m.c.i.e.AbstractTransferListenerAdapter - Downloaded https://repo.maven.apache.org/maven2/org/hibernate/validator/hibernate-validator/8.0.2.Final/hibernate-validator-8.0.2.Final-sources.jar
2025-08-07 14:41:53,026 [Worker-35: Download sources and javadoc] INFO  o.e.m.j.internal.DownloadSourcesJob - Downloaded sources for org.hibernate.validator:hibernate-validator:8.0.2.Final
2025-08-07 14:41:53,127 [Worker-35: Download sources and javadoc] INFO  o.e.m.c.i.e.AbstractTransferListenerAdapter - Downloading https://repo.maven.apache.org/maven2/org/springframework/boot/spring-boot-starter-webflux/3.5.4/spring-boot-starter-webflux-3.5.4-sources.jar
2025-08-07 14:41:53,148 [Worker-35: Download sources and javadoc] INFO  o.e.m.c.i.e.AbstractTransferListenerAdapter - Downloaded https://repo.maven.apache.org/maven2/org/springframework/boot/spring-boot-starter-webflux/3.5.4/spring-boot-starter-webflux-3.5.4-sources.jar
2025-08-07 14:41:53,164 [Worker-35: Download sources and javadoc] INFO  o.e.m.j.internal.DownloadSourcesJob - Downloaded sources for org.springframework.boot:spring-boot-starter-webflux:3.5.4
2025-08-07 14:41:53,259 [Worker-35: Download sources and javadoc] INFO  o.e.m.c.i.e.AbstractTransferListenerAdapter - Downloading https://repo.maven.apache.org/maven2/org/springframework/boot/spring-boot-starter-reactor-netty/3.5.4/spring-boot-starter-reactor-netty-3.5.4-sources.jar
2025-08-07 14:41:53,284 [Worker-35: Download sources and javadoc] INFO  o.e.m.c.i.e.AbstractTransferListenerAdapter - Downloaded https://repo.maven.apache.org/maven2/org/springframework/boot/spring-boot-starter-reactor-netty/3.5.4/spring-boot-starter-reactor-netty-3.5.4-sources.jar
2025-08-07 14:41:53,300 [Worker-35: Download sources and javadoc] INFO  o.e.m.j.internal.DownloadSourcesJob - Downloaded sources for org.springframework.boot:spring-boot-starter-reactor-netty:3.5.4
2025-08-07 14:41:53,399 [Worker-35: Download sources and javadoc] INFO  o.e.m.c.i.e.AbstractTransferListenerAdapter - Downloading https://repo.maven.apache.org/maven2/io/projectreactor/netty/reactor-netty-http/1.2.8/reactor-netty-http-1.2.8-sources.jar
2025-08-07 14:41:53,489 [Worker-35: Download sources and javadoc] INFO  o.e.m.c.i.e.AbstractTransferListenerAdapter - Downloaded https://repo.maven.apache.org/maven2/io/projectreactor/netty/reactor-netty-http/1.2.8/reactor-netty-http-1.2.8-sources.jar
2025-08-07 14:41:53,510 [Worker-35: Download sources and javadoc] INFO  o.e.m.j.internal.DownloadSourcesJob - Downloaded sources for io.projectreactor.netty:reactor-netty-http:1.2.8
2025-08-07 14:41:53,605 [Worker-35: Download sources and javadoc] INFO  o.e.m.c.i.e.AbstractTransferListenerAdapter - Downloading https://repo.maven.apache.org/maven2/io/netty/netty-codec-http/4.1.123.Final/netty-codec-http-4.1.123.Final-sources.jar
2025-08-07 14:41:53,686 [Worker-35: Download sources and javadoc] INFO  o.e.m.c.i.e.AbstractTransferListenerAdapter - Downloaded https://repo.maven.apache.org/maven2/io/netty/netty-codec-http/4.1.123.Final/netty-codec-http-4.1.123.Final-sources.jar
2025-08-07 14:41:53,703 [Worker-35: Download sources and javadoc] INFO  o.e.m.j.internal.DownloadSourcesJob - Downloaded sources for io.netty:netty-codec-http:4.1.123.Final
2025-08-07 14:41:53,807 [Worker-35: Download sources and javadoc] INFO  o.e.m.c.i.e.AbstractTransferListenerAdapter - Downloading https://repo.maven.apache.org/maven2/io/netty/netty-common/4.1.123.Final/netty-common-4.1.123.Final-sources.jar
2025-08-07 14:41:53,904 [Worker-35: Download sources and javadoc] INFO  o.e.m.c.i.e.AbstractTransferListenerAdapter - Downloaded https://repo.maven.apache.org/maven2/io/netty/netty-common/4.1.123.Final/netty-common-4.1.123.Final-sources.jar
2025-08-07 14:41:53,922 [Worker-35: Download sources and javadoc] INFO  o.e.m.j.internal.DownloadSourcesJob - Downloaded sources for io.netty:netty-common:4.1.123.Final
2025-08-07 14:41:54,023 [Worker-35: Download sources and javadoc] INFO  o.e.m.c.i.e.AbstractTransferListenerAdapter - Downloading https://repo.maven.apache.org/maven2/io/netty/netty-buffer/4.1.123.Final/netty-buffer-4.1.123.Final-sources.jar
2025-08-07 14:41:54,073 [Worker-35: Download sources and javadoc] INFO  o.e.m.c.i.e.AbstractTransferListenerAdapter - Downloaded https://repo.maven.apache.org/maven2/io/netty/netty-buffer/4.1.123.Final/netty-buffer-4.1.123.Final-sources.jar
2025-08-07 14:41:54,092 [Worker-35: Download sources and javadoc] INFO  o.e.m.j.internal.DownloadSourcesJob - Downloaded sources for io.netty:netty-buffer:4.1.123.Final
2025-08-07 14:41:54,184 [Worker-35: Download sources and javadoc] INFO  o.e.m.c.i.e.AbstractTransferListenerAdapter - Downloading https://repo.maven.apache.org/maven2/io/netty/netty-transport/4.1.123.Final/netty-transport-4.1.123.Final-sources.jar
2025-08-07 14:41:54,253 [Worker-35: Download sources and javadoc] INFO  o.e.m.c.i.e.AbstractTransferListenerAdapter - Downloaded https://repo.maven.apache.org/maven2/io/netty/netty-transport/4.1.123.Final/netty-transport-4.1.123.Final-sources.jar
2025-08-07 14:41:54,270 [Worker-35: Download sources and javadoc] INFO  o.e.m.j.internal.DownloadSourcesJob - Downloaded sources for io.netty:netty-transport:4.1.123.Final
2025-08-07 14:41:54,364 [Worker-35: Download sources and javadoc] INFO  o.e.m.c.i.e.AbstractTransferListenerAdapter - Downloading https://repo.maven.apache.org/maven2/io/netty/netty-codec/4.1.123.Final/netty-codec-4.1.123.Final-sources.jar
2025-08-07 14:41:54,439 [Worker-35: Download sources and javadoc] INFO  o.e.m.c.i.e.AbstractTransferListenerAdapter - Downloaded https://repo.maven.apache.org/maven2/io/netty/netty-codec/4.1.123.Final/netty-codec-4.1.123.Final-sources.jar
2025-08-07 14:41:54,458 [Worker-35: Download sources and javadoc] INFO  o.e.m.j.internal.DownloadSourcesJob - Downloaded sources for io.netty:netty-codec:4.1.123.Final
2025-08-07 14:41:54,547 [Worker-35: Download sources and javadoc] INFO  o.e.m.c.i.e.AbstractTransferListenerAdapter - Downloading https://repo.maven.apache.org/maven2/io/netty/netty-handler/4.1.123.Final/netty-handler-4.1.123.Final-sources.jar
2025-08-07 14:41:54,645 [Worker-35: Download sources and javadoc] INFO  o.e.m.c.i.e.AbstractTransferListenerAdapter - Downloaded https://repo.maven.apache.org/maven2/io/netty/netty-handler/4.1.123.Final/netty-handler-4.1.123.Final-sources.jar
2025-08-07 14:41:54,711 [Worker-35: Download sources and javadoc] INFO  o.e.m.j.internal.DownloadSourcesJob - Downloaded sources for io.netty:netty-handler:4.1.123.Final
2025-08-07 14:41:54,781 [Worker-33: Building] INFO  o.a.m.s.f.DefaultMavenResourcesFiltering - Copying 1 resource from src\main\resources to target\classes
2025-08-07 14:41:54,816 [Worker-33: Building] INFO  o.a.m.s.f.DefaultMavenResourcesFiltering - Copying 0 resource from src\main\resources to target\classes
2025-08-07 14:41:54,818 [Worker-35: Download sources and javadoc] INFO  o.e.m.c.i.e.AbstractTransferListenerAdapter - Downloading https://repo.maven.apache.org/maven2/io/netty/netty-codec-http2/4.1.123.Final/netty-codec-http2-4.1.123.Final-sources.jar
2025-08-07 14:41:54,828 [Worker-33: Building] INFO  o.a.m.s.f.DefaultMavenResourcesFiltering - skip non existing resourceDirectory C:\Users\laksh\Music\Microservices\Practice\api-gateway\src\test\resources
2025-08-07 14:41:54,885 [Worker-35: Download sources and javadoc] INFO  o.e.m.c.i.e.AbstractTransferListenerAdapter - Downloaded https://repo.maven.apache.org/maven2/io/netty/netty-codec-http2/4.1.123.Final/netty-codec-http2-4.1.123.Final-sources.jar
2025-08-07 14:41:54,900 [Worker-35: Download sources and javadoc] INFO  o.e.m.j.internal.DownloadSourcesJob - Downloaded sources for io.netty:netty-codec-http2:4.1.123.Final
2025-08-07 14:41:54,991 [Worker-35: Download sources and javadoc] INFO  o.e.m.c.i.e.AbstractTransferListenerAdapter - Downloading https://repo.maven.apache.org/maven2/io/netty/netty-resolver-dns/4.1.123.Final/netty-resolver-dns-4.1.123.Final-sources.jar
2025-08-07 14:41:55,036 [Worker-35: Download sources and javadoc] INFO  o.e.m.c.i.e.AbstractTransferListenerAdapter - Downloaded https://repo.maven.apache.org/maven2/io/netty/netty-resolver-dns/4.1.123.Final/netty-resolver-dns-4.1.123.Final-sources.jar
2025-08-07 14:41:55,057 [Worker-35: Download sources and javadoc] INFO  o.e.m.j.internal.DownloadSourcesJob - Downloaded sources for io.netty:netty-resolver-dns:4.1.123.Final
2025-08-07 14:41:55,166 [Worker-35: Download sources and javadoc] INFO  o.e.m.c.i.e.AbstractTransferListenerAdapter - Downloading https://repo.maven.apache.org/maven2/io/netty/netty-resolver/4.1.123.Final/netty-resolver-4.1.123.Final-sources.jar
2025-08-07 14:41:55,204 [Worker-35: Download sources and javadoc] INFO  o.e.m.c.i.e.AbstractTransferListenerAdapter - Downloaded https://repo.maven.apache.org/maven2/io/netty/netty-resolver/4.1.123.Final/netty-resolver-4.1.123.Final-sources.jar
2025-08-07 14:41:55,232 [Worker-35: Download sources and javadoc] INFO  o.e.m.j.internal.DownloadSourcesJob - Downloaded sources for io.netty:netty-resolver:4.1.123.Final
2025-08-07 14:41:55,364 [Worker-35: Download sources and javadoc] INFO  o.e.m.c.i.e.AbstractTransferListenerAdapter - Downloading https://repo.maven.apache.org/maven2/io/netty/netty-codec-dns/4.1.123.Final/netty-codec-dns-4.1.123.Final-sources.jar
2025-08-07 14:41:55,410 [Worker-35: Download sources and javadoc] INFO  o.e.m.c.i.e.AbstractTransferListenerAdapter - Downloaded https://repo.maven.apache.org/maven2/io/netty/netty-codec-dns/4.1.123.Final/netty-codec-dns-4.1.123.Final-sources.jar
2025-08-07 14:41:55,429 [Worker-35: Download sources and javadoc] INFO  o.e.m.j.internal.DownloadSourcesJob - Downloaded sources for io.netty:netty-codec-dns:4.1.123.Final
2025-08-07 14:41:55,593 [Worker-35: Download sources and javadoc] INFO  o.e.m.c.i.e.AbstractTransferListenerAdapter - Downloading https://repo.maven.apache.org/maven2/io/netty/netty-resolver-dns-native-macos/4.1.123.Final/netty-resolver-dns-native-macos-4.1.123.Final-sources.jar
2025-08-07 14:41:55,615 [Worker-35: Download sources and javadoc] INFO  o.e.m.c.i.e.AbstractTransferListenerAdapter - Downloaded https://repo.maven.apache.org/maven2/io/netty/netty-resolver-dns-native-macos/4.1.123.Final/netty-resolver-dns-native-macos-4.1.123.Final-sources.jar
2025-08-07 14:41:55,650 [Worker-35: Download sources and javadoc] INFO  o.e.m.j.internal.DownloadSourcesJob - Downloaded sources for io.netty:netty-resolver-dns-native-macos:4.1.123.Finalosx-x86_64
2025-08-07 14:41:55,813 [Worker-35: Download sources and javadoc] INFO  o.e.m.c.i.e.AbstractTransferListenerAdapter - Downloading https://repo.maven.apache.org/maven2/io/netty/netty-resolver-dns-classes-macos/4.1.123.Final/netty-resolver-dns-classes-macos-4.1.123.Final-sources.jar
2025-08-07 14:41:55,834 [Worker-35: Download sources and javadoc] INFO  o.e.m.c.i.e.AbstractTransferListenerAdapter - Downloaded https://repo.maven.apache.org/maven2/io/netty/netty-resolver-dns-classes-macos/4.1.123.Final/netty-resolver-dns-classes-macos-4.1.123.Final-sources.jar
2025-08-07 14:41:55,855 [Worker-35: Download sources and javadoc] INFO  o.e.m.j.internal.DownloadSourcesJob - Downloaded sources for io.netty:netty-resolver-dns-classes-macos:4.1.123.Final
2025-08-07 14:41:56,074 [Worker-35: Download sources and javadoc] INFO  o.e.m.c.i.e.AbstractTransferListenerAdapter - Downloading https://repo.maven.apache.org/maven2/io/netty/netty-transport-native-epoll/4.1.123.Final/netty-transport-native-epoll-4.1.123.Final-sources.jar
2025-08-07 14:41:56,108 [Worker-35: Download sources and javadoc] INFO  o.e.m.c.i.e.AbstractTransferListenerAdapter - Downloaded https://repo.maven.apache.org/maven2/io/netty/netty-transport-native-epoll/4.1.123.Final/netty-transport-native-epoll-4.1.123.Final-sources.jar
2025-08-07 14:41:56,134 [Worker-35: Download sources and javadoc] INFO  o.e.m.j.internal.DownloadSourcesJob - Downloaded sources for io.netty:netty-transport-native-epoll:4.1.123.Finallinux-x86_64
2025-08-07 14:41:56,235 [Worker-35: Download sources and javadoc] INFO  o.e.m.c.i.e.AbstractTransferListenerAdapter - Downloading https://repo.maven.apache.org/maven2/io/netty/netty-transport-native-unix-common/4.1.123.Final/netty-transport-native-unix-common-4.1.123.Final-sources.jar
2025-08-07 14:41:56,277 [Worker-35: Download sources and javadoc] INFO  o.e.m.c.i.e.AbstractTransferListenerAdapter - Downloaded https://repo.maven.apache.org/maven2/io/netty/netty-transport-native-unix-common/4.1.123.Final/netty-transport-native-unix-common-4.1.123.Final-sources.jar
2025-08-07 14:41:56,300 [Worker-35: Download sources and javadoc] INFO  o.e.m.j.internal.DownloadSourcesJob - Downloaded sources for io.netty:netty-transport-native-unix-common:4.1.123.Final
2025-08-07 14:41:56,412 [Worker-35: Download sources and javadoc] INFO  o.e.m.c.i.e.AbstractTransferListenerAdapter - Downloading https://repo.maven.apache.org/maven2/io/netty/netty-transport-classes-epoll/4.1.123.Final/netty-transport-classes-epoll-4.1.123.Final-sources.jar
2025-08-07 14:41:56,447 [Worker-35: Download sources and javadoc] INFO  o.e.m.c.i.e.AbstractTransferListenerAdapter - Downloaded https://repo.maven.apache.org/maven2/io/netty/netty-transport-classes-epoll/4.1.123.Final/netty-transport-classes-epoll-4.1.123.Final-sources.jar
2025-08-07 14:41:56,460 [Worker-35: Download sources and javadoc] INFO  o.e.m.j.internal.DownloadSourcesJob - Downloaded sources for io.netty:netty-transport-classes-epoll:4.1.123.Final
2025-08-07 14:41:56,578 [Worker-35: Download sources and javadoc] INFO  o.e.m.c.i.e.AbstractTransferListenerAdapter - Downloading https://repo.maven.apache.org/maven2/io/projectreactor/netty/reactor-netty-core/1.2.8/reactor-netty-core-1.2.8-sources.jar
2025-08-07 14:41:56,649 [Worker-35: Download sources and javadoc] INFO  o.e.m.c.i.e.AbstractTransferListenerAdapter - Downloaded https://repo.maven.apache.org/maven2/io/projectreactor/netty/reactor-netty-core/1.2.8/reactor-netty-core-1.2.8-sources.jar
2025-08-07 14:41:56,672 [Worker-35: Download sources and javadoc] INFO  o.e.m.j.internal.DownloadSourcesJob - Downloaded sources for io.projectreactor.netty:reactor-netty-core:1.2.8
2025-08-07 14:41:56,780 [Worker-35: Download sources and javadoc] INFO  o.e.m.c.i.e.AbstractTransferListenerAdapter - Downloading https://repo.maven.apache.org/maven2/io/netty/netty-handler-proxy/4.1.123.Final/netty-handler-proxy-4.1.123.Final-sources.jar
2025-08-07 14:41:56,796 [Worker-35: Download sources and javadoc] INFO  o.e.m.c.i.e.AbstractTransferListenerAdapter - Downloaded https://repo.maven.apache.org/maven2/io/netty/netty-handler-proxy/4.1.123.Final/netty-handler-proxy-4.1.123.Final-sources.jar
2025-08-07 14:41:56,810 [Worker-35: Download sources and javadoc] INFO  o.e.m.j.internal.DownloadSourcesJob - Downloaded sources for io.netty:netty-handler-proxy:4.1.123.Final
2025-08-07 14:41:56,917 [Worker-35: Download sources and javadoc] INFO  o.e.m.c.i.e.AbstractTransferListenerAdapter - Downloading https://repo.maven.apache.org/maven2/io/netty/netty-codec-socks/4.1.123.Final/netty-codec-socks-4.1.123.Final-sources.jar
2025-08-07 14:41:56,959 [Worker-35: Download sources and javadoc] INFO  o.e.m.c.i.e.AbstractTransferListenerAdapter - Downloaded https://repo.maven.apache.org/maven2/io/netty/netty-codec-socks/4.1.123.Final/netty-codec-socks-4.1.123.Final-sources.jar
2025-08-07 14:41:56,975 [Worker-35: Download sources and javadoc] INFO  o.e.m.j.internal.DownloadSourcesJob - Downloaded sources for io.netty:netty-codec-socks:4.1.123.Final
2025-08-07 14:41:57,132 [Worker-35: Download sources and javadoc] INFO  o.e.m.c.i.e.AbstractTransferListenerAdapter - Downloading https://repo.maven.apache.org/maven2/org/springframework/spring-webflux/6.2.9/spring-webflux-6.2.9-sources.jar
2025-08-07 14:41:57,231 [Worker-35: Download sources and javadoc] INFO  o.e.m.c.i.e.AbstractTransferListenerAdapter - Downloaded https://repo.maven.apache.org/maven2/org/springframework/spring-webflux/6.2.9/spring-webflux-6.2.9-sources.jar
2025-08-07 14:41:57,256 [Worker-35: Download sources and javadoc] INFO  o.e.m.j.internal.DownloadSourcesJob - Downloaded sources for org.springframework:spring-webflux:6.2.9
2025-08-07 14:41:57,366 [Worker-35: Download sources and javadoc] INFO  o.e.m.c.i.e.AbstractTransferListenerAdapter - Downloading https://repo.maven.apache.org/maven2/org/springframework/boot/spring-boot-properties-migrator/3.5.4/spring-boot-properties-migrator-3.5.4-sources.jar
2025-08-07 14:41:57,395 [Worker-35: Download sources and javadoc] INFO  o.e.m.c.i.e.AbstractTransferListenerAdapter - Downloaded https://repo.maven.apache.org/maven2/org/springframework/boot/spring-boot-properties-migrator/3.5.4/spring-boot-properties-migrator-3.5.4-sources.jar
2025-08-07 14:41:57,417 [Worker-35: Download sources and javadoc] INFO  o.e.m.j.internal.DownloadSourcesJob - Downloaded sources for org.springframework.boot:spring-boot-properties-migrator:3.5.4
2025-08-07 14:41:57,528 [Worker-35: Download sources and javadoc] INFO  o.e.m.c.i.e.AbstractTransferListenerAdapter - Downloading https://repo.maven.apache.org/maven2/org/springframework/boot/spring-boot-configuration-metadata/3.5.4/spring-boot-configuration-metadata-3.5.4-sources.jar
2025-08-07 14:41:57,551 [Worker-35: Download sources and javadoc] INFO  o.e.m.c.i.e.AbstractTransferListenerAdapter - Downloaded https://repo.maven.apache.org/maven2/org/springframework/boot/spring-boot-configuration-metadata/3.5.4/spring-boot-configuration-metadata-3.5.4-sources.jar
2025-08-07 14:41:57,576 [Worker-35: Download sources and javadoc] INFO  o.e.m.j.internal.DownloadSourcesJob - Downloaded sources for org.springframework.boot:spring-boot-configuration-metadata:3.5.4
2025-08-07 14:47:20,862 [Worker-37: Building] INFO  o.a.m.s.f.DefaultMavenResourcesFiltering - Copying 1 resource from src\main\resources to target\classes
2025-08-07 14:47:20,875 [Worker-37: Building] INFO  o.a.m.s.f.DefaultMavenResourcesFiltering - Copying 0 resource from src\main\resources to target\classes
2025-08-07 14:47:20,882 [Worker-37: Building] INFO  o.a.m.s.f.DefaultMavenResourcesFiltering - skip non existing resourceDirectory C:\Users\laksh\Music\Microservices\Practice\product-service\src\test\resources
2025-08-07 14:47:47,528 [Worker-35: Building] INFO  o.a.m.s.f.DefaultMavenResourcesFiltering - Copying 1 resource from src\main\resources to target\classes
2025-08-07 14:47:47,543 [Worker-35: Building] INFO  o.a.m.s.f.DefaultMavenResourcesFiltering - Copying 0 resource from src\main\resources to target\classes
2025-08-07 14:47:47,549 [Worker-35: Building] INFO  o.a.m.s.f.DefaultMavenResourcesFiltering - skip non existing resourceDirectory C:\Users\laksh\Music\Microservices\Practice\product-service\src\test\resources
2025-08-07 14:55:05,491 [Worker-45: Building] INFO  o.a.m.s.f.DefaultMavenResourcesFiltering - Copying 1 resource from src\main\resources to target\classes
2025-08-07 14:55:05,504 [Worker-45: Building] INFO  o.a.m.s.f.DefaultMavenResourcesFiltering - Copying 0 resource from src\main\resources to target\classes
2025-08-07 14:55:05,512 [Worker-45: Building] INFO  o.a.m.s.f.DefaultMavenResourcesFiltering - skip non existing resourceDirectory C:\Users\laksh\Music\Microservices\Practice\api-gateway\src\test\resources
2025-08-07 14:57:15,402 [Worker-37: Building] INFO  o.e.m.c.i.l.LifecycleMappingFactory - Using org.maven.ide.eclipse.wtp.WarLifecycleMapping lifecycle mapping for MavenProject: com.example:api-gateway:0.0.1-SNAPSHOT @ C:\Users\laksh\Music\Microservices\Practice\api-gateway\pom.xml.
2025-08-07 14:57:17,243 [Worker-37: Building] INFO  o.a.m.s.f.DefaultMavenResourcesFiltering - Copying 0 resource from src\main\resources to target\classes
2025-08-07 14:57:17,247 [Worker-37: Building] INFO  o.a.m.s.f.DefaultMavenResourcesFiltering - Copying 0 resource from src\main\resources to target\classes
2025-08-07 14:57:17,258 [Worker-37: Building] INFO  o.a.m.s.f.DefaultMavenResourcesFiltering - skip non existing resourceDirectory C:\Users\laksh\Music\Microservices\Practice\api-gateway\src\test\resources
2025-08-07 14:57:17,259 [Worker-37: Building] INFO  o.e.m.w.i.f.ResourceFilteringBuildParticipant - Changed resources require a complete clean of filtered resources of api-gateway
2025-08-07 14:57:17,260 [Worker-37: Building] INFO  o.e.m.w.i.f.ResourceFilteringBuildParticipant - Executing resource filtering for api-gateway
2025-08-07 14:57:18,836 [Worker-46: Building] INFO  o.a.m.s.f.DefaultMavenResourcesFiltering - Copying 1 resource from src\main\resources to target\classes
2025-08-07 14:57:18,886 [Worker-46: Building] INFO  o.a.m.s.f.DefaultMavenResourcesFiltering - Copying 0 resource from src\main\resources to target\classes
2025-08-07 14:57:18,899 [Worker-46: Building] INFO  o.a.m.s.f.DefaultMavenResourcesFiltering - skip non existing resourceDirectory C:\Users\laksh\Music\Microservices\Practice\api-gateway\src\test\resources
2025-08-07 14:58:40,817 [Worker-37: Building] INFO  o.e.m.c.i.l.LifecycleMappingFactory - Using org.maven.ide.eclipse.wtp.WarLifecycleMapping lifecycle mapping for MavenProject: com.example:api-gateway:0.0.1-SNAPSHOT @ C:\Users\laksh\Music\Microservices\Practice\api-gateway\pom.xml.
2025-08-07 14:58:43,678 [Worker-37: Building] INFO  o.a.m.s.f.DefaultMavenResourcesFiltering - Copying 0 resource from src\main\resources to target\classes
2025-08-07 14:58:43,682 [Worker-37: Building] INFO  o.a.m.s.f.DefaultMavenResourcesFiltering - Copying 0 resource from src\main\resources to target\classes
2025-08-07 14:58:43,693 [Worker-37: Building] INFO  o.a.m.s.f.DefaultMavenResourcesFiltering - skip non existing resourceDirectory C:\Users\laksh\Music\Microservices\Practice\api-gateway\src\test\resources
2025-08-07 14:58:43,694 [Worker-37: Building] INFO  o.e.m.w.i.f.ResourceFilteringBuildParticipant - Changed resources require a complete clean of filtered resources of api-gateway
2025-08-07 14:58:43,694 [Worker-37: Building] INFO  o.e.m.w.i.f.ResourceFilteringBuildParticipant - Executing resource filtering for api-gateway
2025-08-07 14:58:45,118 [Worker-46: Building] INFO  o.a.m.s.f.DefaultMavenResourcesFiltering - Copying 1 resource from src\main\resources to target\classes
2025-08-07 14:58:45,149 [Worker-46: Building] INFO  o.a.m.s.f.DefaultMavenResourcesFiltering - Copying 0 resource from src\main\resources to target\classes
2025-08-07 14:58:45,158 [Worker-46: Building] INFO  o.a.m.s.f.DefaultMavenResourcesFiltering - skip non existing resourceDirectory C:\Users\laksh\Music\Microservices\Practice\api-gateway\src\test\resources
2025-08-07 15:02:23,519 [Worker-45: Building] INFO  o.e.m.c.i.l.LifecycleMappingFactory - Using org.maven.ide.eclipse.wtp.WarLifecycleMapping lifecycle mapping for MavenProject: com.example:api-gateway:0.0.1-SNAPSHOT @ C:\Users\laksh\Music\Microservices\Practice\api-gateway\pom.xml.
2025-08-07 15:02:26,597 [Worker-45: Building] INFO  o.a.m.s.f.DefaultMavenResourcesFiltering - Copying 0 resource from src\main\resources to target\classes
2025-08-07 15:02:26,598 [Worker-45: Building] INFO  o.a.m.s.f.DefaultMavenResourcesFiltering - Copying 0 resource from src\main\resources to target\classes
2025-08-07 15:02:26,608 [Worker-45: Building] INFO  o.a.m.s.f.DefaultMavenResourcesFiltering - skip non existing resourceDirectory C:\Users\laksh\Music\Microservices\Practice\api-gateway\src\test\resources
2025-08-07 15:02:26,609 [Worker-45: Building] INFO  o.e.m.w.i.f.ResourceFilteringBuildParticipant - Changed resources require a complete clean of filtered resources of api-gateway
2025-08-07 15:02:26,609 [Worker-45: Building] INFO  o.e.m.w.i.f.ResourceFilteringBuildParticipant - Executing resource filtering for api-gateway
2025-08-07 15:02:27,233 [Worker-47: Building] INFO  o.a.m.s.f.DefaultMavenResourcesFiltering - Copying 1 resource from src\main\resources to target\classes
2025-08-07 15:02:27,265 [Worker-47: Building] INFO  o.a.m.s.f.DefaultMavenResourcesFiltering - Copying 0 resource from src\main\resources to target\classes
2025-08-07 15:02:27,273 [Worker-47: Building] INFO  o.a.m.s.f.DefaultMavenResourcesFiltering - skip non existing resourceDirectory C:\Users\laksh\Music\Microservices\Practice\api-gateway\src\test\resources
2025-08-07 15:03:43,018 [Worker-44: Building] INFO  o.e.m.c.i.l.LifecycleMappingFactory - Using org.maven.ide.eclipse.wtp.WarLifecycleMapping lifecycle mapping for MavenProject: com.example:api-gateway:0.0.1-SNAPSHOT @ C:\Users\laksh\Music\Microservices\Practice\api-gateway\pom.xml.
2025-08-07 15:03:46,817 [Worker-44: Building] INFO  o.a.m.s.f.DefaultMavenResourcesFiltering - Copying 0 resource from src\main\resources to target\classes
2025-08-07 15:03:46,823 [Worker-44: Building] INFO  o.a.m.s.f.DefaultMavenResourcesFiltering - Copying 0 resource from src\main\resources to target\classes
2025-08-07 15:03:46,836 [Worker-44: Building] INFO  o.a.m.s.f.DefaultMavenResourcesFiltering - skip non existing resourceDirectory C:\Users\laksh\Music\Microservices\Practice\api-gateway\src\test\resources
2025-08-07 15:03:46,915 [Worker-44: Building] INFO  o.e.m.w.i.f.ResourceFilteringBuildParticipant - Changed resources require a complete clean of filtered resources of api-gateway
2025-08-07 15:03:46,915 [Worker-44: Building] INFO  o.e.m.w.i.f.ResourceFilteringBuildParticipant - Executing resource filtering for api-gateway
2025-08-07 15:03:47,480 [Worker-44: Building] INFO  o.a.m.s.f.DefaultMavenResourcesFiltering - Copying 1 resource from src\main\resources to target\classes
2025-08-07 15:03:47,513 [Worker-44: Building] INFO  o.a.m.s.f.DefaultMavenResourcesFiltering - Copying 0 resource from src\main\resources to target\classes
2025-08-07 15:03:47,520 [Worker-44: Building] INFO  o.a.m.s.f.DefaultMavenResourcesFiltering - skip non existing resourceDirectory C:\Users\laksh\Music\Microservices\Practice\api-gateway\src\test\resources
2025-08-07 15:06:44,845 [Worker-44: Building] INFO  o.e.m.c.i.l.LifecycleMappingFactory - Using org.maven.ide.eclipse.wtp.WarLifecycleMapping lifecycle mapping for MavenProject: com.example:api-gateway:0.0.1-SNAPSHOT @ C:\Users\laksh\Music\Microservices\Practice\api-gateway\pom.xml.
2025-08-07 15:06:46,829 [Worker-44: Building] INFO  o.a.m.s.f.DefaultMavenResourcesFiltering - Copying 0 resource from src\main\resources to target\classes
2025-08-07 15:06:46,832 [Worker-44: Building] INFO  o.a.m.s.f.DefaultMavenResourcesFiltering - Copying 0 resource from src\main\resources to target\classes
2025-08-07 15:06:46,839 [Worker-44: Building] INFO  o.a.m.s.f.DefaultMavenResourcesFiltering - skip non existing resourceDirectory C:\Users\laksh\Music\Microservices\Practice\api-gateway\src\test\resources
2025-08-07 15:06:46,841 [Worker-44: Building] INFO  o.e.m.w.i.f.ResourceFilteringBuildParticipant - Changed resources require a complete clean of filtered resources of api-gateway
2025-08-07 15:06:46,841 [Worker-44: Building] INFO  o.e.m.w.i.f.ResourceFilteringBuildParticipant - Executing resource filtering for api-gateway
2025-08-07 15:06:48,214 [Worker-49: Building] INFO  o.a.m.s.f.DefaultMavenResourcesFiltering - Copying 1 resource from src\main\resources to target\classes
2025-08-07 15:06:48,263 [Worker-49: Building] INFO  o.a.m.s.f.DefaultMavenResourcesFiltering - Copying 0 resource from src\main\resources to target\classes
2025-08-07 15:06:48,274 [Worker-49: Building] INFO  o.a.m.s.f.DefaultMavenResourcesFiltering - skip non existing resourceDirectory C:\Users\laksh\Music\Microservices\Practice\api-gateway\src\test\resources
2025-08-07 15:08:11,626 [Worker-44: Building] INFO  o.a.m.s.f.DefaultMavenResourcesFiltering - Copying 1 resource from src\main\resources to target\classes
2025-08-07 15:08:11,638 [Worker-44: Building] INFO  o.a.m.s.f.DefaultMavenResourcesFiltering - Copying 0 resource from src\main\resources to target\classes
2025-08-07 15:08:11,645 [Worker-44: Building] INFO  o.a.m.s.f.DefaultMavenResourcesFiltering - skip non existing resourceDirectory C:\Users\laksh\Music\Microservices\Practice\api-gateway\src\test\resources
2025-08-07 15:09:40,441 [Worker-49: Building] INFO  o.e.m.c.i.l.LifecycleMappingFactory - Using org.maven.ide.eclipse.wtp.WarLifecycleMapping lifecycle mapping for MavenProject: com.example:api-gateway:0.0.1-SNAPSHOT @ C:\Users\laksh\Music\Microservices\Practice\api-gateway\pom.xml.
2025-08-07 15:09:41,941 [Worker-49: Building] INFO  o.a.m.s.f.DefaultMavenResourcesFiltering - Copying 0 resource from src\main\resources to target\classes
2025-08-07 15:09:41,943 [Worker-49: Building] INFO  o.a.m.s.f.DefaultMavenResourcesFiltering - Copying 0 resource from src\main\resources to target\classes
2025-08-07 15:09:41,949 [Worker-49: Building] INFO  o.a.m.s.f.DefaultMavenResourcesFiltering - skip non existing resourceDirectory C:\Users\laksh\Music\Microservices\Practice\api-gateway\src\test\resources
2025-08-07 15:09:41,950 [Worker-49: Building] INFO  o.e.m.w.i.f.ResourceFilteringBuildParticipant - Changed resources require a complete clean of filtered resources of api-gateway
2025-08-07 15:09:41,950 [Worker-49: Building] INFO  o.e.m.w.i.f.ResourceFilteringBuildParticipant - Executing resource filtering for api-gateway
2025-08-07 15:09:42,985 [Worker-48: Building] INFO  o.a.m.s.f.DefaultMavenResourcesFiltering - Copying 1 resource from src\main\resources to target\classes
2025-08-07 15:09:43,054 [Worker-48: Building] INFO  o.a.m.s.f.DefaultMavenResourcesFiltering - Copying 0 resource from src\main\resources to target\classes
2025-08-07 15:09:43,067 [Worker-48: Building] INFO  o.a.m.s.f.DefaultMavenResourcesFiltering - skip non existing resourceDirectory C:\Users\laksh\Music\Microservices\Practice\api-gateway\src\test\resources
2025-08-07 15:13:49,509 [Worker-49: Building] INFO  o.e.m.c.i.e.AbstractTransferListenerAdapter - Downloading https://repo.maven.apache.org/maven2/org/apache/maven/plugins/maven-jar-plugin/3.4.2/maven-jar-plugin-3.4.2.jar
2025-08-07 15:13:49,551 [Worker-49: Building] INFO  o.e.m.c.i.e.AbstractTransferListenerAdapter - Downloaded https://repo.maven.apache.org/maven2/org/apache/maven/plugins/maven-jar-plugin/3.4.2/maven-jar-plugin-3.4.2.jar
2025-08-07 15:13:49,589 [Worker-49: Building] INFO  o.e.m.c.i.l.LifecycleMappingFactory - Using org.eclipse.m2e.jdt.JarLifecycleMapping lifecycle mapping for MavenProject: com.example:api-gateway:0.0.1-SNAPSHOT @ C:\Users\laksh\Music\Microservices\Practice\api-gateway\pom.xml.
2025-08-07 15:13:50,785 [Worker-49: Building] INFO  o.e.m.c.i.e.AbstractTransferListenerAdapter - Downloading https://repo.maven.apache.org/maven2/org/apache/maven/plugins/maven-jar-plugin/3.4.2/maven-jar-plugin-3.4.2.pom
2025-08-07 15:13:50,802 [Worker-49: Building] INFO  o.e.m.c.i.e.AbstractTransferListenerAdapter - Downloaded https://repo.maven.apache.org/maven2/org/apache/maven/plugins/maven-jar-plugin/3.4.2/maven-jar-plugin-3.4.2.pom
2025-08-07 15:13:54,494 [Worker-49: Building] INFO  o.a.m.s.f.DefaultMavenResourcesFiltering - Copying 0 resource from src\main\resources to target\classes
2025-08-07 15:13:54,502 [Worker-49: Building] INFO  o.a.m.s.f.DefaultMavenResourcesFiltering - Copying 0 resource from src\main\resources to target\classes
2025-08-07 15:13:54,517 [Worker-49: Building] INFO  o.a.m.s.f.DefaultMavenResourcesFiltering - skip non existing resourceDirectory C:\Users\laksh\Music\Microservices\Practice\api-gateway\src\test\resources
2025-08-07 15:13:55,044 [Worker-52: Updating Maven Project] INFO  o.e.m.c.i.p.ProjectConfigurationManager - Update started
2025-08-07 15:13:56,309 [Worker-52: Updating Maven Project] INFO  o.e.m.c.i.l.LifecycleMappingFactory - Using org.eclipse.m2e.jdt.JarLifecycleMapping lifecycle mapping for MavenProject: com.example:api-gateway:0.0.1-SNAPSHOT @ C:\Users\laksh\Music\Microservices\Practice\api-gateway\pom.xml.
2025-08-07 15:13:58,838 [Worker-52: Updating Maven Project] INFO  o.e.m.j.i.AbstractJavaProjectConfigurator - Adding source folder /api-gateway/src/main/java
2025-08-07 15:13:58,845 [Worker-52: Updating Maven Project] INFO  o.e.m.j.i.AbstractJavaProjectConfigurator - Adding resource folder /api-gateway/src/main/resources
2025-08-07 15:13:58,846 [Worker-52: Updating Maven Project] INFO  o.e.m.j.i.AbstractJavaProjectConfigurator - Adding resource folder /api-gateway/src/main/resources
2025-08-07 15:13:58,847 [Worker-52: Updating Maven Project] INFO  o.e.m.j.i.AbstractJavaProjectConfigurator - Adding source folder /api-gateway/src/test/java
2025-08-07 15:13:58,849 [Worker-52: Updating Maven Project] INFO  o.e.m.j.i.AbstractJavaProjectConfigurator - Adding resource folder /api-gateway/src/test/resources
2025-08-07 15:14:02,126 [Worker-52: Updating Maven Project] INFO  o.e.m.c.i.p.ProjectConfigurationManager - Update completed for 1 poms: local refresh takes 0.00 sec, refresh facades takes 3.00 sec, update config takes 3.00 sec 
2025-08-07 15:14:02,717 [Worker-49: Building] INFO  o.a.m.s.f.DefaultMavenResourcesFiltering - Copying 1 resource from src\main\resources to target\classes
2025-08-07 15:14:02,765 [Worker-49: Building] INFO  o.a.m.s.f.DefaultMavenResourcesFiltering - Copying 0 resource from src\main\resources to target\classes
2025-08-07 15:14:02,777 [Worker-49: Building] INFO  o.a.m.s.f.DefaultMavenResourcesFiltering - skip non existing resourceDirectory C:\Users\laksh\Music\Microservices\Practice\api-gateway\src\test\resources
2025-08-07 15:15:14,678 [Worker-51: Building] INFO  o.a.m.s.f.DefaultMavenResourcesFiltering - Copying 1 resource from src\main\resources to target\classes
2025-08-07 15:15:14,683 [Worker-51: Building] INFO  o.a.m.s.f.DefaultMavenResourcesFiltering - Copying 0 resource from src\main\resources to target\classes
2025-08-07 15:15:14,688 [Worker-51: Building] INFO  o.a.m.s.f.DefaultMavenResourcesFiltering - skip non existing resourceDirectory C:\Users\laksh\Music\Microservices\Practice\api-gateway\src\test\resources
2025-08-07 15:16:05,195 [Worker-53: Building] INFO  o.e.m.c.i.l.LifecycleMappingFactory - Using org.maven.ide.eclipse.wtp.WarLifecycleMapping lifecycle mapping for MavenProject: com.example:api-gateway:0.0.1-SNAPSHOT @ C:\Users\laksh\Music\Microservices\Practice\api-gateway\pom.xml.
2025-08-07 15:16:08,056 [Worker-53: Building] INFO  o.a.m.s.f.DefaultMavenResourcesFiltering - Copying 0 resource from src\main\resources to target\classes
2025-08-07 15:16:08,060 [Worker-53: Building] INFO  o.a.m.s.f.DefaultMavenResourcesFiltering - Copying 0 resource from src\main\resources to target\classes
2025-08-07 15:16:08,070 [Worker-53: Building] INFO  o.a.m.s.f.DefaultMavenResourcesFiltering - skip non existing resourceDirectory C:\Users\laksh\Music\Microservices\Practice\api-gateway\src\test\resources
2025-08-07 15:16:08,071 [Worker-53: Building] INFO  o.e.m.w.i.f.ResourceFilteringBuildParticipant - Changed resources require a complete clean of filtered resources of api-gateway
2025-08-07 15:16:08,071 [Worker-53: Building] INFO  o.e.m.w.i.f.ResourceFilteringBuildParticipant - Executing resource filtering for api-gateway
2025-08-07 15:16:08,417 [Worker-53: Updating Maven Project] INFO  o.e.m.c.i.p.ProjectConfigurationManager - Update started
2025-08-07 15:16:09,411 [Worker-53: Updating Maven Project] INFO  o.e.m.c.i.l.LifecycleMappingFactory - Using org.maven.ide.eclipse.wtp.WarLifecycleMapping lifecycle mapping for MavenProject: com.example:api-gateway:0.0.1-SNAPSHOT @ C:\Users\laksh\Music\Microservices\Practice\api-gateway\pom.xml.
2025-08-07 15:16:13,600 [Worker-53: Updating Maven Project] INFO  o.e.m.j.i.AbstractJavaProjectConfigurator - Adding source folder /api-gateway/src/main/java
2025-08-07 15:16:13,603 [Worker-53: Updating Maven Project] INFO  o.e.m.j.i.AbstractJavaProjectConfigurator - Adding resource folder /api-gateway/src/main/resources
2025-08-07 15:16:13,607 [Worker-53: Updating Maven Project] INFO  o.e.m.j.i.AbstractJavaProjectConfigurator - Adding resource folder /api-gateway/src/main/resources
2025-08-07 15:16:13,608 [Worker-53: Updating Maven Project] INFO  o.e.m.j.i.AbstractJavaProjectConfigurator - Adding source folder /api-gateway/src/test/java
2025-08-07 15:16:13,611 [Worker-53: Updating Maven Project] INFO  o.e.m.j.i.AbstractJavaProjectConfigurator - Adding resource folder /api-gateway/src/test/resources
2025-08-07 15:16:16,350 [Worker-53: Updating Maven Project] INFO  o.e.m.w.i.f.ResourceFilteringBuildParticipant - Cleaning filtered folder for api-gateway
2025-08-07 15:16:16,568 [Worker-53: Updating Maven Project] INFO  o.e.m.c.i.p.ProjectConfigurationManager - Update completed for 1 poms: local refresh takes 0.00 sec, refresh facades takes 4.00 sec, update config takes 2.00 sec 
2025-08-07 15:16:16,637 [Worker-55: Updating Maven Project] INFO  o.e.m.c.i.p.ProjectConfigurationManager - Update started
2025-08-07 15:16:17,635 [Worker-55: Updating Maven Project] INFO  o.e.m.c.i.l.LifecycleMappingFactory - Using org.maven.ide.eclipse.wtp.WarLifecycleMapping lifecycle mapping for MavenProject: com.example:api-gateway:0.0.1-SNAPSHOT @ C:\Users\laksh\Music\Microservices\Practice\api-gateway\pom.xml.
2025-08-07 15:16:19,748 [Worker-55: Updating Maven Project] INFO  o.e.m.j.i.AbstractJavaProjectConfigurator - Adding source folder /api-gateway/src/main/java
2025-08-07 15:16:19,749 [Worker-55: Updating Maven Project] INFO  o.e.m.j.i.AbstractJavaProjectConfigurator - Adding resource folder /api-gateway/src/main/resources
2025-08-07 15:16:19,751 [Worker-55: Updating Maven Project] INFO  o.e.m.j.i.AbstractJavaProjectConfigurator - Adding resource folder /api-gateway/src/main/resources
2025-08-07 15:16:19,752 [Worker-55: Updating Maven Project] INFO  o.e.m.j.i.AbstractJavaProjectConfigurator - Adding source folder /api-gateway/src/test/java
2025-08-07 15:16:19,754 [Worker-55: Updating Maven Project] INFO  o.e.m.j.i.AbstractJavaProjectConfigurator - Adding resource folder /api-gateway/src/test/resources
2025-08-07 15:16:22,807 [Worker-55: Updating Maven Project] INFO  o.e.m.w.i.f.ResourceFilteringBuildParticipant - Cleaning filtered folder for api-gateway
2025-08-07 15:16:22,873 [Worker-55: Updating Maven Project] INFO  o.e.m.c.i.p.ProjectConfigurationManager - Update completed for 1 poms: local refresh takes 0.00 sec, refresh facades takes 2.00 sec, update config takes 3.00 sec 
2025-08-07 15:16:23,298 [Worker-53: Building] INFO  o.a.m.s.f.DefaultMavenResourcesFiltering - Copying 1 resource from src\main\resources to target\classes
2025-08-07 15:16:23,326 [Worker-53: Building] INFO  o.a.m.s.f.DefaultMavenResourcesFiltering - Copying 0 resource from src\main\resources to target\classes
2025-08-07 15:16:23,337 [Worker-53: Building] INFO  o.a.m.s.f.DefaultMavenResourcesFiltering - skip non existing resourceDirectory C:\Users\laksh\Music\Microservices\Practice\api-gateway\src\test\resources
2025-08-07 15:16:23,338 [Worker-53: Building] INFO  o.e.m.w.i.f.ResourceFilteringBuildParticipant - Changed resources require a complete clean of filtered resources of api-gateway
2025-08-07 15:16:23,338 [Worker-53: Building] INFO  o.e.m.w.i.f.ResourceFilteringBuildParticipant - Executing resource filtering for api-gateway
2025-08-07 15:17:11,269 [Worker-55: Building] INFO  o.a.m.s.f.DefaultMavenResourcesFiltering - Copying 1 resource from src\main\resources to target\classes
2025-08-07 15:17:11,277 [Worker-55: Building] INFO  o.a.m.s.f.DefaultMavenResourcesFiltering - Copying 0 resource from src\main\resources to target\classes
2025-08-07 15:17:11,285 [Worker-55: Building] INFO  o.a.m.s.f.DefaultMavenResourcesFiltering - skip non existing resourceDirectory C:\Users\laksh\Music\Microservices\Practice\api-gateway\src\test\resources
2025-08-07 15:18:12,582 [Worker-49: Building] INFO  o.e.m.c.i.l.LifecycleMappingFactory - Using org.maven.ide.eclipse.wtp.WarLifecycleMapping lifecycle mapping for MavenProject: com.example:api-gateway:0.0.1-SNAPSHOT @ C:\Users\laksh\Music\Microservices\Practice\api-gateway\pom.xml.
2025-08-07 15:18:14,295 [Worker-49: Building] INFO  o.a.m.s.f.DefaultMavenResourcesFiltering - Copying 0 resource from src\main\resources to target\classes
2025-08-07 15:18:14,298 [Worker-49: Building] INFO  o.a.m.s.f.DefaultMavenResourcesFiltering - Copying 0 resource from src\main\resources to target\classes
2025-08-07 15:18:14,304 [Worker-49: Building] INFO  o.a.m.s.f.DefaultMavenResourcesFiltering - skip non existing resourceDirectory C:\Users\laksh\Music\Microservices\Practice\api-gateway\src\test\resources
2025-08-07 15:18:14,305 [Worker-49: Building] INFO  o.e.m.w.i.f.ResourceFilteringBuildParticipant - Changed resources require a complete clean of filtered resources of api-gateway
2025-08-07 15:18:14,305 [Worker-49: Building] INFO  o.e.m.w.i.f.ResourceFilteringBuildParticipant - Executing resource filtering for api-gateway
2025-08-07 15:18:14,864 [Worker-54: Building] INFO  o.a.m.s.f.DefaultMavenResourcesFiltering - Copying 1 resource from src\main\resources to target\classes
2025-08-07 15:18:14,889 [Worker-54: Building] INFO  o.a.m.s.f.DefaultMavenResourcesFiltering - Copying 0 resource from src\main\resources to target\classes
2025-08-07 15:18:14,895 [Worker-54: Building] INFO  o.a.m.s.f.DefaultMavenResourcesFiltering - skip non existing resourceDirectory C:\Users\laksh\Music\Microservices\Practice\api-gateway\src\test\resources
2025-08-07 15:18:32,620 [Worker-49: Updating Maven Project] INFO  o.e.m.c.i.p.ProjectConfigurationManager - Update started
2025-08-07 15:18:33,027 [Worker-49: Updating Maven Project] INFO  o.e.m.c.i.l.LifecycleMappingFactory - Using org.maven.ide.eclipse.wtp.WarLifecycleMapping lifecycle mapping for MavenProject: com.example:api-gateway:0.0.1-SNAPSHOT @ C:\Users\laksh\Music\Microservices\Practice\api-gateway\pom.xml.
2025-08-07 15:18:34,712 [Worker-49: Updating Maven Project] INFO  o.e.m.j.i.AbstractJavaProjectConfigurator - Adding source folder /api-gateway/src/main/java
2025-08-07 15:18:34,713 [Worker-49: Updating Maven Project] INFO  o.e.m.j.i.AbstractJavaProjectConfigurator - Adding resource folder /api-gateway/src/main/resources
2025-08-07 15:18:34,714 [Worker-49: Updating Maven Project] INFO  o.e.m.j.i.AbstractJavaProjectConfigurator - Adding resource folder /api-gateway/src/main/resources
2025-08-07 15:18:34,714 [Worker-49: Updating Maven Project] INFO  o.e.m.j.i.AbstractJavaProjectConfigurator - Adding source folder /api-gateway/src/test/java
2025-08-07 15:18:34,715 [Worker-49: Updating Maven Project] INFO  o.e.m.j.i.AbstractJavaProjectConfigurator - Adding resource folder /api-gateway/src/test/resources
2025-08-07 15:18:36,183 [Worker-49: Updating Maven Project] INFO  o.e.m.w.i.f.ResourceFilteringBuildParticipant - Cleaning filtered folder for api-gateway
2025-08-07 15:18:36,287 [Worker-49: Updating Maven Project] INFO  o.e.m.c.i.p.ProjectConfigurationManager - Update completed for 1 poms: local refresh takes 0.00 sec, refresh facades takes 1.00 sec, update config takes 1.00 sec 
2025-08-07 15:18:36,768 [Worker-51: Building] INFO  o.a.m.s.f.DefaultMavenResourcesFiltering - Copying 1 resource from src\main\resources to target\classes
2025-08-07 15:18:36,796 [Worker-51: Building] INFO  o.a.m.s.f.DefaultMavenResourcesFiltering - Copying 0 resource from src\main\resources to target\classes
2025-08-07 15:18:36,807 [Worker-51: Building] INFO  o.a.m.s.f.DefaultMavenResourcesFiltering - skip non existing resourceDirectory C:\Users\laksh\Music\Microservices\Practice\api-gateway\src\test\resources
2025-08-07 15:18:36,808 [Worker-51: Building] INFO  o.e.m.w.i.f.ResourceFilteringBuildParticipant - Changed resources require a complete clean of filtered resources of api-gateway
2025-08-07 15:18:36,808 [Worker-51: Building] INFO  o.e.m.w.i.f.ResourceFilteringBuildParticipant - Executing resource filtering for api-gateway
2025-08-07 15:21:49,946 [Worker-42: Building] INFO  o.e.m.c.i.l.LifecycleMappingFactory - Using org.maven.ide.eclipse.wtp.WarLifecycleMapping lifecycle mapping for MavenProject: com.example:api-gateway:0.0.1-SNAPSHOT @ C:\Users\laksh\Music\Microservices\Practice\api-gateway\pom.xml.
2025-08-07 15:21:51,743 [Worker-42: Building] INFO  o.a.m.s.f.DefaultMavenResourcesFiltering - Copying 0 resource from src\main\resources to target\classes
2025-08-07 15:21:51,745 [Worker-42: Building] INFO  o.a.m.s.f.DefaultMavenResourcesFiltering - Copying 0 resource from src\main\resources to target\classes
2025-08-07 15:21:51,750 [Worker-42: Building] INFO  o.a.m.s.f.DefaultMavenResourcesFiltering - skip non existing resourceDirectory C:\Users\laksh\Music\Microservices\Practice\api-gateway\src\test\resources
2025-08-07 15:21:51,751 [Worker-42: Building] INFO  o.e.m.w.i.f.ResourceFilteringBuildParticipant - Changed resources require a complete clean of filtered resources of api-gateway
2025-08-07 15:21:51,751 [Worker-42: Building] INFO  o.e.m.w.i.f.ResourceFilteringBuildParticipant - Executing resource filtering for api-gateway
2025-08-07 15:21:52,310 [Worker-42: Building] INFO  o.a.m.s.f.DefaultMavenResourcesFiltering - Copying 1 resource from src\main\resources to target\classes
2025-08-07 15:21:52,339 [Worker-42: Building] INFO  o.a.m.s.f.DefaultMavenResourcesFiltering - Copying 0 resource from src\main\resources to target\classes
2025-08-07 15:21:52,344 [Worker-42: Building] INFO  o.a.m.s.f.DefaultMavenResourcesFiltering - skip non existing resourceDirectory C:\Users\laksh\Music\Microservices\Practice\api-gateway\src\test\resources
2025-08-07 15:22:25,374 [Worker-54: Updating Maven Project] INFO  o.e.m.c.i.p.ProjectConfigurationManager - Update started
2025-08-07 15:22:25,696 [Worker-54: Updating Maven Project] INFO  o.e.m.c.i.l.LifecycleMappingFactory - Using org.maven.ide.eclipse.wtp.WarLifecycleMapping lifecycle mapping for MavenProject: com.example:api-gateway:0.0.1-SNAPSHOT @ C:\Users\laksh\Music\Microservices\Practice\api-gateway\pom.xml.
2025-08-07 15:22:27,024 [Worker-54: Updating Maven Project] INFO  o.e.m.j.i.AbstractJavaProjectConfigurator - Adding source folder /api-gateway/src/main/java
2025-08-07 15:22:27,025 [Worker-54: Updating Maven Project] INFO  o.e.m.j.i.AbstractJavaProjectConfigurator - Adding resource folder /api-gateway/src/main/resources
2025-08-07 15:22:27,025 [Worker-54: Updating Maven Project] INFO  o.e.m.j.i.AbstractJavaProjectConfigurator - Adding resource folder /api-gateway/src/main/resources
2025-08-07 15:22:27,026 [Worker-54: Updating Maven Project] INFO  o.e.m.j.i.AbstractJavaProjectConfigurator - Adding source folder /api-gateway/src/test/java
2025-08-07 15:22:27,028 [Worker-54: Updating Maven Project] INFO  o.e.m.j.i.AbstractJavaProjectConfigurator - Adding resource folder /api-gateway/src/test/resources
2025-08-07 15:22:29,326 [Worker-54: Updating Maven Project] INFO  o.e.m.w.i.f.ResourceFilteringBuildParticipant - Cleaning filtered folder for api-gateway
2025-08-07 15:22:29,647 [Worker-54: Updating Maven Project] INFO  o.e.m.c.i.p.ProjectConfigurationManager - Update completed for 1 poms: local refresh takes 0.00 sec, refresh facades takes 1.00 sec, update config takes 2.00 sec 
2025-08-07 15:22:30,225 [Worker-54: Building] INFO  o.a.m.s.f.DefaultMavenResourcesFiltering - Copying 1 resource from src\main\resources to target\classes
2025-08-07 15:22:30,263 [Worker-54: Building] INFO  o.a.m.s.f.DefaultMavenResourcesFiltering - Copying 0 resource from src\main\resources to target\classes
2025-08-07 15:22:30,271 [Worker-54: Building] INFO  o.a.m.s.f.DefaultMavenResourcesFiltering - skip non existing resourceDirectory C:\Users\laksh\Music\Microservices\Practice\api-gateway\src\test\resources
2025-08-07 15:22:30,272 [Worker-54: Building] INFO  o.e.m.w.i.f.ResourceFilteringBuildParticipant - Changed resources require a complete clean of filtered resources of api-gateway
2025-08-07 15:22:30,272 [Worker-54: Building] INFO  o.e.m.w.i.f.ResourceFilteringBuildParticipant - Executing resource filtering for api-gateway
2025-08-07 15:25:06,651 [Worker-42: Building] INFO  o.e.m.c.i.l.LifecycleMappingFactory - Using org.eclipse.m2e.jdt.JarLifecycleMapping lifecycle mapping for MavenProject: com.example:api-gateway:0.0.1-SNAPSHOT @ C:\Users\laksh\Music\Microservices\Practice\api-gateway\pom.xml.
2025-08-07 15:25:09,506 [Worker-42: Building] INFO  o.a.m.s.f.DefaultMavenResourcesFiltering - Copying 0 resource from src\main\resources to target\classes
2025-08-07 15:25:09,507 [Worker-42: Building] INFO  o.a.m.s.f.DefaultMavenResourcesFiltering - Copying 0 resource from src\main\resources to target\classes
2025-08-07 15:25:09,515 [Worker-42: Building] INFO  o.a.m.s.f.DefaultMavenResourcesFiltering - skip non existing resourceDirectory C:\Users\laksh\Music\Microservices\Practice\api-gateway\src\test\resources
2025-08-07 15:25:09,687 [Worker-42: Updating Maven Project] INFO  o.e.m.c.i.p.ProjectConfigurationManager - Update started
2025-08-07 15:25:10,526 [Worker-42: Updating Maven Project] INFO  o.e.m.c.i.l.LifecycleMappingFactory - Using org.eclipse.m2e.jdt.JarLifecycleMapping lifecycle mapping for MavenProject: com.example:api-gateway:0.0.1-SNAPSHOT @ C:\Users\laksh\Music\Microservices\Practice\api-gateway\pom.xml.
2025-08-07 15:25:12,841 [Worker-42: Updating Maven Project] INFO  o.e.m.j.i.AbstractJavaProjectConfigurator - Adding source folder /api-gateway/src/main/java
2025-08-07 15:25:12,843 [Worker-42: Updating Maven Project] INFO  o.e.m.j.i.AbstractJavaProjectConfigurator - Adding resource folder /api-gateway/src/main/resources
2025-08-07 15:25:12,844 [Worker-42: Updating Maven Project] INFO  o.e.m.j.i.AbstractJavaProjectConfigurator - Adding resource folder /api-gateway/src/main/resources
2025-08-07 15:25:12,845 [Worker-42: Updating Maven Project] INFO  o.e.m.j.i.AbstractJavaProjectConfigurator - Adding source folder /api-gateway/src/test/java
2025-08-07 15:25:12,847 [Worker-42: Updating Maven Project] INFO  o.e.m.j.i.AbstractJavaProjectConfigurator - Adding resource folder /api-gateway/src/test/resources
2025-08-07 15:25:14,805 [Worker-42: Updating Maven Project] INFO  o.e.m.c.i.p.ProjectConfigurationManager - Update completed for 1 poms: local refresh takes 0.00 sec, refresh facades takes 3.00 sec, update config takes 1.00 sec 
2025-08-07 15:25:15,210 [Worker-51: Building] INFO  o.a.m.s.f.DefaultMavenResourcesFiltering - Copying 1 resource from src\main\resources to target\classes
2025-08-07 15:25:15,240 [Worker-51: Building] INFO  o.a.m.s.f.DefaultMavenResourcesFiltering - Copying 0 resource from src\main\resources to target\classes
2025-08-07 15:25:15,247 [Worker-51: Building] INFO  o.a.m.s.f.DefaultMavenResourcesFiltering - skip non existing resourceDirectory C:\Users\laksh\Music\Microservices\Practice\api-gateway\src\test\resources
2025-08-07 15:25:51,302 [Worker-53: Updating Maven Project] INFO  o.e.m.c.i.p.ProjectConfigurationManager - Update started
2025-08-07 15:25:51,749 [Worker-53: Updating Maven Project] INFO  o.e.m.c.i.l.LifecycleMappingFactory - Using org.eclipse.m2e.jdt.JarLifecycleMapping lifecycle mapping for MavenProject: com.example:api-gateway:0.0.1-SNAPSHOT @ C:\Users\laksh\Music\Microservices\Practice\api-gateway\pom.xml.
2025-08-07 15:25:53,253 [Worker-53: Updating Maven Project] INFO  o.e.m.j.i.AbstractJavaProjectConfigurator - Adding source folder /api-gateway/src/main/java
2025-08-07 15:25:53,255 [Worker-53: Updating Maven Project] INFO  o.e.m.j.i.AbstractJavaProjectConfigurator - Adding resource folder /api-gateway/src/main/resources
2025-08-07 15:25:53,255 [Worker-53: Updating Maven Project] INFO  o.e.m.j.i.AbstractJavaProjectConfigurator - Adding resource folder /api-gateway/src/main/resources
2025-08-07 15:25:53,255 [Worker-53: Updating Maven Project] INFO  o.e.m.j.i.AbstractJavaProjectConfigurator - Adding source folder /api-gateway/src/test/java
2025-08-07 15:25:53,256 [Worker-53: Updating Maven Project] INFO  o.e.m.j.i.AbstractJavaProjectConfigurator - Adding resource folder /api-gateway/src/test/resources
2025-08-07 15:25:54,084 [Worker-53: Updating Maven Project] INFO  o.e.m.c.i.p.ProjectConfigurationManager - Update completed for 1 poms: local refresh takes 0.00 sec, refresh facades takes 1.00 sec, update config takes 0.00 sec 
2025-08-07 15:25:54,508 [Worker-47: Building] INFO  o.a.m.s.f.DefaultMavenResourcesFiltering - Copying 1 resource from src\main\resources to target\classes
2025-08-07 15:25:54,538 [Worker-47: Building] INFO  o.a.m.s.f.DefaultMavenResourcesFiltering - Copying 0 resource from src\main\resources to target\classes
2025-08-07 15:25:54,547 [Worker-47: Building] INFO  o.a.m.s.f.DefaultMavenResourcesFiltering - skip non existing resourceDirectory C:\Users\laksh\Music\Microservices\Practice\api-gateway\src\test\resources
2025-08-07 15:28:48,917 [Worker-42: Building] INFO  o.a.m.s.f.DefaultMavenResourcesFiltering - Copying 1 resource from src\main\resources to target\classes
2025-08-07 15:28:48,932 [Worker-42: Building] INFO  o.a.m.s.f.DefaultMavenResourcesFiltering - Copying 0 resource from src\main\resources to target\classes
2025-08-07 15:28:48,936 [Worker-42: Building] INFO  o.a.m.s.f.DefaultMavenResourcesFiltering - skip non existing resourceDirectory C:\Users\laksh\Music\Microservices\Practice\api-gateway\src\test\resources
2025-08-07 15:29:01,883 [Worker-51: Updating Maven Project] INFO  o.e.m.c.i.p.ProjectConfigurationManager - Update started
2025-08-07 15:29:02,358 [Worker-51: Updating Maven Project] INFO  o.e.m.c.i.l.LifecycleMappingFactory - Using org.eclipse.m2e.jdt.JarLifecycleMapping lifecycle mapping for MavenProject: com.example:api-gateway:0.0.1-SNAPSHOT @ C:\Users\laksh\Music\Microservices\Practice\api-gateway\pom.xml.
2025-08-07 15:29:04,423 [Worker-51: Updating Maven Project] INFO  o.e.m.j.i.AbstractJavaProjectConfigurator - Adding source folder /api-gateway/src/main/java
2025-08-07 15:29:04,424 [Worker-51: Updating Maven Project] INFO  o.e.m.j.i.AbstractJavaProjectConfigurator - Adding resource folder /api-gateway/src/main/resources
2025-08-07 15:29:04,425 [Worker-51: Updating Maven Project] INFO  o.e.m.j.i.AbstractJavaProjectConfigurator - Adding resource folder /api-gateway/src/main/resources
2025-08-07 15:29:04,427 [Worker-51: Updating Maven Project] INFO  o.e.m.j.i.AbstractJavaProjectConfigurator - Adding source folder /api-gateway/src/test/java
2025-08-07 15:29:04,429 [Worker-51: Updating Maven Project] INFO  o.e.m.j.i.AbstractJavaProjectConfigurator - Adding resource folder /api-gateway/src/test/resources
2025-08-07 15:29:05,348 [Worker-51: Updating Maven Project] INFO  o.e.m.c.i.p.ProjectConfigurationManager - Update completed for 1 poms: local refresh takes 0.00 sec, refresh facades takes 2.00 sec, update config takes 0.00 sec 
2025-08-07 15:29:06,011 [Worker-53: Building] INFO  o.a.m.s.f.DefaultMavenResourcesFiltering - Copying 1 resource from src\main\resources to target\classes
2025-08-07 15:29:06,055 [Worker-53: Building] INFO  o.a.m.s.f.DefaultMavenResourcesFiltering - Copying 0 resource from src\main\resources to target\classes
2025-08-07 15:29:06,066 [Worker-53: Building] INFO  o.a.m.s.f.DefaultMavenResourcesFiltering - skip non existing resourceDirectory C:\Users\laksh\Music\Microservices\Practice\api-gateway\src\test\resources
2025-08-07 15:29:13,110 [Worker-53: Cleaning all projects] INFO  o.e.m.w.i.f.ResourceFilteringBuildParticipant - Cleaning filtered folder for eureka-server
2025-08-07 15:29:13,214 [Worker-53: Cleaning all projects] INFO  o.e.m.w.i.f.ResourceFilteringBuildParticipant - Cleaning filtered folder for movie-service
2025-08-07 15:29:13,490 [Worker-53: Cleaning all projects] INFO  o.e.m.w.i.f.ResourceFilteringBuildParticipant - Cleaning filtered folder for product-service
2025-08-07 15:29:14,018 [Worker-49: Building] INFO  o.a.m.s.f.DefaultMavenResourcesFiltering - Copying 1 resource from src\main\resources to target\classes
2025-08-07 15:29:14,021 [Worker-49: Building] INFO  o.a.m.s.f.DefaultMavenResourcesFiltering - Copying 0 resource from src\main\resources to target\classes
2025-08-07 15:29:14,029 [Worker-49: Building] INFO  o.a.m.s.f.DefaultMavenResourcesFiltering - skip non existing resourceDirectory C:\Users\laksh\Music\Microservices\Practice\api-gateway\src\test\resources
2025-08-07 15:29:14,582 [Worker-49: Building] INFO  o.a.m.s.f.DefaultMavenResourcesFiltering - Copying 1 resource from src\main\resources to target\classes
2025-08-07 15:29:14,624 [Worker-49: Building] INFO  o.a.m.s.f.DefaultMavenResourcesFiltering - Copying 0 resource from src\main\resources to target\classes
2025-08-07 15:29:14,631 [Worker-49: Building] INFO  o.a.m.s.f.DefaultMavenResourcesFiltering - skip non existing resourceDirectory C:\Users\laksh\Music\Microservices\Practice\eureka-server\src\test\resources
2025-08-07 15:29:14,631 [Worker-49: Building] INFO  o.e.m.w.i.f.ResourceFilteringBuildParticipant - Changed resources require a complete clean of filtered resources of eureka-server
2025-08-07 15:29:14,631 [Worker-49: Building] INFO  o.e.m.w.i.f.ResourceFilteringBuildParticipant - Executing resource filtering for eureka-server
2025-08-07 15:29:15,055 [Worker-49: Building] INFO  o.a.m.s.f.DefaultMavenResourcesFiltering - Copying 1 resource from src\main\resources to target\classes
2025-08-07 15:29:15,080 [Worker-49: Building] INFO  o.a.m.s.f.DefaultMavenResourcesFiltering - Copying 0 resource from src\main\resources to target\classes
2025-08-07 15:29:15,087 [Worker-49: Building] INFO  o.a.m.s.f.DefaultMavenResourcesFiltering - skip non existing resourceDirectory C:\Users\laksh\Music\Microservices\Practice\movie-service\src\test\resources
2025-08-07 15:29:15,088 [Worker-49: Building] INFO  o.e.m.w.i.f.ResourceFilteringBuildParticipant - Changed resources require a complete clean of filtered resources of movie-service
2025-08-07 15:29:15,088 [Worker-49: Building] INFO  o.e.m.w.i.f.ResourceFilteringBuildParticipant - Executing resource filtering for movie-service
2025-08-07 15:29:15,790 [Worker-42: Building] INFO  o.a.m.s.f.DefaultMavenResourcesFiltering - Copying 1 resource from src\main\resources to target\classes
2025-08-07 15:29:15,810 [Worker-42: Building] INFO  o.a.m.s.f.DefaultMavenResourcesFiltering - Copying 0 resource from src\main\resources to target\classes
2025-08-07 15:29:15,817 [Worker-42: Building] INFO  o.a.m.s.f.DefaultMavenResourcesFiltering - skip non existing resourceDirectory C:\Users\laksh\Music\Microservices\Practice\product-service\src\test\resources
2025-08-07 15:29:15,818 [Worker-42: Building] INFO  o.e.m.w.i.f.ResourceFilteringBuildParticipant - Changed resources require a complete clean of filtered resources of product-service
2025-08-07 15:29:15,818 [Worker-42: Building] INFO  o.e.m.w.i.f.ResourceFilteringBuildParticipant - Executing resource filtering for product-service
2025-08-07 15:37:22,436 [Worker-44: Updating Maven Dependencies] ERROR o.e.m.j.i.l.MavenLaunchConfigurationListener - Launch configuration ApiGatewayApplication references non-existing project api-gateway.
org.eclipse.core.runtime.CoreException: Launch configuration ApiGatewayApplication references non-existing project api-gateway.
	at org.eclipse.jdt.launching.JavaRuntime.abort(JavaRuntime.java:1867)
	at org.eclipse.jdt.launching.JavaRuntime.getJavaProject(JavaRuntime.java:1744)
	at org.eclipse.m2e.jdt.internal.launch.MavenLaunchConfigurationListener.updateLaunchConfiguration(MavenLaunchConfigurationListener.java:64)
	at org.eclipse.m2e.jdt.internal.launch.MavenLaunchConfigurationListener.launchConfigurationChanged(MavenLaunchConfigurationListener.java:50)
	at org.eclipse.debug.internal.core.LaunchManager$ConfigurationNotifier.run(LaunchManager.java:220)
	at org.eclipse.core.runtime.SafeRunner.run(SafeRunner.java:47)
	at org.eclipse.debug.internal.core.LaunchManager$ConfigurationNotifier.notify(LaunchManager.java:204)
	at org.eclipse.debug.internal.core.LaunchConfigurationWorkingCopy.setDirty(LaunchConfigurationWorkingCopy.java:527)
	at org.eclipse.debug.internal.core.LaunchConfigurationWorkingCopy.setAttribute(LaunchConfigurationWorkingCopy.java:415)
	at org.eclipse.m2e.jdt.internal.launch.MavenRuntimeClasspathProvider.disable(MavenRuntimeClasspathProvider.java:409)
	at org.eclipse.m2e.jdt.internal.launch.MavenRuntimeClasspathProvider.disable(MavenRuntimeClasspathProvider.java:435)
	at org.eclipse.m2e.jdt.internal.launch.MavenLaunchConfigurationListener.mavenProjectChanged(MavenLaunchConfigurationListener.java:135)
	at org.eclipse.m2e.core.internal.project.registry.ProjectRegistryManager.notifyProjectChangeListeners(ProjectRegistryManager.java:892)
	at org.eclipse.m2e.core.internal.project.registry.ProjectRegistryManager.applyMutableProjectRegistry(ProjectRegistryManager.java:1042)
	at org.eclipse.m2e.core.internal.project.registry.ProjectRegistryRefreshJob.lambda$0(ProjectRegistryRefreshJob.java:162)
	at org.eclipse.m2e.core.internal.embedder.MavenExecutionContext.executeBare(MavenExecutionContext.java:458)
	at org.eclipse.m2e.core.internal.embedder.MavenExecutionContext.execute(MavenExecutionContext.java:339)
	at org.eclipse.m2e.core.internal.embedder.MavenExecutionContext.execute(MavenExecutionContext.java:278)
	at org.eclipse.m2e.core.internal.project.registry.ProjectRegistryRefreshJob.run(ProjectRegistryRefreshJob.java:106)
	at org.eclipse.core.internal.jobs.Worker.run(Worker.java:63)
2025-08-07 15:37:22,483 [Worker-44: Updating Maven Dependencies] ERROR o.e.m.j.i.l.MavenLaunchConfigurationListener - Launch configuration ApiGatewayApplication references non-existing project api-gateway.
org.eclipse.core.runtime.CoreException: Launch configuration ApiGatewayApplication references non-existing project api-gateway.
	at org.eclipse.jdt.launching.JavaRuntime.abort(JavaRuntime.java:1867)
	at org.eclipse.jdt.launching.JavaRuntime.getJavaProject(JavaRuntime.java:1744)
	at org.eclipse.m2e.jdt.internal.launch.MavenLaunchConfigurationListener.updateLaunchConfiguration(MavenLaunchConfigurationListener.java:64)
	at org.eclipse.m2e.jdt.internal.launch.MavenLaunchConfigurationListener.launchConfigurationChanged(MavenLaunchConfigurationListener.java:50)
	at org.eclipse.debug.internal.core.LaunchManager$ConfigurationNotifier.run(LaunchManager.java:220)
	at org.eclipse.core.runtime.SafeRunner.run(SafeRunner.java:47)
	at org.eclipse.debug.internal.core.LaunchManager$ConfigurationNotifier.notify(LaunchManager.java:204)
	at org.eclipse.debug.internal.core.LaunchConfigurationWorkingCopy.setDirty(LaunchConfigurationWorkingCopy.java:527)
	at org.eclipse.debug.internal.core.LaunchConfigurationWorkingCopy.setAttribute(LaunchConfigurationWorkingCopy.java:415)
	at org.eclipse.m2e.jdt.internal.launch.MavenRuntimeClasspathProvider.disable(MavenRuntimeClasspathProvider.java:410)
	at org.eclipse.m2e.jdt.internal.launch.MavenRuntimeClasspathProvider.disable(MavenRuntimeClasspathProvider.java:435)
	at org.eclipse.m2e.jdt.internal.launch.MavenLaunchConfigurationListener.mavenProjectChanged(MavenLaunchConfigurationListener.java:135)
	at org.eclipse.m2e.core.internal.project.registry.ProjectRegistryManager.notifyProjectChangeListeners(ProjectRegistryManager.java:892)
	at org.eclipse.m2e.core.internal.project.registry.ProjectRegistryManager.applyMutableProjectRegistry(ProjectRegistryManager.java:1042)
	at org.eclipse.m2e.core.internal.project.registry.ProjectRegistryRefreshJob.lambda$0(ProjectRegistryRefreshJob.java:162)
	at org.eclipse.m2e.core.internal.embedder.MavenExecutionContext.executeBare(MavenExecutionContext.java:458)
	at org.eclipse.m2e.core.internal.embedder.MavenExecutionContext.execute(MavenExecutionContext.java:339)
	at org.eclipse.m2e.core.internal.embedder.MavenExecutionContext.execute(MavenExecutionContext.java:278)
	at org.eclipse.m2e.core.internal.project.registry.ProjectRegistryRefreshJob.run(ProjectRegistryRefreshJob.java:106)
	at org.eclipse.core.internal.jobs.Worker.run(Worker.java:63)
2025-08-07 15:37:22,495 [Worker-44: Updating Maven Dependencies] ERROR o.e.m.j.i.l.MavenLaunchConfigurationListener - Launch configuration ApiGatewayApplication references non-existing project api-gateway.
org.eclipse.core.runtime.CoreException: Launch configuration ApiGatewayApplication references non-existing project api-gateway.
	at org.eclipse.jdt.launching.JavaRuntime.abort(JavaRuntime.java:1867)
	at org.eclipse.jdt.launching.JavaRuntime.getJavaProject(JavaRuntime.java:1744)
	at org.eclipse.m2e.jdt.internal.launch.MavenLaunchConfigurationListener.updateLaunchConfiguration(MavenLaunchConfigurationListener.java:64)
	at org.eclipse.m2e.jdt.internal.launch.MavenLaunchConfigurationListener.launchConfigurationChanged(MavenLaunchConfigurationListener.java:50)
	at org.eclipse.debug.internal.core.LaunchManager$ConfigurationNotifier.run(LaunchManager.java:220)
	at org.eclipse.core.runtime.SafeRunner.run(SafeRunner.java:47)
	at org.eclipse.debug.internal.core.LaunchManager$ConfigurationNotifier.notify(LaunchManager.java:204)
	at org.eclipse.debug.internal.core.LaunchManager.launchConfigurationChanged(LaunchManager.java:2010)
	at org.eclipse.debug.internal.core.LaunchConfigurationWorkingCopy.writeNewFile(LaunchConfigurationWorkingCopy.java:380)
	at org.eclipse.debug.internal.core.LaunchConfigurationWorkingCopy.doSave0(LaunchConfigurationWorkingCopy.java:259)
	at org.eclipse.debug.internal.core.LaunchConfigurationWorkingCopy.doSave(LaunchConfigurationWorkingCopy.java:229)
	at org.eclipse.debug.internal.core.LaunchConfigurationWorkingCopy.doSave(LaunchConfigurationWorkingCopy.java:187)
	at org.eclipse.m2e.jdt.internal.launch.MavenRuntimeClasspathProvider.disable(MavenRuntimeClasspathProvider.java:411)
	at org.eclipse.m2e.jdt.internal.launch.MavenRuntimeClasspathProvider.disable(MavenRuntimeClasspathProvider.java:435)
	at org.eclipse.m2e.jdt.internal.launch.MavenLaunchConfigurationListener.mavenProjectChanged(MavenLaunchConfigurationListener.java:135)
	at org.eclipse.m2e.core.internal.project.registry.ProjectRegistryManager.notifyProjectChangeListeners(ProjectRegistryManager.java:892)
	at org.eclipse.m2e.core.internal.project.registry.ProjectRegistryManager.applyMutableProjectRegistry(ProjectRegistryManager.java:1042)
	at org.eclipse.m2e.core.internal.project.registry.ProjectRegistryRefreshJob.lambda$0(ProjectRegistryRefreshJob.java:162)
	at org.eclipse.m2e.core.internal.embedder.MavenExecutionContext.executeBare(MavenExecutionContext.java:458)
	at org.eclipse.m2e.core.internal.embedder.MavenExecutionContext.execute(MavenExecutionContext.java:339)
	at org.eclipse.m2e.core.internal.embedder.MavenExecutionContext.execute(MavenExecutionContext.java:278)
	at org.eclipse.m2e.core.internal.project.registry.ProjectRegistryRefreshJob.run(ProjectRegistryRefreshJob.java:106)
	at org.eclipse.core.internal.jobs.Worker.run(Worker.java:63)
2025-08-07 15:39:37,656 [Worker-61: Update Maven projects configuration] INFO  o.e.m.c.i.p.ProjectConfigurationManager - Update started
2025-08-07 15:39:38,469 [Worker-61: Update Maven projects configuration] INFO  o.e.m.c.i.l.LifecycleMappingFactory - Using org.maven.ide.eclipse.wtp.WarLifecycleMapping lifecycle mapping for MavenProject: com.example:api-gateway:0.0.1-SNAPSHOT @ C:\Users\laksh\Music\Microservices\Practice\api-gateway\pom.xml.
2025-08-07 15:39:40,889 [Worker-61: Update Maven projects configuration] ERROR o.e.m.j.i.l.MavenLaunchConfigurationListener - Launch configuration ApiGatewayApplication references non-existing project api-gateway.
org.eclipse.core.runtime.CoreException: Launch configuration ApiGatewayApplication references non-existing project api-gateway.
	at org.eclipse.jdt.launching.JavaRuntime.abort(JavaRuntime.java:1867)
	at org.eclipse.jdt.launching.JavaRuntime.getJavaProject(JavaRuntime.java:1744)
	at org.eclipse.m2e.jdt.internal.launch.MavenLaunchConfigurationListener.updateLaunchConfiguration(MavenLaunchConfigurationListener.java:64)
	at org.eclipse.m2e.jdt.internal.launch.MavenLaunchConfigurationListener.launchConfigurationChanged(MavenLaunchConfigurationListener.java:50)
	at org.eclipse.debug.internal.core.LaunchManager$ConfigurationNotifier.run(LaunchManager.java:220)
	at org.eclipse.core.runtime.SafeRunner.run(SafeRunner.java:47)
	at org.eclipse.debug.internal.core.LaunchManager$ConfigurationNotifier.notify(LaunchManager.java:204)
	at org.eclipse.debug.internal.core.LaunchConfigurationWorkingCopy.setDirty(LaunchConfigurationWorkingCopy.java:527)
	at org.eclipse.debug.internal.core.LaunchConfigurationWorkingCopy.setAttribute(LaunchConfigurationWorkingCopy.java:415)
	at org.eclipse.m2e.jdt.internal.launch.MavenRuntimeClasspathProvider.enable(MavenRuntimeClasspathProvider.java:403)
	at org.eclipse.m2e.jdt.internal.launch.MavenRuntimeClasspathProvider.enable(MavenRuntimeClasspathProvider.java:397)
	at org.eclipse.m2e.jdt.internal.launch.MavenRuntimeClasspathProvider.enable(MavenRuntimeClasspathProvider.java:427)
	at org.eclipse.m2e.jdt.internal.launch.MavenLaunchConfigurationListener.mavenProjectChanged(MavenLaunchConfigurationListener.java:132)
	at org.eclipse.m2e.core.internal.project.registry.ProjectRegistryManager.notifyProjectChangeListeners(ProjectRegistryManager.java:892)
	at org.eclipse.m2e.core.internal.project.registry.ProjectRegistryManager.applyMutableProjectRegistry(ProjectRegistryManager.java:1042)
	at org.eclipse.m2e.core.internal.project.registry.ProjectRegistryManager.refresh(ProjectRegistryManager.java:324)
	at org.eclipse.m2e.core.internal.project.ProjectConfigurationManager.updateProjectConfiguration0(ProjectConfigurationManager.java:388)
	at org.eclipse.m2e.core.internal.project.ProjectConfigurationManager.lambda$3(ProjectConfigurationManager.java:340)
	at org.eclipse.m2e.core.internal.embedder.MavenExecutionContext.executeBare(MavenExecutionContext.java:458)
	at org.eclipse.m2e.core.internal.embedder.MavenExecutionContext.execute(MavenExecutionContext.java:339)
	at org.eclipse.m2e.core.internal.embedder.MavenExecutionContext.execute(MavenExecutionContext.java:278)
	at org.eclipse.m2e.core.internal.embedder.MavenImpl.execute(MavenImpl.java:1053)
	at org.eclipse.m2e.core.internal.project.ProjectConfigurationManager.updateProjectConfiguration(ProjectConfigurationManager.java:339)
	at org.eclipse.m2e.core.ui.internal.project.MavenProjectConfigurator$UpdateMavenConfigurationJob.run(MavenProjectConfigurator.java:177)
	at org.eclipse.core.internal.jobs.Worker.run(Worker.java:63)
2025-08-07 15:39:40,891 [Worker-61: Update Maven projects configuration] ERROR o.e.m.j.i.l.MavenLaunchConfigurationListener - Launch configuration ApiGatewayApplication references non-existing project api-gateway.
org.eclipse.core.runtime.CoreException: Launch configuration ApiGatewayApplication references non-existing project api-gateway.
	at org.eclipse.jdt.launching.JavaRuntime.abort(JavaRuntime.java:1867)
	at org.eclipse.jdt.launching.JavaRuntime.getJavaProject(JavaRuntime.java:1744)
	at org.eclipse.m2e.jdt.internal.launch.MavenLaunchConfigurationListener.updateLaunchConfiguration(MavenLaunchConfigurationListener.java:64)
	at org.eclipse.m2e.jdt.internal.launch.MavenLaunchConfigurationListener.launchConfigurationChanged(MavenLaunchConfigurationListener.java:50)
	at org.eclipse.debug.internal.core.LaunchManager$ConfigurationNotifier.run(LaunchManager.java:220)
	at org.eclipse.core.runtime.SafeRunner.run(SafeRunner.java:47)
	at org.eclipse.debug.internal.core.LaunchManager$ConfigurationNotifier.notify(LaunchManager.java:204)
	at org.eclipse.debug.internal.core.LaunchConfigurationWorkingCopy.setDirty(LaunchConfigurationWorkingCopy.java:527)
	at org.eclipse.debug.internal.core.LaunchConfigurationWorkingCopy.setAttribute(LaunchConfigurationWorkingCopy.java:415)
	at org.eclipse.m2e.jdt.internal.launch.MavenRuntimeClasspathProvider.enable(MavenRuntimeClasspathProvider.java:404)
	at org.eclipse.m2e.jdt.internal.launch.MavenRuntimeClasspathProvider.enable(MavenRuntimeClasspathProvider.java:397)
	at org.eclipse.m2e.jdt.internal.launch.MavenRuntimeClasspathProvider.enable(MavenRuntimeClasspathProvider.java:427)
	at org.eclipse.m2e.jdt.internal.launch.MavenLaunchConfigurationListener.mavenProjectChanged(MavenLaunchConfigurationListener.java:132)
	at org.eclipse.m2e.core.internal.project.registry.ProjectRegistryManager.notifyProjectChangeListeners(ProjectRegistryManager.java:892)
	at org.eclipse.m2e.core.internal.project.registry.ProjectRegistryManager.applyMutableProjectRegistry(ProjectRegistryManager.java:1042)
	at org.eclipse.m2e.core.internal.project.registry.ProjectRegistryManager.refresh(ProjectRegistryManager.java:324)
	at org.eclipse.m2e.core.internal.project.ProjectConfigurationManager.updateProjectConfiguration0(ProjectConfigurationManager.java:388)
	at org.eclipse.m2e.core.internal.project.ProjectConfigurationManager.lambda$3(ProjectConfigurationManager.java:340)
	at org.eclipse.m2e.core.internal.embedder.MavenExecutionContext.executeBare(MavenExecutionContext.java:458)
	at org.eclipse.m2e.core.internal.embedder.MavenExecutionContext.execute(MavenExecutionContext.java:339)
	at org.eclipse.m2e.core.internal.embedder.MavenExecutionContext.execute(MavenExecutionContext.java:278)
	at org.eclipse.m2e.core.internal.embedder.MavenImpl.execute(MavenImpl.java:1053)
	at org.eclipse.m2e.core.internal.project.ProjectConfigurationManager.updateProjectConfiguration(ProjectConfigurationManager.java:339)
	at org.eclipse.m2e.core.ui.internal.project.MavenProjectConfigurator$UpdateMavenConfigurationJob.run(MavenProjectConfigurator.java:177)
	at org.eclipse.core.internal.jobs.Worker.run(Worker.java:63)
2025-08-07 15:39:40,897 [Worker-61: Update Maven projects configuration] ERROR o.e.m.j.i.l.MavenLaunchConfigurationListener - Launch configuration ApiGatewayApplication references non-existing project api-gateway.
org.eclipse.core.runtime.CoreException: Launch configuration ApiGatewayApplication references non-existing project api-gateway.
	at org.eclipse.jdt.launching.JavaRuntime.abort(JavaRuntime.java:1867)
	at org.eclipse.jdt.launching.JavaRuntime.getJavaProject(JavaRuntime.java:1744)
	at org.eclipse.m2e.jdt.internal.launch.MavenLaunchConfigurationListener.updateLaunchConfiguration(MavenLaunchConfigurationListener.java:64)
	at org.eclipse.m2e.jdt.internal.launch.MavenLaunchConfigurationListener.launchConfigurationChanged(MavenLaunchConfigurationListener.java:50)
	at org.eclipse.debug.internal.core.LaunchManager$ConfigurationNotifier.run(LaunchManager.java:220)
	at org.eclipse.core.runtime.SafeRunner.run(SafeRunner.java:47)
	at org.eclipse.debug.internal.core.LaunchManager$ConfigurationNotifier.notify(LaunchManager.java:204)
	at org.eclipse.debug.internal.core.LaunchManager.launchConfigurationChanged(LaunchManager.java:2010)
	at org.eclipse.debug.internal.core.LaunchConfigurationWorkingCopy.writeNewFile(LaunchConfigurationWorkingCopy.java:380)
	at org.eclipse.debug.internal.core.LaunchConfigurationWorkingCopy.doSave0(LaunchConfigurationWorkingCopy.java:259)
	at org.eclipse.debug.internal.core.LaunchConfigurationWorkingCopy.doSave(LaunchConfigurationWorkingCopy.java:229)
	at org.eclipse.debug.internal.core.LaunchConfigurationWorkingCopy.doSave(LaunchConfigurationWorkingCopy.java:187)
	at org.eclipse.m2e.jdt.internal.launch.MavenRuntimeClasspathProvider.enable(MavenRuntimeClasspathProvider.java:398)
	at org.eclipse.m2e.jdt.internal.launch.MavenRuntimeClasspathProvider.enable(MavenRuntimeClasspathProvider.java:427)
	at org.eclipse.m2e.jdt.internal.launch.MavenLaunchConfigurationListener.mavenProjectChanged(MavenLaunchConfigurationListener.java:132)
	at org.eclipse.m2e.core.internal.project.registry.ProjectRegistryManager.notifyProjectChangeListeners(ProjectRegistryManager.java:892)
	at org.eclipse.m2e.core.internal.project.registry.ProjectRegistryManager.applyMutableProjectRegistry(ProjectRegistryManager.java:1042)
	at org.eclipse.m2e.core.internal.project.registry.ProjectRegistryManager.refresh(ProjectRegistryManager.java:324)
	at org.eclipse.m2e.core.internal.project.ProjectConfigurationManager.updateProjectConfiguration0(ProjectConfigurationManager.java:388)
	at org.eclipse.m2e.core.internal.project.ProjectConfigurationManager.lambda$3(ProjectConfigurationManager.java:340)
	at org.eclipse.m2e.core.internal.embedder.MavenExecutionContext.executeBare(MavenExecutionContext.java:458)
	at org.eclipse.m2e.core.internal.embedder.MavenExecutionContext.execute(MavenExecutionContext.java:339)
	at org.eclipse.m2e.core.internal.embedder.MavenExecutionContext.execute(MavenExecutionContext.java:278)
	at org.eclipse.m2e.core.internal.embedder.MavenImpl.execute(MavenImpl.java:1053)
	at org.eclipse.m2e.core.internal.project.ProjectConfigurationManager.updateProjectConfiguration(ProjectConfigurationManager.java:339)
	at org.eclipse.m2e.core.ui.internal.project.MavenProjectConfigurator$UpdateMavenConfigurationJob.run(MavenProjectConfigurator.java:177)
	at org.eclipse.core.internal.jobs.Worker.run(Worker.java:63)
2025-08-07 15:39:41,015 [Worker-61: Update Maven projects configuration] INFO  o.e.m.j.i.AbstractJavaProjectConfigurator - Adding source folder /api-gateway/src/main/java
2025-08-07 15:39:41,018 [Worker-61: Update Maven projects configuration] INFO  o.e.m.j.i.AbstractJavaProjectConfigurator - Adding resource folder /api-gateway/src/main/resources
2025-08-07 15:39:41,027 [Worker-61: Update Maven projects configuration] INFO  o.e.m.j.i.AbstractJavaProjectConfigurator - Adding resource folder /api-gateway/src/main/resources
2025-08-07 15:39:41,044 [Worker-61: Update Maven projects configuration] INFO  o.e.m.j.i.AbstractJavaProjectConfigurator - Adding source folder /api-gateway/src/test/java
2025-08-07 15:39:41,047 [Worker-61: Update Maven projects configuration] INFO  o.e.m.j.i.AbstractJavaProjectConfigurator - Adding resource folder /api-gateway/src/test/resources
2025-08-07 15:39:41,844 [Worker-63: Building] INFO  o.a.m.s.f.DefaultMavenResourcesFiltering - Copying 1 resource from src\main\resources to target\classes
2025-08-07 15:39:41,879 [Worker-63: Building] INFO  o.a.m.s.f.DefaultMavenResourcesFiltering - Copying 0 resource from src\main\resources to target\classes
2025-08-07 15:39:41,889 [Worker-63: Building] INFO  o.a.m.s.f.DefaultMavenResourcesFiltering - skip non existing resourceDirectory C:\Users\laksh\Music\Microservices\Practice\api-gateway\src\test\resources
2025-08-07 15:39:43,667 [Worker-61: Update Maven projects configuration] INFO  o.e.m.c.i.p.ProjectConfigurationManager - Update completed for 1 poms: local refresh takes 0.00 sec, refresh facades takes 3.00 sec, update config takes 2.00 sec 
2025-08-07 15:39:43,962 [Worker-63: Building] INFO  o.a.m.s.f.DefaultMavenResourcesFiltering - Copying 1 resource from src\main\resources to target\classes
2025-08-07 15:39:43,966 [Worker-63: Building] INFO  o.a.m.s.f.DefaultMavenResourcesFiltering - Copying 0 resource from src\main\resources to target\classes
2025-08-07 15:39:43,973 [Worker-63: Building] INFO  o.a.m.s.f.DefaultMavenResourcesFiltering - skip non existing resourceDirectory C:\Users\laksh\Music\Microservices\Practice\api-gateway\src\test\resources
2025-08-07 15:39:44,469 [Worker-60: Building] INFO  o.a.m.s.f.DefaultMavenResourcesFiltering - Copying 0 resource from src\main\resources to target\classes
2025-08-07 15:39:44,473 [Worker-60: Building] INFO  o.a.m.s.f.DefaultMavenResourcesFiltering - Copying 0 resource from src\main\resources to target\classes
2025-08-07 15:39:44,478 [Worker-60: Building] INFO  o.a.m.s.f.DefaultMavenResourcesFiltering - skip non existing resourceDirectory C:\Users\laksh\Music\Microservices\Practice\api-gateway\src\test\resources
2025-08-07 15:40:24,788 [Worker-65: Building] INFO  o.a.m.s.f.DefaultMavenResourcesFiltering - Copying 1 resource from src\main\resources to target\classes
2025-08-07 15:40:24,799 [Worker-65: Building] INFO  o.a.m.s.f.DefaultMavenResourcesFiltering - Copying 0 resource from src\main\resources to target\classes
2025-08-07 15:40:24,804 [Worker-65: Building] INFO  o.a.m.s.f.DefaultMavenResourcesFiltering - skip non existing resourceDirectory C:\Users\laksh\Music\Microservices\Practice\api-gateway\src\test\resources
2025-08-07 15:43:38,300 [Worker-63: Building] INFO  o.a.m.s.f.DefaultMavenResourcesFiltering - Copying 1 resource from src\main\resources to target\classes
2025-08-07 15:43:38,317 [Worker-63: Building] INFO  o.a.m.s.f.DefaultMavenResourcesFiltering - Copying 0 resource from src\main\resources to target\classes
2025-08-07 15:43:38,323 [Worker-63: Building] INFO  o.a.m.s.f.DefaultMavenResourcesFiltering - skip non existing resourceDirectory C:\Users\laksh\Music\Microservices\Practice\api-gateway\src\test\resources
2025-08-07 15:44:44,119 [Worker-55: Building] INFO  o.e.m.c.i.l.LifecycleMappingFactory - Using org.maven.ide.eclipse.wtp.WarLifecycleMapping lifecycle mapping for MavenProject: com.example:api-gateway:0.0.1-SNAPSHOT @ C:\Users\laksh\Music\Microservices\Practice\api-gateway\pom.xml.
2025-08-07 15:44:46,641 [Worker-55: Building] INFO  o.a.m.s.f.DefaultMavenResourcesFiltering - Copying 0 resource from src\main\resources to target\classes
2025-08-07 15:44:46,643 [Worker-55: Building] INFO  o.a.m.s.f.DefaultMavenResourcesFiltering - Copying 0 resource from src\main\resources to target\classes
2025-08-07 15:44:46,648 [Worker-55: Building] INFO  o.a.m.s.f.DefaultMavenResourcesFiltering - skip non existing resourceDirectory C:\Users\laksh\Music\Microservices\Practice\api-gateway\src\test\resources
2025-08-07 15:44:46,649 [Worker-55: Building] INFO  o.e.m.w.i.f.ResourceFilteringBuildParticipant - Changed resources require a complete clean of filtered resources of api-gateway
2025-08-07 15:44:46,649 [Worker-55: Building] INFO  o.e.m.w.i.f.ResourceFilteringBuildParticipant - Executing resource filtering for api-gateway
2025-08-07 15:44:47,808 [Worker-63: Building] INFO  o.a.m.s.f.DefaultMavenResourcesFiltering - Copying 1 resource from src\main\resources to target\classes
2025-08-07 15:44:47,874 [Worker-63: Building] INFO  o.a.m.s.f.DefaultMavenResourcesFiltering - Copying 0 resource from src\main\resources to target\classes
2025-08-07 15:44:47,882 [Worker-63: Building] INFO  o.a.m.s.f.DefaultMavenResourcesFiltering - skip non existing resourceDirectory C:\Users\laksh\Music\Microservices\Practice\api-gateway\src\test\resources
2025-08-07 15:45:11,318 [Worker-61: Building] INFO  o.a.m.s.f.DefaultMavenResourcesFiltering - Copying 1 resource from src\main\resources to target\classes
2025-08-07 15:45:11,326 [Worker-61: Building] INFO  o.a.m.s.f.DefaultMavenResourcesFiltering - Copying 0 resource from src\main\resources to target\classes
2025-08-07 15:45:11,332 [Worker-61: Building] INFO  o.a.m.s.f.DefaultMavenResourcesFiltering - skip non existing resourceDirectory C:\Users\laksh\Music\Microservices\Practice\api-gateway\src\test\resources
2025-08-07 15:46:07,894 [Worker-61: Building] INFO  o.e.m.c.i.l.LifecycleMappingFactory - Using org.maven.ide.eclipse.wtp.WarLifecycleMapping lifecycle mapping for MavenProject: com.example:api-gateway:0.0.1-SNAPSHOT @ C:\Users\laksh\Music\Microservices\Practice\api-gateway\pom.xml.
2025-08-07 15:46:09,602 [Worker-61: Building] INFO  o.a.m.s.f.DefaultMavenResourcesFiltering - Copying 0 resource from src\main\resources to target\classes
2025-08-07 15:46:09,605 [Worker-61: Building] INFO  o.a.m.s.f.DefaultMavenResourcesFiltering - Copying 0 resource from src\main\resources to target\classes
2025-08-07 15:46:09,614 [Worker-61: Building] INFO  o.a.m.s.f.DefaultMavenResourcesFiltering - skip non existing resourceDirectory C:\Users\laksh\Music\Microservices\Practice\api-gateway\src\test\resources
2025-08-07 15:46:09,615 [Worker-61: Building] INFO  o.e.m.w.i.f.ResourceFilteringBuildParticipant - Changed resources require a complete clean of filtered resources of api-gateway
2025-08-07 15:46:09,615 [Worker-61: Building] INFO  o.e.m.w.i.f.ResourceFilteringBuildParticipant - Executing resource filtering for api-gateway
2025-08-07 15:46:11,020 [Worker-55: Building] INFO  o.a.m.s.f.DefaultMavenResourcesFiltering - Copying 1 resource from src\main\resources to target\classes
2025-08-07 15:46:11,044 [Worker-55: Building] INFO  o.a.m.s.f.DefaultMavenResourcesFiltering - Copying 0 resource from src\main\resources to target\classes
2025-08-07 15:46:11,048 [Worker-55: Building] INFO  o.a.m.s.f.DefaultMavenResourcesFiltering - skip non existing resourceDirectory C:\Users\laksh\Music\Microservices\Practice\api-gateway\src\test\resources
2025-08-07 15:46:19,662 [Worker-55: Updating Maven Project] INFO  o.e.m.c.i.p.ProjectConfigurationManager - Update started
2025-08-07 15:46:20,120 [Worker-55: Updating Maven Project] INFO  o.e.m.c.i.l.LifecycleMappingFactory - Using org.maven.ide.eclipse.wtp.WarLifecycleMapping lifecycle mapping for MavenProject: com.example:api-gateway:0.0.1-SNAPSHOT @ C:\Users\laksh\Music\Microservices\Practice\api-gateway\pom.xml.
2025-08-07 15:46:22,210 [Worker-55: Updating Maven Project] INFO  o.e.m.j.i.AbstractJavaProjectConfigurator - Adding source folder /api-gateway/src/main/java
2025-08-07 15:46:22,211 [Worker-55: Updating Maven Project] INFO  o.e.m.j.i.AbstractJavaProjectConfigurator - Adding resource folder /api-gateway/src/main/resources
2025-08-07 15:46:22,212 [Worker-55: Updating Maven Project] INFO  o.e.m.j.i.AbstractJavaProjectConfigurator - Adding resource folder /api-gateway/src/main/resources
2025-08-07 15:46:22,213 [Worker-55: Updating Maven Project] INFO  o.e.m.j.i.AbstractJavaProjectConfigurator - Adding source folder /api-gateway/src/test/java
2025-08-07 15:46:22,215 [Worker-55: Updating Maven Project] INFO  o.e.m.j.i.AbstractJavaProjectConfigurator - Adding resource folder /api-gateway/src/test/resources
2025-08-07 15:46:23,791 [Worker-55: Updating Maven Project] INFO  o.e.m.w.i.f.ResourceFilteringBuildParticipant - Cleaning filtered folder for api-gateway
2025-08-07 15:46:23,879 [Worker-55: Updating Maven Project] INFO  o.e.m.c.i.p.ProjectConfigurationManager - Update completed for 1 poms: local refresh takes 0.00 sec, refresh facades takes 2.00 sec, update config takes 1.00 sec 
2025-08-07 15:46:24,349 [Worker-61: Building] INFO  o.a.m.s.f.DefaultMavenResourcesFiltering - Copying 1 resource from src\main\resources to target\classes
2025-08-07 15:46:24,376 [Worker-61: Building] INFO  o.a.m.s.f.DefaultMavenResourcesFiltering - Copying 0 resource from src\main\resources to target\classes
2025-08-07 15:46:24,383 [Worker-61: Building] INFO  o.a.m.s.f.DefaultMavenResourcesFiltering - skip non existing resourceDirectory C:\Users\laksh\Music\Microservices\Practice\api-gateway\src\test\resources
2025-08-07 15:46:24,384 [Worker-61: Building] INFO  o.e.m.w.i.f.ResourceFilteringBuildParticipant - Changed resources require a complete clean of filtered resources of api-gateway
2025-08-07 15:46:24,384 [Worker-61: Building] INFO  o.e.m.w.i.f.ResourceFilteringBuildParticipant - Executing resource filtering for api-gateway
2025-08-07 18:59:16,158 [Worker-64: Updating Maven Dependencies] ERROR o.e.m.j.i.l.MavenLaunchConfigurationListener - Launch configuration ApiGatewayApplication references non-existing project api-gateway.
org.eclipse.core.runtime.CoreException: Launch configuration ApiGatewayApplication references non-existing project api-gateway.
	at org.eclipse.jdt.launching.JavaRuntime.abort(JavaRuntime.java:1867)
	at org.eclipse.jdt.launching.JavaRuntime.getJavaProject(JavaRuntime.java:1744)
	at org.eclipse.m2e.jdt.internal.launch.MavenLaunchConfigurationListener.updateLaunchConfiguration(MavenLaunchConfigurationListener.java:64)
	at org.eclipse.m2e.jdt.internal.launch.MavenLaunchConfigurationListener.launchConfigurationChanged(MavenLaunchConfigurationListener.java:50)
	at org.eclipse.debug.internal.core.LaunchManager$ConfigurationNotifier.run(LaunchManager.java:220)
	at org.eclipse.core.runtime.SafeRunner.run(SafeRunner.java:47)
	at org.eclipse.debug.internal.core.LaunchManager$ConfigurationNotifier.notify(LaunchManager.java:204)
	at org.eclipse.debug.internal.core.LaunchConfigurationWorkingCopy.setDirty(LaunchConfigurationWorkingCopy.java:527)
	at org.eclipse.debug.internal.core.LaunchConfigurationWorkingCopy.setAttribute(LaunchConfigurationWorkingCopy.java:415)
	at org.eclipse.m2e.jdt.internal.launch.MavenRuntimeClasspathProvider.disable(MavenRuntimeClasspathProvider.java:409)
	at org.eclipse.m2e.jdt.internal.launch.MavenRuntimeClasspathProvider.disable(MavenRuntimeClasspathProvider.java:435)
	at org.eclipse.m2e.jdt.internal.launch.MavenLaunchConfigurationListener.mavenProjectChanged(MavenLaunchConfigurationListener.java:135)
	at org.eclipse.m2e.core.internal.project.registry.ProjectRegistryManager.notifyProjectChangeListeners(ProjectRegistryManager.java:892)
	at org.eclipse.m2e.core.internal.project.registry.ProjectRegistryManager.applyMutableProjectRegistry(ProjectRegistryManager.java:1042)
	at org.eclipse.m2e.core.internal.project.registry.ProjectRegistryRefreshJob.lambda$0(ProjectRegistryRefreshJob.java:162)
	at org.eclipse.m2e.core.internal.embedder.MavenExecutionContext.executeBare(MavenExecutionContext.java:458)
	at org.eclipse.m2e.core.internal.embedder.MavenExecutionContext.execute(MavenExecutionContext.java:339)
	at org.eclipse.m2e.core.internal.embedder.MavenExecutionContext.execute(MavenExecutionContext.java:278)
	at org.eclipse.m2e.core.internal.project.registry.ProjectRegistryRefreshJob.run(ProjectRegistryRefreshJob.java:106)
	at org.eclipse.core.internal.jobs.Worker.run(Worker.java:63)
2025-08-07 18:59:16,162 [Worker-64: Updating Maven Dependencies] ERROR o.e.m.j.i.l.MavenLaunchConfigurationListener - Launch configuration ApiGatewayApplication references non-existing project api-gateway.
org.eclipse.core.runtime.CoreException: Launch configuration ApiGatewayApplication references non-existing project api-gateway.
	at org.eclipse.jdt.launching.JavaRuntime.abort(JavaRuntime.java:1867)
	at org.eclipse.jdt.launching.JavaRuntime.getJavaProject(JavaRuntime.java:1744)
	at org.eclipse.m2e.jdt.internal.launch.MavenLaunchConfigurationListener.updateLaunchConfiguration(MavenLaunchConfigurationListener.java:64)
	at org.eclipse.m2e.jdt.internal.launch.MavenLaunchConfigurationListener.launchConfigurationChanged(MavenLaunchConfigurationListener.java:50)
	at org.eclipse.debug.internal.core.LaunchManager$ConfigurationNotifier.run(LaunchManager.java:220)
	at org.eclipse.core.runtime.SafeRunner.run(SafeRunner.java:47)
	at org.eclipse.debug.internal.core.LaunchManager$ConfigurationNotifier.notify(LaunchManager.java:204)
	at org.eclipse.debug.internal.core.LaunchConfigurationWorkingCopy.setDirty(LaunchConfigurationWorkingCopy.java:527)
	at org.eclipse.debug.internal.core.LaunchConfigurationWorkingCopy.setAttribute(LaunchConfigurationWorkingCopy.java:415)
	at org.eclipse.m2e.jdt.internal.launch.MavenRuntimeClasspathProvider.disable(MavenRuntimeClasspathProvider.java:410)
	at org.eclipse.m2e.jdt.internal.launch.MavenRuntimeClasspathProvider.disable(MavenRuntimeClasspathProvider.java:435)
	at org.eclipse.m2e.jdt.internal.launch.MavenLaunchConfigurationListener.mavenProjectChanged(MavenLaunchConfigurationListener.java:135)
	at org.eclipse.m2e.core.internal.project.registry.ProjectRegistryManager.notifyProjectChangeListeners(ProjectRegistryManager.java:892)
	at org.eclipse.m2e.core.internal.project.registry.ProjectRegistryManager.applyMutableProjectRegistry(ProjectRegistryManager.java:1042)
	at org.eclipse.m2e.core.internal.project.registry.ProjectRegistryRefreshJob.lambda$0(ProjectRegistryRefreshJob.java:162)
	at org.eclipse.m2e.core.internal.embedder.MavenExecutionContext.executeBare(MavenExecutionContext.java:458)
	at org.eclipse.m2e.core.internal.embedder.MavenExecutionContext.execute(MavenExecutionContext.java:339)
	at org.eclipse.m2e.core.internal.embedder.MavenExecutionContext.execute(MavenExecutionContext.java:278)
	at org.eclipse.m2e.core.internal.project.registry.ProjectRegistryRefreshJob.run(ProjectRegistryRefreshJob.java:106)
	at org.eclipse.core.internal.jobs.Worker.run(Worker.java:63)
2025-08-07 18:59:16,165 [Worker-64: Updating Maven Dependencies] ERROR o.e.m.j.i.l.MavenLaunchConfigurationListener - Launch configuration ApiGatewayApplication references non-existing project api-gateway.
org.eclipse.core.runtime.CoreException: Launch configuration ApiGatewayApplication references non-existing project api-gateway.
	at org.eclipse.jdt.launching.JavaRuntime.abort(JavaRuntime.java:1867)
	at org.eclipse.jdt.launching.JavaRuntime.getJavaProject(JavaRuntime.java:1744)
	at org.eclipse.m2e.jdt.internal.launch.MavenLaunchConfigurationListener.updateLaunchConfiguration(MavenLaunchConfigurationListener.java:64)
	at org.eclipse.m2e.jdt.internal.launch.MavenLaunchConfigurationListener.launchConfigurationChanged(MavenLaunchConfigurationListener.java:50)
	at org.eclipse.debug.internal.core.LaunchManager$ConfigurationNotifier.run(LaunchManager.java:220)
	at org.eclipse.core.runtime.SafeRunner.run(SafeRunner.java:47)
	at org.eclipse.debug.internal.core.LaunchManager$ConfigurationNotifier.notify(LaunchManager.java:204)
	at org.eclipse.debug.internal.core.LaunchManager.launchConfigurationChanged(LaunchManager.java:2010)
	at org.eclipse.debug.internal.core.LaunchConfigurationWorkingCopy.writeNewFile(LaunchConfigurationWorkingCopy.java:380)
	at org.eclipse.debug.internal.core.LaunchConfigurationWorkingCopy.doSave0(LaunchConfigurationWorkingCopy.java:259)
	at org.eclipse.debug.internal.core.LaunchConfigurationWorkingCopy.doSave(LaunchConfigurationWorkingCopy.java:229)
	at org.eclipse.debug.internal.core.LaunchConfigurationWorkingCopy.doSave(LaunchConfigurationWorkingCopy.java:187)
	at org.eclipse.m2e.jdt.internal.launch.MavenRuntimeClasspathProvider.disable(MavenRuntimeClasspathProvider.java:411)
	at org.eclipse.m2e.jdt.internal.launch.MavenRuntimeClasspathProvider.disable(MavenRuntimeClasspathProvider.java:435)
	at org.eclipse.m2e.jdt.internal.launch.MavenLaunchConfigurationListener.mavenProjectChanged(MavenLaunchConfigurationListener.java:135)
	at org.eclipse.m2e.core.internal.project.registry.ProjectRegistryManager.notifyProjectChangeListeners(ProjectRegistryManager.java:892)
	at org.eclipse.m2e.core.internal.project.registry.ProjectRegistryManager.applyMutableProjectRegistry(ProjectRegistryManager.java:1042)
	at org.eclipse.m2e.core.internal.project.registry.ProjectRegistryRefreshJob.lambda$0(ProjectRegistryRefreshJob.java:162)
	at org.eclipse.m2e.core.internal.embedder.MavenExecutionContext.executeBare(MavenExecutionContext.java:458)
	at org.eclipse.m2e.core.internal.embedder.MavenExecutionContext.execute(MavenExecutionContext.java:339)
	at org.eclipse.m2e.core.internal.embedder.MavenExecutionContext.execute(MavenExecutionContext.java:278)
	at org.eclipse.m2e.core.internal.project.registry.ProjectRegistryRefreshJob.run(ProjectRegistryRefreshJob.java:106)
	at org.eclipse.core.internal.jobs.Worker.run(Worker.java:63)
2025-08-07 19:01:58,738 [Worker-74: Update Maven projects configuration] INFO  o.e.m.c.i.p.ProjectConfigurationManager - Update started
2025-08-07 19:01:59,069 [Worker-74: Update Maven projects configuration] INFO  o.e.m.c.i.l.LifecycleMappingFactory - Using org.maven.ide.eclipse.wtp.WarLifecycleMapping lifecycle mapping for MavenProject: com.example:api-gateway:0.0.1-SNAPSHOT @ C:\Users\laksh\Music\Microservices\Practice\api-gateway\pom.xml.
2025-08-07 19:01:59,870 [Worker-74: Update Maven projects configuration] ERROR o.e.m.j.i.l.MavenLaunchConfigurationListener - Launch configuration ApiGatewayApplication references non-existing project api-gateway.
org.eclipse.core.runtime.CoreException: Launch configuration ApiGatewayApplication references non-existing project api-gateway.
	at org.eclipse.jdt.launching.JavaRuntime.abort(JavaRuntime.java:1867)
	at org.eclipse.jdt.launching.JavaRuntime.getJavaProject(JavaRuntime.java:1744)
	at org.eclipse.m2e.jdt.internal.launch.MavenLaunchConfigurationListener.updateLaunchConfiguration(MavenLaunchConfigurationListener.java:64)
	at org.eclipse.m2e.jdt.internal.launch.MavenLaunchConfigurationListener.launchConfigurationChanged(MavenLaunchConfigurationListener.java:50)
	at org.eclipse.debug.internal.core.LaunchManager$ConfigurationNotifier.run(LaunchManager.java:220)
	at org.eclipse.core.runtime.SafeRunner.run(SafeRunner.java:47)
	at org.eclipse.debug.internal.core.LaunchManager$ConfigurationNotifier.notify(LaunchManager.java:204)
	at org.eclipse.debug.internal.core.LaunchConfigurationWorkingCopy.setDirty(LaunchConfigurationWorkingCopy.java:527)
	at org.eclipse.debug.internal.core.LaunchConfigurationWorkingCopy.setAttribute(LaunchConfigurationWorkingCopy.java:415)
	at org.eclipse.m2e.jdt.internal.launch.MavenRuntimeClasspathProvider.enable(MavenRuntimeClasspathProvider.java:403)
	at org.eclipse.m2e.jdt.internal.launch.MavenRuntimeClasspathProvider.enable(MavenRuntimeClasspathProvider.java:397)
	at org.eclipse.m2e.jdt.internal.launch.MavenRuntimeClasspathProvider.enable(MavenRuntimeClasspathProvider.java:427)
	at org.eclipse.m2e.jdt.internal.launch.MavenLaunchConfigurationListener.mavenProjectChanged(MavenLaunchConfigurationListener.java:132)
	at org.eclipse.m2e.core.internal.project.registry.ProjectRegistryManager.notifyProjectChangeListeners(ProjectRegistryManager.java:892)
	at org.eclipse.m2e.core.internal.project.registry.ProjectRegistryManager.applyMutableProjectRegistry(ProjectRegistryManager.java:1042)
	at org.eclipse.m2e.core.internal.project.registry.ProjectRegistryManager.refresh(ProjectRegistryManager.java:324)
	at org.eclipse.m2e.core.internal.project.ProjectConfigurationManager.updateProjectConfiguration0(ProjectConfigurationManager.java:388)
	at org.eclipse.m2e.core.internal.project.ProjectConfigurationManager.lambda$3(ProjectConfigurationManager.java:340)
	at org.eclipse.m2e.core.internal.embedder.MavenExecutionContext.executeBare(MavenExecutionContext.java:458)
	at org.eclipse.m2e.core.internal.embedder.MavenExecutionContext.execute(MavenExecutionContext.java:339)
	at org.eclipse.m2e.core.internal.embedder.MavenExecutionContext.execute(MavenExecutionContext.java:278)
	at org.eclipse.m2e.core.internal.embedder.MavenImpl.execute(MavenImpl.java:1053)
	at org.eclipse.m2e.core.internal.project.ProjectConfigurationManager.updateProjectConfiguration(ProjectConfigurationManager.java:339)
	at org.eclipse.m2e.core.ui.internal.project.MavenProjectConfigurator$UpdateMavenConfigurationJob.run(MavenProjectConfigurator.java:177)
	at org.eclipse.core.internal.jobs.Worker.run(Worker.java:63)
2025-08-07 19:01:59,871 [Worker-74: Update Maven projects configuration] ERROR o.e.m.j.i.l.MavenLaunchConfigurationListener - Launch configuration ApiGatewayApplication references non-existing project api-gateway.
org.eclipse.core.runtime.CoreException: Launch configuration ApiGatewayApplication references non-existing project api-gateway.
	at org.eclipse.jdt.launching.JavaRuntime.abort(JavaRuntime.java:1867)
	at org.eclipse.jdt.launching.JavaRuntime.getJavaProject(JavaRuntime.java:1744)
	at org.eclipse.m2e.jdt.internal.launch.MavenLaunchConfigurationListener.updateLaunchConfiguration(MavenLaunchConfigurationListener.java:64)
	at org.eclipse.m2e.jdt.internal.launch.MavenLaunchConfigurationListener.launchConfigurationChanged(MavenLaunchConfigurationListener.java:50)
	at org.eclipse.debug.internal.core.LaunchManager$ConfigurationNotifier.run(LaunchManager.java:220)
	at org.eclipse.core.runtime.SafeRunner.run(SafeRunner.java:47)
	at org.eclipse.debug.internal.core.LaunchManager$ConfigurationNotifier.notify(LaunchManager.java:204)
	at org.eclipse.debug.internal.core.LaunchConfigurationWorkingCopy.setDirty(LaunchConfigurationWorkingCopy.java:527)
	at org.eclipse.debug.internal.core.LaunchConfigurationWorkingCopy.setAttribute(LaunchConfigurationWorkingCopy.java:415)
	at org.eclipse.m2e.jdt.internal.launch.MavenRuntimeClasspathProvider.enable(MavenRuntimeClasspathProvider.java:404)
	at org.eclipse.m2e.jdt.internal.launch.MavenRuntimeClasspathProvider.enable(MavenRuntimeClasspathProvider.java:397)
	at org.eclipse.m2e.jdt.internal.launch.MavenRuntimeClasspathProvider.enable(MavenRuntimeClasspathProvider.java:427)
	at org.eclipse.m2e.jdt.internal.launch.MavenLaunchConfigurationListener.mavenProjectChanged(MavenLaunchConfigurationListener.java:132)
	at org.eclipse.m2e.core.internal.project.registry.ProjectRegistryManager.notifyProjectChangeListeners(ProjectRegistryManager.java:892)
	at org.eclipse.m2e.core.internal.project.registry.ProjectRegistryManager.applyMutableProjectRegistry(ProjectRegistryManager.java:1042)
	at org.eclipse.m2e.core.internal.project.registry.ProjectRegistryManager.refresh(ProjectRegistryManager.java:324)
	at org.eclipse.m2e.core.internal.project.ProjectConfigurationManager.updateProjectConfiguration0(ProjectConfigurationManager.java:388)
	at org.eclipse.m2e.core.internal.project.ProjectConfigurationManager.lambda$3(ProjectConfigurationManager.java:340)
	at org.eclipse.m2e.core.internal.embedder.MavenExecutionContext.executeBare(MavenExecutionContext.java:458)
	at org.eclipse.m2e.core.internal.embedder.MavenExecutionContext.execute(MavenExecutionContext.java:339)
	at org.eclipse.m2e.core.internal.embedder.MavenExecutionContext.execute(MavenExecutionContext.java:278)
	at org.eclipse.m2e.core.internal.embedder.MavenImpl.execute(MavenImpl.java:1053)
	at org.eclipse.m2e.core.internal.project.ProjectConfigurationManager.updateProjectConfiguration(ProjectConfigurationManager.java:339)
	at org.eclipse.m2e.core.ui.internal.project.MavenProjectConfigurator$UpdateMavenConfigurationJob.run(MavenProjectConfigurator.java:177)
	at org.eclipse.core.internal.jobs.Worker.run(Worker.java:63)
2025-08-07 19:01:59,874 [Worker-74: Update Maven projects configuration] ERROR o.e.m.j.i.l.MavenLaunchConfigurationListener - Launch configuration ApiGatewayApplication references non-existing project api-gateway.
org.eclipse.core.runtime.CoreException: Launch configuration ApiGatewayApplication references non-existing project api-gateway.
	at org.eclipse.jdt.launching.JavaRuntime.abort(JavaRuntime.java:1867)
	at org.eclipse.jdt.launching.JavaRuntime.getJavaProject(JavaRuntime.java:1744)
	at org.eclipse.m2e.jdt.internal.launch.MavenLaunchConfigurationListener.updateLaunchConfiguration(MavenLaunchConfigurationListener.java:64)
	at org.eclipse.m2e.jdt.internal.launch.MavenLaunchConfigurationListener.launchConfigurationChanged(MavenLaunchConfigurationListener.java:50)
	at org.eclipse.debug.internal.core.LaunchManager$ConfigurationNotifier.run(LaunchManager.java:220)
	at org.eclipse.core.runtime.SafeRunner.run(SafeRunner.java:47)
	at org.eclipse.debug.internal.core.LaunchManager$ConfigurationNotifier.notify(LaunchManager.java:204)
	at org.eclipse.debug.internal.core.LaunchManager.launchConfigurationChanged(LaunchManager.java:2010)
	at org.eclipse.debug.internal.core.LaunchConfigurationWorkingCopy.writeNewFile(LaunchConfigurationWorkingCopy.java:380)
	at org.eclipse.debug.internal.core.LaunchConfigurationWorkingCopy.doSave0(LaunchConfigurationWorkingCopy.java:259)
	at org.eclipse.debug.internal.core.LaunchConfigurationWorkingCopy.doSave(LaunchConfigurationWorkingCopy.java:229)
	at org.eclipse.debug.internal.core.LaunchConfigurationWorkingCopy.doSave(LaunchConfigurationWorkingCopy.java:187)
	at org.eclipse.m2e.jdt.internal.launch.MavenRuntimeClasspathProvider.enable(MavenRuntimeClasspathProvider.java:398)
	at org.eclipse.m2e.jdt.internal.launch.MavenRuntimeClasspathProvider.enable(MavenRuntimeClasspathProvider.java:427)
	at org.eclipse.m2e.jdt.internal.launch.MavenLaunchConfigurationListener.mavenProjectChanged(MavenLaunchConfigurationListener.java:132)
	at org.eclipse.m2e.core.internal.project.registry.ProjectRegistryManager.notifyProjectChangeListeners(ProjectRegistryManager.java:892)
	at org.eclipse.m2e.core.internal.project.registry.ProjectRegistryManager.applyMutableProjectRegistry(ProjectRegistryManager.java:1042)
	at org.eclipse.m2e.core.internal.project.registry.ProjectRegistryManager.refresh(ProjectRegistryManager.java:324)
	at org.eclipse.m2e.core.internal.project.ProjectConfigurationManager.updateProjectConfiguration0(ProjectConfigurationManager.java:388)
	at org.eclipse.m2e.core.internal.project.ProjectConfigurationManager.lambda$3(ProjectConfigurationManager.java:340)
	at org.eclipse.m2e.core.internal.embedder.MavenExecutionContext.executeBare(MavenExecutionContext.java:458)
	at org.eclipse.m2e.core.internal.embedder.MavenExecutionContext.execute(MavenExecutionContext.java:339)
	at org.eclipse.m2e.core.internal.embedder.MavenExecutionContext.execute(MavenExecutionContext.java:278)
	at org.eclipse.m2e.core.internal.embedder.MavenImpl.execute(MavenImpl.java:1053)
	at org.eclipse.m2e.core.internal.project.ProjectConfigurationManager.updateProjectConfiguration(ProjectConfigurationManager.java:339)
	at org.eclipse.m2e.core.ui.internal.project.MavenProjectConfigurator$UpdateMavenConfigurationJob.run(MavenProjectConfigurator.java:177)
	at org.eclipse.core.internal.jobs.Worker.run(Worker.java:63)
2025-08-07 19:01:59,922 [Worker-74: Update Maven projects configuration] INFO  o.e.m.j.i.AbstractJavaProjectConfigurator - Adding source folder /api-gateway/src/main/java
2025-08-07 19:01:59,922 [Worker-74: Update Maven projects configuration] INFO  o.e.m.j.i.AbstractJavaProjectConfigurator - Adding resource folder /api-gateway/src/main/resources
2025-08-07 19:01:59,927 [Worker-74: Update Maven projects configuration] INFO  o.e.m.j.i.AbstractJavaProjectConfigurator - Adding resource folder /api-gateway/src/main/resources
2025-08-07 19:01:59,932 [Worker-74: Update Maven projects configuration] INFO  o.e.m.j.i.AbstractJavaProjectConfigurator - Adding source folder /api-gateway/src/test/java
2025-08-07 19:01:59,933 [Worker-74: Update Maven projects configuration] INFO  o.e.m.j.i.AbstractJavaProjectConfigurator - Adding resource folder /api-gateway/src/test/resources
2025-08-07 19:02:01,153 [Worker-68: Building] INFO  o.a.m.s.f.DefaultMavenResourcesFiltering - Copying 1 resource from src\main\resources to target\classes
2025-08-07 19:02:01,162 [Worker-68: Building] INFO  o.a.m.s.f.DefaultMavenResourcesFiltering - Copying 0 resource from src\main\resources to target\classes
2025-08-07 19:02:01,165 [Worker-68: Building] INFO  o.a.m.s.f.DefaultMavenResourcesFiltering - skip non existing resourceDirectory C:\Users\laksh\Music\Microservices\Practice\api-gateway\src\test\resources
2025-08-07 19:02:01,614 [Worker-74: Update Maven projects configuration] INFO  o.e.m.c.i.p.ProjectConfigurationManager - Update completed for 1 poms: local refresh takes 0.00 sec, refresh facades takes 1.00 sec, update config takes 1.00 sec 
2025-08-07 19:02:01,878 [Worker-64: Building] INFO  o.a.m.s.f.DefaultMavenResourcesFiltering - Copying 1 resource from src\main\resources to target\classes
2025-08-07 19:02:01,880 [Worker-64: Building] INFO  o.a.m.s.f.DefaultMavenResourcesFiltering - Copying 0 resource from src\main\resources to target\classes
2025-08-07 19:02:01,881 [Worker-64: Building] INFO  o.a.m.s.f.DefaultMavenResourcesFiltering - skip non existing resourceDirectory C:\Users\laksh\Music\Microservices\Practice\api-gateway\src\test\resources
2025-08-07 19:02:02,965 [Worker-62: Building] INFO  o.a.m.s.f.DefaultMavenResourcesFiltering - Copying 0 resource from src\main\resources to target\classes
2025-08-07 19:02:02,966 [Worker-62: Building] INFO  o.a.m.s.f.DefaultMavenResourcesFiltering - Copying 0 resource from src\main\resources to target\classes
2025-08-07 19:02:02,968 [Worker-62: Building] INFO  o.a.m.s.f.DefaultMavenResourcesFiltering - skip non existing resourceDirectory C:\Users\laksh\Music\Microservices\Practice\api-gateway\src\test\resources
2025-08-07 19:09:55,541 [Worker-76: Building] INFO  o.a.m.s.f.DefaultMavenResourcesFiltering - Copying 1 resource from src\main\resources to target\classes
2025-08-07 19:09:55,551 [Worker-76: Building] INFO  o.a.m.s.f.DefaultMavenResourcesFiltering - Copying 0 resource from src\main\resources to target\classes
2025-08-07 19:09:55,556 [Worker-76: Building] INFO  o.a.m.s.f.DefaultMavenResourcesFiltering - skip non existing resourceDirectory C:\Users\laksh\Music\Microservices\Practice\product-service\src\test\resources
2025-08-07 19:10:03,798 [Worker-79: Building] INFO  o.a.m.s.f.DefaultMavenResourcesFiltering - Copying 1 resource from src\main\resources to target\classes
2025-08-07 19:10:03,806 [Worker-79: Building] INFO  o.a.m.s.f.DefaultMavenResourcesFiltering - Copying 0 resource from src\main\resources to target\classes
2025-08-07 19:10:03,809 [Worker-79: Building] INFO  o.a.m.s.f.DefaultMavenResourcesFiltering - skip non existing resourceDirectory C:\Users\laksh\Music\Microservices\Practice\product-service\src\test\resources
2025-08-07 19:13:12,584 [Worker-62: Building] INFO  o.a.m.s.f.DefaultMavenResourcesFiltering - Copying 1 resource from src\main\resources to target\classes
2025-08-07 19:13:12,588 [Worker-62: Building] INFO  o.a.m.s.f.DefaultMavenResourcesFiltering - Copying 0 resource from src\main\resources to target\classes
2025-08-07 19:13:12,590 [Worker-62: Building] INFO  o.a.m.s.f.DefaultMavenResourcesFiltering - skip non existing resourceDirectory C:\Users\laksh\Music\Microservices\Practice\product-service\src\test\resources
2025-08-07 19:16:55,939 [Worker-78: Building] INFO  o.a.m.s.f.DefaultMavenResourcesFiltering - Copying 1 resource from src\main\resources to target\classes
2025-08-07 19:16:55,947 [Worker-78: Building] INFO  o.a.m.s.f.DefaultMavenResourcesFiltering - Copying 0 resource from src\main\resources to target\classes
2025-08-07 19:16:55,949 [Worker-78: Building] INFO  o.a.m.s.f.DefaultMavenResourcesFiltering - skip non existing resourceDirectory C:\Users\laksh\Music\Microservices\Practice\product-service\src\test\resources
2025-08-07 19:17:19,207 [Worker-79: Building] INFO  o.a.m.s.f.DefaultMavenResourcesFiltering - Copying 1 resource from src\main\resources to target\classes
2025-08-07 19:17:19,213 [Worker-79: Building] INFO  o.a.m.s.f.DefaultMavenResourcesFiltering - Copying 0 resource from src\main\resources to target\classes
2025-08-07 19:17:19,215 [Worker-79: Building] INFO  o.a.m.s.f.DefaultMavenResourcesFiltering - skip non existing resourceDirectory C:\Users\laksh\Music\Microservices\Practice\product-service\src\test\resources
2025-08-07 19:17:42,933 [Worker-62: Building] INFO  o.a.m.s.f.DefaultMavenResourcesFiltering - Copying 1 resource from src\main\resources to target\classes
2025-08-07 19:17:42,940 [Worker-62: Building] INFO  o.a.m.s.f.DefaultMavenResourcesFiltering - Copying 0 resource from src\main\resources to target\classes
2025-08-07 19:17:42,941 [Worker-62: Building] INFO  o.a.m.s.f.DefaultMavenResourcesFiltering - skip non existing resourceDirectory C:\Users\laksh\Music\Microservices\Practice\product-service\src\test\resources
2025-08-07 19:20:30,932 [Worker-62: Building] INFO  o.a.m.s.f.DefaultMavenResourcesFiltering - Copying 1 resource from src\main\resources to target\classes
2025-08-07 19:20:30,939 [Worker-62: Building] INFO  o.a.m.s.f.DefaultMavenResourcesFiltering - Copying 0 resource from src\main\resources to target\classes
2025-08-07 19:20:30,941 [Worker-62: Building] INFO  o.a.m.s.f.DefaultMavenResourcesFiltering - skip non existing resourceDirectory C:\Users\laksh\Music\Microservices\Practice\product-service\src\test\resources
2025-08-07 19:29:11,823 [Worker-62: Building] INFO  o.a.m.s.f.DefaultMavenResourcesFiltering - Copying 1 resource from src\main\resources to target\classes
2025-08-07 19:29:11,836 [Worker-62: Building] INFO  o.a.m.s.f.DefaultMavenResourcesFiltering - Copying 0 resource from src\main\resources to target\classes
2025-08-07 19:29:11,840 [Worker-62: Building] INFO  o.a.m.s.f.DefaultMavenResourcesFiltering - skip non existing resourceDirectory C:\Users\laksh\Music\Microservices\Practice\product-service\src\test\resources
2025-08-07 19:29:40,326 [Worker-81: Building] INFO  o.a.m.s.f.DefaultMavenResourcesFiltering - Copying 1 resource from src\main\resources to target\classes
2025-08-07 19:29:40,338 [Worker-81: Building] INFO  o.a.m.s.f.DefaultMavenResourcesFiltering - Copying 0 resource from src\main\resources to target\classes
2025-08-07 19:29:40,342 [Worker-81: Building] INFO  o.a.m.s.f.DefaultMavenResourcesFiltering - skip non existing resourceDirectory C:\Users\laksh\Music\Microservices\Practice\api-gateway\src\test\resources
2025-08-07 19:30:13,369 [Worker-81: Building] INFO  o.a.m.s.f.DefaultMavenResourcesFiltering - Copying 1 resource from src\main\resources to target\classes
2025-08-07 19:30:13,375 [Worker-81: Building] INFO  o.a.m.s.f.DefaultMavenResourcesFiltering - Copying 0 resource from src\main\resources to target\classes
2025-08-07 19:30:13,379 [Worker-81: Building] INFO  o.a.m.s.f.DefaultMavenResourcesFiltering - skip non existing resourceDirectory C:\Users\laksh\Music\Microservices\Practice\product-service\src\test\resources
2025-08-07 19:36:26,458 [Worker-62: Building] INFO  o.a.m.s.f.DefaultMavenResourcesFiltering - Copying 1 resource from src\main\resources to target\classes
2025-08-07 19:36:26,469 [Worker-62: Building] INFO  o.a.m.s.f.DefaultMavenResourcesFiltering - Copying 0 resource from src\main\resources to target\classes
2025-08-07 19:36:26,473 [Worker-62: Building] INFO  o.a.m.s.f.DefaultMavenResourcesFiltering - skip non existing resourceDirectory C:\Users\laksh\Music\Microservices\Practice\api-gateway\src\test\resources
2025-08-07 19:42:53,111 [Worker-62: Building] INFO  o.a.m.s.f.DefaultMavenResourcesFiltering - Copying 1 resource from src\main\resources to target\classes
2025-08-07 19:42:53,124 [Worker-62: Building] INFO  o.a.m.s.f.DefaultMavenResourcesFiltering - Copying 0 resource from src\main\resources to target\classes
2025-08-07 19:42:53,127 [Worker-62: Building] INFO  o.a.m.s.f.DefaultMavenResourcesFiltering - skip non existing resourceDirectory C:\Users\laksh\Music\Microservices\Practice\product-service\src\test\resources
2025-08-07 19:45:14,511 [Worker-62: Updating Maven Project] INFO  o.e.m.c.i.p.ProjectConfigurationManager - Update started
2025-08-07 19:45:15,095 [Worker-62: Updating Maven Project] INFO  o.e.m.c.i.l.LifecycleMappingFactory - Using org.maven.ide.eclipse.wtp.WarLifecycleMapping lifecycle mapping for MavenProject: com.example:product-service:0.0.1-SNAPSHOT @ C:\Users\laksh\Music\Microservices\Practice\product-service\pom.xml.
2025-08-07 19:45:16,304 [Worker-62: Updating Maven Project] INFO  o.e.m.j.i.AbstractJavaProjectConfigurator - Adding source folder /product-service/src/main/java
2025-08-07 19:45:16,304 [Worker-62: Updating Maven Project] INFO  o.e.m.j.i.AbstractJavaProjectConfigurator - Adding resource folder /product-service/src/main/resources
2025-08-07 19:45:16,305 [Worker-62: Updating Maven Project] INFO  o.e.m.j.i.AbstractJavaProjectConfigurator - Adding resource folder /product-service/src/main/resources
2025-08-07 19:45:16,305 [Worker-62: Updating Maven Project] INFO  o.e.m.j.i.AbstractJavaProjectConfigurator - Adding source folder /product-service/src/test/java
2025-08-07 19:45:16,305 [Worker-62: Updating Maven Project] INFO  o.e.m.j.i.AbstractJavaProjectConfigurator - Adding resource folder /product-service/src/test/resources
2025-08-07 19:45:17,245 [Worker-62: Updating Maven Project] INFO  o.e.m.w.i.f.ResourceFilteringBuildParticipant - Cleaning filtered folder for product-service
2025-08-07 19:45:17,302 [Worker-62: Updating Maven Project] INFO  o.e.m.c.i.p.ProjectConfigurationManager - Update completed for 1 poms: local refresh takes 0.00 sec, refresh facades takes 1.00 sec, update config takes 0.00 sec 
2025-08-07 19:45:17,659 [Worker-82: Building] INFO  o.a.m.s.f.DefaultMavenResourcesFiltering - Copying 1 resource from src\main\resources to target\classes
2025-08-07 19:45:17,707 [Worker-82: Building] INFO  o.a.m.s.f.DefaultMavenResourcesFiltering - Copying 0 resource from src\main\resources to target\classes
2025-08-07 19:45:17,716 [Worker-82: Building] INFO  o.a.m.s.f.DefaultMavenResourcesFiltering - skip non existing resourceDirectory C:\Users\laksh\Music\Microservices\Practice\product-service\src\test\resources
2025-08-07 19:45:17,716 [Worker-82: Building] INFO  o.e.m.w.i.f.ResourceFilteringBuildParticipant - Changed resources require a complete clean of filtered resources of product-service
2025-08-07 19:45:17,716 [Worker-82: Building] INFO  o.e.m.w.i.f.ResourceFilteringBuildParticipant - Executing resource filtering for product-service
2025-08-07 19:47:40,533 [Worker-68: Updating Maven Dependencies] ERROR o.e.m.j.i.l.MavenLaunchConfigurationListener - Launch configuration ProductServiceApplication references non-existing project product-service.
org.eclipse.core.runtime.CoreException: Launch configuration ProductServiceApplication references non-existing project product-service.
	at org.eclipse.jdt.launching.JavaRuntime.abort(JavaRuntime.java:1867)
	at org.eclipse.jdt.launching.JavaRuntime.getJavaProject(JavaRuntime.java:1744)
	at org.eclipse.m2e.jdt.internal.launch.MavenLaunchConfigurationListener.updateLaunchConfiguration(MavenLaunchConfigurationListener.java:64)
	at org.eclipse.m2e.jdt.internal.launch.MavenLaunchConfigurationListener.launchConfigurationChanged(MavenLaunchConfigurationListener.java:50)
	at org.eclipse.debug.internal.core.LaunchManager$ConfigurationNotifier.run(LaunchManager.java:220)
	at org.eclipse.core.runtime.SafeRunner.run(SafeRunner.java:47)
	at org.eclipse.debug.internal.core.LaunchManager$ConfigurationNotifier.notify(LaunchManager.java:204)
	at org.eclipse.debug.internal.core.LaunchConfigurationWorkingCopy.setDirty(LaunchConfigurationWorkingCopy.java:527)
	at org.eclipse.debug.internal.core.LaunchConfigurationWorkingCopy.setAttribute(LaunchConfigurationWorkingCopy.java:415)
	at org.eclipse.m2e.jdt.internal.launch.MavenRuntimeClasspathProvider.disable(MavenRuntimeClasspathProvider.java:409)
	at org.eclipse.m2e.jdt.internal.launch.MavenRuntimeClasspathProvider.disable(MavenRuntimeClasspathProvider.java:435)
	at org.eclipse.m2e.jdt.internal.launch.MavenLaunchConfigurationListener.mavenProjectChanged(MavenLaunchConfigurationListener.java:135)
	at org.eclipse.m2e.core.internal.project.registry.ProjectRegistryManager.notifyProjectChangeListeners(ProjectRegistryManager.java:892)
	at org.eclipse.m2e.core.internal.project.registry.ProjectRegistryManager.applyMutableProjectRegistry(ProjectRegistryManager.java:1042)
	at org.eclipse.m2e.core.internal.project.registry.ProjectRegistryRefreshJob.lambda$0(ProjectRegistryRefreshJob.java:162)
	at org.eclipse.m2e.core.internal.embedder.MavenExecutionContext.executeBare(MavenExecutionContext.java:458)
	at org.eclipse.m2e.core.internal.embedder.MavenExecutionContext.execute(MavenExecutionContext.java:339)
	at org.eclipse.m2e.core.internal.embedder.MavenExecutionContext.execute(MavenExecutionContext.java:278)
	at org.eclipse.m2e.core.internal.project.registry.ProjectRegistryRefreshJob.run(ProjectRegistryRefreshJob.java:106)
	at org.eclipse.core.internal.jobs.Worker.run(Worker.java:63)
2025-08-07 19:47:40,535 [Worker-68: Updating Maven Dependencies] ERROR o.e.m.j.i.l.MavenLaunchConfigurationListener - Launch configuration ProductServiceApplication references non-existing project product-service.
org.eclipse.core.runtime.CoreException: Launch configuration ProductServiceApplication references non-existing project product-service.
	at org.eclipse.jdt.launching.JavaRuntime.abort(JavaRuntime.java:1867)
	at org.eclipse.jdt.launching.JavaRuntime.getJavaProject(JavaRuntime.java:1744)
	at org.eclipse.m2e.jdt.internal.launch.MavenLaunchConfigurationListener.updateLaunchConfiguration(MavenLaunchConfigurationListener.java:64)
	at org.eclipse.m2e.jdt.internal.launch.MavenLaunchConfigurationListener.launchConfigurationChanged(MavenLaunchConfigurationListener.java:50)
	at org.eclipse.debug.internal.core.LaunchManager$ConfigurationNotifier.run(LaunchManager.java:220)
	at org.eclipse.core.runtime.SafeRunner.run(SafeRunner.java:47)
	at org.eclipse.debug.internal.core.LaunchManager$ConfigurationNotifier.notify(LaunchManager.java:204)
	at org.eclipse.debug.internal.core.LaunchConfigurationWorkingCopy.setDirty(LaunchConfigurationWorkingCopy.java:527)
	at org.eclipse.debug.internal.core.LaunchConfigurationWorkingCopy.setAttribute(LaunchConfigurationWorkingCopy.java:415)
	at org.eclipse.m2e.jdt.internal.launch.MavenRuntimeClasspathProvider.disable(MavenRuntimeClasspathProvider.java:410)
	at org.eclipse.m2e.jdt.internal.launch.MavenRuntimeClasspathProvider.disable(MavenRuntimeClasspathProvider.java:435)
	at org.eclipse.m2e.jdt.internal.launch.MavenLaunchConfigurationListener.mavenProjectChanged(MavenLaunchConfigurationListener.java:135)
	at org.eclipse.m2e.core.internal.project.registry.ProjectRegistryManager.notifyProjectChangeListeners(ProjectRegistryManager.java:892)
	at org.eclipse.m2e.core.internal.project.registry.ProjectRegistryManager.applyMutableProjectRegistry(ProjectRegistryManager.java:1042)
	at org.eclipse.m2e.core.internal.project.registry.ProjectRegistryRefreshJob.lambda$0(ProjectRegistryRefreshJob.java:162)
	at org.eclipse.m2e.core.internal.embedder.MavenExecutionContext.executeBare(MavenExecutionContext.java:458)
	at org.eclipse.m2e.core.internal.embedder.MavenExecutionContext.execute(MavenExecutionContext.java:339)
	at org.eclipse.m2e.core.internal.embedder.MavenExecutionContext.execute(MavenExecutionContext.java:278)
	at org.eclipse.m2e.core.internal.project.registry.ProjectRegistryRefreshJob.run(ProjectRegistryRefreshJob.java:106)
	at org.eclipse.core.internal.jobs.Worker.run(Worker.java:63)
2025-08-07 19:47:40,538 [Worker-68: Updating Maven Dependencies] ERROR o.e.m.j.i.l.MavenLaunchConfigurationListener - Launch configuration ProductServiceApplication references non-existing project product-service.
org.eclipse.core.runtime.CoreException: Launch configuration ProductServiceApplication references non-existing project product-service.
	at org.eclipse.jdt.launching.JavaRuntime.abort(JavaRuntime.java:1867)
	at org.eclipse.jdt.launching.JavaRuntime.getJavaProject(JavaRuntime.java:1744)
	at org.eclipse.m2e.jdt.internal.launch.MavenLaunchConfigurationListener.updateLaunchConfiguration(MavenLaunchConfigurationListener.java:64)
	at org.eclipse.m2e.jdt.internal.launch.MavenLaunchConfigurationListener.launchConfigurationChanged(MavenLaunchConfigurationListener.java:50)
	at org.eclipse.debug.internal.core.LaunchManager$ConfigurationNotifier.run(LaunchManager.java:220)
	at org.eclipse.core.runtime.SafeRunner.run(SafeRunner.java:47)
	at org.eclipse.debug.internal.core.LaunchManager$ConfigurationNotifier.notify(LaunchManager.java:204)
	at org.eclipse.debug.internal.core.LaunchManager.launchConfigurationChanged(LaunchManager.java:2010)
	at org.eclipse.debug.internal.core.LaunchConfigurationWorkingCopy.writeNewFile(LaunchConfigurationWorkingCopy.java:380)
	at org.eclipse.debug.internal.core.LaunchConfigurationWorkingCopy.doSave0(LaunchConfigurationWorkingCopy.java:259)
	at org.eclipse.debug.internal.core.LaunchConfigurationWorkingCopy.doSave(LaunchConfigurationWorkingCopy.java:229)
	at org.eclipse.debug.internal.core.LaunchConfigurationWorkingCopy.doSave(LaunchConfigurationWorkingCopy.java:187)
	at org.eclipse.m2e.jdt.internal.launch.MavenRuntimeClasspathProvider.disable(MavenRuntimeClasspathProvider.java:411)
	at org.eclipse.m2e.jdt.internal.launch.MavenRuntimeClasspathProvider.disable(MavenRuntimeClasspathProvider.java:435)
	at org.eclipse.m2e.jdt.internal.launch.MavenLaunchConfigurationListener.mavenProjectChanged(MavenLaunchConfigurationListener.java:135)
	at org.eclipse.m2e.core.internal.project.registry.ProjectRegistryManager.notifyProjectChangeListeners(ProjectRegistryManager.java:892)
	at org.eclipse.m2e.core.internal.project.registry.ProjectRegistryManager.applyMutableProjectRegistry(ProjectRegistryManager.java:1042)
	at org.eclipse.m2e.core.internal.project.registry.ProjectRegistryRefreshJob.lambda$0(ProjectRegistryRefreshJob.java:162)
	at org.eclipse.m2e.core.internal.embedder.MavenExecutionContext.executeBare(MavenExecutionContext.java:458)
	at org.eclipse.m2e.core.internal.embedder.MavenExecutionContext.execute(MavenExecutionContext.java:339)
	at org.eclipse.m2e.core.internal.embedder.MavenExecutionContext.execute(MavenExecutionContext.java:278)
	at org.eclipse.m2e.core.internal.project.registry.ProjectRegistryRefreshJob.run(ProjectRegistryRefreshJob.java:106)
	at org.eclipse.core.internal.jobs.Worker.run(Worker.java:63)
2025-08-07 19:49:33,501 [Worker-75: Cleaning all projects] INFO  o.e.m.w.i.f.ResourceFilteringBuildParticipant - Cleaning filtered folder for api-gateway
2025-08-07 19:49:33,572 [Worker-75: Cleaning all projects] INFO  o.e.m.w.i.f.ResourceFilteringBuildParticipant - Cleaning filtered folder for eureka-server
2025-08-07 19:49:33,881 [Worker-82: Building] INFO  o.a.m.s.f.DefaultMavenResourcesFiltering - Copying 1 resource from src\main\resources to target\classes
2025-08-07 19:49:33,882 [Worker-82: Building] INFO  o.a.m.s.f.DefaultMavenResourcesFiltering - Copying 0 resource from src\main\resources to target\classes
2025-08-07 19:49:33,884 [Worker-82: Building] INFO  o.a.m.s.f.DefaultMavenResourcesFiltering - skip non existing resourceDirectory C:\Users\laksh\Music\Microservices\Practice\api-gateway\src\test\resources
2025-08-07 19:49:33,884 [Worker-82: Building] INFO  o.e.m.w.i.f.ResourceFilteringBuildParticipant - Changed resources require a complete clean of filtered resources of api-gateway
2025-08-07 19:49:33,884 [Worker-82: Building] INFO  o.e.m.w.i.f.ResourceFilteringBuildParticipant - Executing resource filtering for api-gateway
2025-08-07 19:49:33,999 [Worker-82: Building] INFO  o.a.m.s.f.DefaultMavenResourcesFiltering - Copying 1 resource from src\main\resources to target\classes
2025-08-07 19:49:34,001 [Worker-82: Building] INFO  o.a.m.s.f.DefaultMavenResourcesFiltering - Copying 0 resource from src\main\resources to target\classes
2025-08-07 19:49:34,004 [Worker-82: Building] INFO  o.a.m.s.f.DefaultMavenResourcesFiltering - skip non existing resourceDirectory C:\Users\laksh\Music\Microservices\Practice\eureka-server\src\test\resources
2025-08-07 19:49:34,004 [Worker-82: Building] INFO  o.e.m.w.i.f.ResourceFilteringBuildParticipant - Changed resources require a complete clean of filtered resources of eureka-server
2025-08-07 19:49:34,004 [Worker-82: Building] INFO  o.e.m.w.i.f.ResourceFilteringBuildParticipant - Executing resource filtering for eureka-server
2025-08-07 19:49:48,174 [Worker-62: Update Maven projects configuration] INFO  o.e.m.c.i.p.ProjectConfigurationManager - Update started
2025-08-07 19:49:48,475 [Worker-62: Update Maven projects configuration] INFO  o.e.m.c.i.l.LifecycleMappingFactory - Using org.maven.ide.eclipse.wtp.WarLifecycleMapping lifecycle mapping for MavenProject: com.example:product-service:0.0.1-SNAPSHOT @ C:\Users\laksh\Music\Microservices\Practice\product-service\pom.xml.
2025-08-07 19:49:49,188 [Worker-62: Update Maven projects configuration] ERROR o.e.m.j.i.l.MavenLaunchConfigurationListener - Launch configuration ProductServiceApplication references non-existing project product-service.
org.eclipse.core.runtime.CoreException: Launch configuration ProductServiceApplication references non-existing project product-service.
	at org.eclipse.jdt.launching.JavaRuntime.abort(JavaRuntime.java:1867)
	at org.eclipse.jdt.launching.JavaRuntime.getJavaProject(JavaRuntime.java:1744)
	at org.eclipse.m2e.jdt.internal.launch.MavenLaunchConfigurationListener.updateLaunchConfiguration(MavenLaunchConfigurationListener.java:64)
	at org.eclipse.m2e.jdt.internal.launch.MavenLaunchConfigurationListener.launchConfigurationChanged(MavenLaunchConfigurationListener.java:50)
	at org.eclipse.debug.internal.core.LaunchManager$ConfigurationNotifier.run(LaunchManager.java:220)
	at org.eclipse.core.runtime.SafeRunner.run(SafeRunner.java:47)
	at org.eclipse.debug.internal.core.LaunchManager$ConfigurationNotifier.notify(LaunchManager.java:204)
	at org.eclipse.debug.internal.core.LaunchConfigurationWorkingCopy.setDirty(LaunchConfigurationWorkingCopy.java:527)
	at org.eclipse.debug.internal.core.LaunchConfigurationWorkingCopy.setAttribute(LaunchConfigurationWorkingCopy.java:415)
	at org.eclipse.m2e.jdt.internal.launch.MavenRuntimeClasspathProvider.enable(MavenRuntimeClasspathProvider.java:403)
	at org.eclipse.m2e.jdt.internal.launch.MavenRuntimeClasspathProvider.enable(MavenRuntimeClasspathProvider.java:397)
	at org.eclipse.m2e.jdt.internal.launch.MavenRuntimeClasspathProvider.enable(MavenRuntimeClasspathProvider.java:427)
	at org.eclipse.m2e.jdt.internal.launch.MavenLaunchConfigurationListener.mavenProjectChanged(MavenLaunchConfigurationListener.java:132)
	at org.eclipse.m2e.core.internal.project.registry.ProjectRegistryManager.notifyProjectChangeListeners(ProjectRegistryManager.java:892)
	at org.eclipse.m2e.core.internal.project.registry.ProjectRegistryManager.applyMutableProjectRegistry(ProjectRegistryManager.java:1042)
	at org.eclipse.m2e.core.internal.project.registry.ProjectRegistryManager.refresh(ProjectRegistryManager.java:324)
	at org.eclipse.m2e.core.internal.project.ProjectConfigurationManager.updateProjectConfiguration0(ProjectConfigurationManager.java:388)
	at org.eclipse.m2e.core.internal.project.ProjectConfigurationManager.lambda$3(ProjectConfigurationManager.java:340)
	at org.eclipse.m2e.core.internal.embedder.MavenExecutionContext.executeBare(MavenExecutionContext.java:458)
	at org.eclipse.m2e.core.internal.embedder.MavenExecutionContext.execute(MavenExecutionContext.java:339)
	at org.eclipse.m2e.core.internal.embedder.MavenExecutionContext.execute(MavenExecutionContext.java:278)
	at org.eclipse.m2e.core.internal.embedder.MavenImpl.execute(MavenImpl.java:1053)
	at org.eclipse.m2e.core.internal.project.ProjectConfigurationManager.updateProjectConfiguration(ProjectConfigurationManager.java:339)
	at org.eclipse.m2e.core.ui.internal.project.MavenProjectConfigurator$UpdateMavenConfigurationJob.run(MavenProjectConfigurator.java:177)
	at org.eclipse.core.internal.jobs.Worker.run(Worker.java:63)
2025-08-07 19:49:49,189 [Worker-62: Update Maven projects configuration] ERROR o.e.m.j.i.l.MavenLaunchConfigurationListener - Launch configuration ProductServiceApplication references non-existing project product-service.
org.eclipse.core.runtime.CoreException: Launch configuration ProductServiceApplication references non-existing project product-service.
	at org.eclipse.jdt.launching.JavaRuntime.abort(JavaRuntime.java:1867)
	at org.eclipse.jdt.launching.JavaRuntime.getJavaProject(JavaRuntime.java:1744)
	at org.eclipse.m2e.jdt.internal.launch.MavenLaunchConfigurationListener.updateLaunchConfiguration(MavenLaunchConfigurationListener.java:64)
	at org.eclipse.m2e.jdt.internal.launch.MavenLaunchConfigurationListener.launchConfigurationChanged(MavenLaunchConfigurationListener.java:50)
	at org.eclipse.debug.internal.core.LaunchManager$ConfigurationNotifier.run(LaunchManager.java:220)
	at org.eclipse.core.runtime.SafeRunner.run(SafeRunner.java:47)
	at org.eclipse.debug.internal.core.LaunchManager$ConfigurationNotifier.notify(LaunchManager.java:204)
	at org.eclipse.debug.internal.core.LaunchConfigurationWorkingCopy.setDirty(LaunchConfigurationWorkingCopy.java:527)
	at org.eclipse.debug.internal.core.LaunchConfigurationWorkingCopy.setAttribute(LaunchConfigurationWorkingCopy.java:415)
	at org.eclipse.m2e.jdt.internal.launch.MavenRuntimeClasspathProvider.enable(MavenRuntimeClasspathProvider.java:404)
	at org.eclipse.m2e.jdt.internal.launch.MavenRuntimeClasspathProvider.enable(MavenRuntimeClasspathProvider.java:397)
	at org.eclipse.m2e.jdt.internal.launch.MavenRuntimeClasspathProvider.enable(MavenRuntimeClasspathProvider.java:427)
	at org.eclipse.m2e.jdt.internal.launch.MavenLaunchConfigurationListener.mavenProjectChanged(MavenLaunchConfigurationListener.java:132)
	at org.eclipse.m2e.core.internal.project.registry.ProjectRegistryManager.notifyProjectChangeListeners(ProjectRegistryManager.java:892)
	at org.eclipse.m2e.core.internal.project.registry.ProjectRegistryManager.applyMutableProjectRegistry(ProjectRegistryManager.java:1042)
	at org.eclipse.m2e.core.internal.project.registry.ProjectRegistryManager.refresh(ProjectRegistryManager.java:324)
	at org.eclipse.m2e.core.internal.project.ProjectConfigurationManager.updateProjectConfiguration0(ProjectConfigurationManager.java:388)
	at org.eclipse.m2e.core.internal.project.ProjectConfigurationManager.lambda$3(ProjectConfigurationManager.java:340)
	at org.eclipse.m2e.core.internal.embedder.MavenExecutionContext.executeBare(MavenExecutionContext.java:458)
	at org.eclipse.m2e.core.internal.embedder.MavenExecutionContext.execute(MavenExecutionContext.java:339)
	at org.eclipse.m2e.core.internal.embedder.MavenExecutionContext.execute(MavenExecutionContext.java:278)
	at org.eclipse.m2e.core.internal.embedder.MavenImpl.execute(MavenImpl.java:1053)
	at org.eclipse.m2e.core.internal.project.ProjectConfigurationManager.updateProjectConfiguration(ProjectConfigurationManager.java:339)
	at org.eclipse.m2e.core.ui.internal.project.MavenProjectConfigurator$UpdateMavenConfigurationJob.run(MavenProjectConfigurator.java:177)
	at org.eclipse.core.internal.jobs.Worker.run(Worker.java:63)
2025-08-07 19:49:49,194 [Worker-62: Update Maven projects configuration] ERROR o.e.m.j.i.l.MavenLaunchConfigurationListener - Launch configuration ProductServiceApplication references non-existing project product-service.
org.eclipse.core.runtime.CoreException: Launch configuration ProductServiceApplication references non-existing project product-service.
	at org.eclipse.jdt.launching.JavaRuntime.abort(JavaRuntime.java:1867)
	at org.eclipse.jdt.launching.JavaRuntime.getJavaProject(JavaRuntime.java:1744)
	at org.eclipse.m2e.jdt.internal.launch.MavenLaunchConfigurationListener.updateLaunchConfiguration(MavenLaunchConfigurationListener.java:64)
	at org.eclipse.m2e.jdt.internal.launch.MavenLaunchConfigurationListener.launchConfigurationChanged(MavenLaunchConfigurationListener.java:50)
	at org.eclipse.debug.internal.core.LaunchManager$ConfigurationNotifier.run(LaunchManager.java:220)
	at org.eclipse.core.runtime.SafeRunner.run(SafeRunner.java:47)
	at org.eclipse.debug.internal.core.LaunchManager$ConfigurationNotifier.notify(LaunchManager.java:204)
	at org.eclipse.debug.internal.core.LaunchManager.launchConfigurationChanged(LaunchManager.java:2010)
	at org.eclipse.debug.internal.core.LaunchConfigurationWorkingCopy.writeNewFile(LaunchConfigurationWorkingCopy.java:380)
	at org.eclipse.debug.internal.core.LaunchConfigurationWorkingCopy.doSave0(LaunchConfigurationWorkingCopy.java:259)
	at org.eclipse.debug.internal.core.LaunchConfigurationWorkingCopy.doSave(LaunchConfigurationWorkingCopy.java:229)
	at org.eclipse.debug.internal.core.LaunchConfigurationWorkingCopy.doSave(LaunchConfigurationWorkingCopy.java:187)
	at org.eclipse.m2e.jdt.internal.launch.MavenRuntimeClasspathProvider.enable(MavenRuntimeClasspathProvider.java:398)
	at org.eclipse.m2e.jdt.internal.launch.MavenRuntimeClasspathProvider.enable(MavenRuntimeClasspathProvider.java:427)
	at org.eclipse.m2e.jdt.internal.launch.MavenLaunchConfigurationListener.mavenProjectChanged(MavenLaunchConfigurationListener.java:132)
	at org.eclipse.m2e.core.internal.project.registry.ProjectRegistryManager.notifyProjectChangeListeners(ProjectRegistryManager.java:892)
	at org.eclipse.m2e.core.internal.project.registry.ProjectRegistryManager.applyMutableProjectRegistry(ProjectRegistryManager.java:1042)
	at org.eclipse.m2e.core.internal.project.registry.ProjectRegistryManager.refresh(ProjectRegistryManager.java:324)
	at org.eclipse.m2e.core.internal.project.ProjectConfigurationManager.updateProjectConfiguration0(ProjectConfigurationManager.java:388)
	at org.eclipse.m2e.core.internal.project.ProjectConfigurationManager.lambda$3(ProjectConfigurationManager.java:340)
	at org.eclipse.m2e.core.internal.embedder.MavenExecutionContext.executeBare(MavenExecutionContext.java:458)
	at org.eclipse.m2e.core.internal.embedder.MavenExecutionContext.execute(MavenExecutionContext.java:339)
	at org.eclipse.m2e.core.internal.embedder.MavenExecutionContext.execute(MavenExecutionContext.java:278)
	at org.eclipse.m2e.core.internal.embedder.MavenImpl.execute(MavenImpl.java:1053)
	at org.eclipse.m2e.core.internal.project.ProjectConfigurationManager.updateProjectConfiguration(ProjectConfigurationManager.java:339)
	at org.eclipse.m2e.core.ui.internal.project.MavenProjectConfigurator$UpdateMavenConfigurationJob.run(MavenProjectConfigurator.java:177)
	at org.eclipse.core.internal.jobs.Worker.run(Worker.java:63)
2025-08-07 19:49:49,254 [Worker-62: Update Maven projects configuration] INFO  o.e.m.j.i.AbstractJavaProjectConfigurator - Adding source folder /product-service/src/main/java
2025-08-07 19:49:49,255 [Worker-62: Update Maven projects configuration] INFO  o.e.m.j.i.AbstractJavaProjectConfigurator - Adding resource folder /product-service/src/main/resources
2025-08-07 19:49:49,260 [Worker-62: Update Maven projects configuration] INFO  o.e.m.j.i.AbstractJavaProjectConfigurator - Adding resource folder /product-service/src/main/resources
2025-08-07 19:49:49,265 [Worker-62: Update Maven projects configuration] INFO  o.e.m.j.i.AbstractJavaProjectConfigurator - Adding source folder /product-service/src/test/java
2025-08-07 19:49:49,265 [Worker-62: Update Maven projects configuration] INFO  o.e.m.j.i.AbstractJavaProjectConfigurator - Adding resource folder /product-service/src/test/resources
2025-08-07 19:49:49,823 [Worker-79: Building] INFO  o.a.m.s.f.DefaultMavenResourcesFiltering - Copying 1 resource from src\main\resources to target\classes
2025-08-07 19:49:49,852 [Worker-79: Building] INFO  o.a.m.s.f.DefaultMavenResourcesFiltering - Copying 0 resource from src\main\resources to target\classes
2025-08-07 19:49:49,858 [Worker-79: Building] INFO  o.a.m.s.f.DefaultMavenResourcesFiltering - skip non existing resourceDirectory C:\Users\laksh\Music\Microservices\Practice\product-service\src\test\resources
2025-08-07 19:49:50,817 [Worker-62: Update Maven projects configuration] INFO  o.e.m.c.i.p.ProjectConfigurationManager - Update completed for 1 poms: local refresh takes 0.00 sec, refresh facades takes 1.00 sec, update config takes 1.00 sec 
2025-08-07 19:49:51,303 [Worker-75: Building] INFO  o.a.m.s.f.DefaultMavenResourcesFiltering - Copying 1 resource from src\main\resources to target\classes
2025-08-07 19:49:51,305 [Worker-75: Building] INFO  o.a.m.s.f.DefaultMavenResourcesFiltering - Copying 0 resource from src\main\resources to target\classes
2025-08-07 19:49:51,307 [Worker-75: Building] INFO  o.a.m.s.f.DefaultMavenResourcesFiltering - skip non existing resourceDirectory C:\Users\laksh\Music\Microservices\Practice\product-service\src\test\resources
2025-08-07 19:51:31,965 [Worker-62: Building] INFO  o.a.m.s.f.DefaultMavenResourcesFiltering - Copying 1 resource from src\main\resources to target\classes
2025-08-07 19:51:31,973 [Worker-62: Building] INFO  o.a.m.s.f.DefaultMavenResourcesFiltering - Copying 0 resource from src\main\resources to target\classes
2025-08-07 19:51:31,977 [Worker-62: Building] INFO  o.a.m.s.f.DefaultMavenResourcesFiltering - skip non existing resourceDirectory C:\Users\laksh\Music\Microservices\Practice\product-service\src\test\resources
2025-08-07 19:52:43,370 [Worker-81: Building] INFO  o.a.m.s.f.DefaultMavenResourcesFiltering - Copying 1 resource from src\main\resources to target\classes
2025-08-07 19:52:43,378 [Worker-81: Building] INFO  o.a.m.s.f.DefaultMavenResourcesFiltering - Copying 0 resource from src\main\resources to target\classes
2025-08-07 19:52:43,381 [Worker-81: Building] INFO  o.a.m.s.f.DefaultMavenResourcesFiltering - skip non existing resourceDirectory C:\Users\laksh\Music\Microservices\Practice\product-service\src\test\resources
2025-08-07 19:55:36,496 [Worker-62: Update Maven projects configuration] INFO  o.e.m.c.i.p.ProjectConfigurationManager - Update started
2025-08-07 19:55:36,875 [Worker-62: Update Maven projects configuration] INFO  o.e.m.c.i.l.LifecycleMappingFactory - Using org.maven.ide.eclipse.wtp.WarLifecycleMapping lifecycle mapping for MavenProject: com.example:customer-service:0.0.1-SNAPSHOT @ C:\Users\laksh\Music\Microservices\Practice\customer-service\pom.xml.
2025-08-07 19:55:37,318 [Worker-62: Update Maven projects configuration] INFO  o.e.m.c.i.e.AbstractTransferListenerAdapter - Downloading https://repo.maven.apache.org/maven2/org/postgresql/postgresql/42.7.7/postgresql-42.7.7.pom
2025-08-07 19:55:37,329 [Worker-62: Update Maven projects configuration] INFO  o.e.m.c.i.e.AbstractTransferListenerAdapter - Downloaded https://repo.maven.apache.org/maven2/org/postgresql/postgresql/42.7.7/postgresql-42.7.7.pom
2025-08-07 19:55:37,354 [Worker-62: Update Maven projects configuration] INFO  o.e.m.c.i.e.AbstractTransferListenerAdapter - Downloading https://repo.maven.apache.org/maven2/org/checkerframework/checker-qual/3.49.3/checker-qual-3.49.3.pom
2025-08-07 19:55:37,361 [Worker-62: Update Maven projects configuration] INFO  o.e.m.c.i.e.AbstractTransferListenerAdapter - Downloaded https://repo.maven.apache.org/maven2/org/checkerframework/checker-qual/3.49.3/checker-qual-3.49.3.pom
2025-08-07 19:55:37,721 [Worker-62: Update Maven projects configuration] INFO  o.e.m.c.i.e.AbstractTransferListenerAdapter - Downloading https://repo.maven.apache.org/maven2/org/postgresql/postgresql/42.7.7/postgresql-42.7.7.jar
2025-08-07 19:55:37,855 [Worker-62: Update Maven projects configuration] INFO  o.e.m.c.i.e.AbstractTransferListenerAdapter - Downloaded https://repo.maven.apache.org/maven2/org/postgresql/postgresql/42.7.7/postgresql-42.7.7.jar
2025-08-07 19:55:37,889 [BasicRepositoryConnector-repo.maven.apache.org-1-0] INFO  o.e.m.c.i.e.AbstractTransferListenerAdapter - Downloading https://repo.maven.apache.org/maven2/org/checkerframework/checker-qual/3.49.3/checker-qual-3.49.3.jar
2025-08-07 19:55:38,092 [BasicRepositoryConnector-repo.maven.apache.org-1-0] INFO  o.e.m.c.i.e.AbstractTransferListenerAdapter - Downloaded https://repo.maven.apache.org/maven2/org/checkerframework/checker-qual/3.49.3/checker-qual-3.49.3.jar
2025-08-07 19:55:38,500 [Worker-62: Update Maven projects configuration] INFO  o.e.m.j.i.AbstractJavaProjectConfigurator - Adding source folder /customer-service/src/main/java
2025-08-07 19:55:38,501 [Worker-62: Update Maven projects configuration] INFO  o.e.m.j.i.AbstractJavaProjectConfigurator - Adding resource folder /customer-service/src/main/resources
2025-08-07 19:55:38,505 [Worker-62: Update Maven projects configuration] INFO  o.e.m.j.i.AbstractJavaProjectConfigurator - Adding resource folder /customer-service/src/main/resources
2025-08-07 19:55:38,512 [Worker-62: Update Maven projects configuration] INFO  o.e.m.j.i.AbstractJavaProjectConfigurator - Adding source folder /customer-service/src/test/java
2025-08-07 19:55:38,513 [Worker-62: Update Maven projects configuration] INFO  o.e.m.j.i.AbstractJavaProjectConfigurator - Adding resource folder /customer-service/src/test/resources
2025-08-07 19:55:39,087 [Worker-81: Building] INFO  o.a.m.s.f.DefaultMavenResourcesFiltering - Copying 1 resource from src\main\resources to target\classes
2025-08-07 19:55:39,113 [Worker-81: Building] INFO  o.a.m.s.f.DefaultMavenResourcesFiltering - Copying 0 resource from src\main\resources to target\classes
2025-08-07 19:55:39,117 [Worker-81: Building] INFO  o.a.m.s.f.DefaultMavenResourcesFiltering - skip non existing resourceDirectory C:\Users\laksh\Music\Microservices\Practice\customer-service\src\test\resources
2025-08-07 19:55:39,437 [Worker-81: Download sources and javadoc] INFO  o.e.m.c.i.e.AbstractTransferListenerAdapter - Downloading https://repo.maven.apache.org/maven2/org/postgresql/postgresql/42.7.7/postgresql-42.7.7-sources.jar
2025-08-07 19:55:39,535 [Worker-81: Download sources and javadoc] INFO  o.e.m.c.i.e.AbstractTransferListenerAdapter - Downloaded https://repo.maven.apache.org/maven2/org/postgresql/postgresql/42.7.7/postgresql-42.7.7-sources.jar
2025-08-07 19:55:39,539 [Worker-81: Download sources and javadoc] INFO  o.e.m.j.internal.DownloadSourcesJob - Downloaded sources for org.postgresql:postgresql:42.7.7
2025-08-07 19:55:39,582 [Worker-81: Download sources and javadoc] INFO  o.e.m.c.i.e.AbstractTransferListenerAdapter - Downloading https://repo.maven.apache.org/maven2/org/checkerframework/checker-qual/3.49.3/checker-qual-3.49.3-sources.jar
2025-08-07 19:55:39,651 [Worker-81: Download sources and javadoc] INFO  o.e.m.c.i.e.AbstractTransferListenerAdapter - Downloaded https://repo.maven.apache.org/maven2/org/checkerframework/checker-qual/3.49.3/checker-qual-3.49.3-sources.jar
2025-08-07 19:55:39,656 [Worker-81: Download sources and javadoc] INFO  o.e.m.j.internal.DownloadSourcesJob - Downloaded sources for org.checkerframework:checker-qual:3.49.3
2025-08-07 19:55:40,574 [Worker-62: Update Maven projects configuration] INFO  o.e.m.c.i.p.ProjectConfigurationManager - Update completed for 1 poms: local refresh takes 0.00 sec, refresh facades takes 1.00 sec, update config takes 2.00 sec 
2025-08-07 19:55:40,615 [Worker-68: Building] INFO  o.a.m.s.f.DefaultMavenResourcesFiltering - Copying 1 resource from src\main\resources to target\classes
2025-08-07 19:55:40,619 [Worker-68: Building] INFO  o.a.m.s.f.DefaultMavenResourcesFiltering - Copying 0 resource from src\main\resources to target\classes
2025-08-07 19:55:40,622 [Worker-68: Building] INFO  o.a.m.s.f.DefaultMavenResourcesFiltering - skip non existing resourceDirectory C:\Users\laksh\Music\Microservices\Practice\customer-service\src\test\resources
2025-08-07 19:55:40,831 [Worker-68: Building] INFO  o.a.m.s.f.DefaultMavenResourcesFiltering - Copying 0 resource from src\main\resources to target\classes
2025-08-07 19:55:40,831 [Worker-68: Building] INFO  o.a.m.s.f.DefaultMavenResourcesFiltering - Copying 0 resource from src\main\resources to target\classes
2025-08-07 19:55:40,833 [Worker-68: Building] INFO  o.a.m.s.f.DefaultMavenResourcesFiltering - skip non existing resourceDirectory C:\Users\laksh\Music\Microservices\Practice\customer-service\src\test\resources
2025-08-07 19:58:16,982 [Worker-82: Building] INFO  o.a.m.s.f.DefaultMavenResourcesFiltering - Copying 1 resource from src\main\resources to target\classes
2025-08-07 19:58:16,994 [Worker-82: Building] INFO  o.a.m.s.f.DefaultMavenResourcesFiltering - Copying 0 resource from src\main\resources to target\classes
2025-08-07 19:58:16,998 [Worker-82: Building] INFO  o.a.m.s.f.DefaultMavenResourcesFiltering - skip non existing resourceDirectory C:\Users\laksh\Music\Microservices\Practice\customer-service\src\test\resources
2025-08-07 19:59:26,026 [Worker-79: Building] INFO  o.a.m.s.f.DefaultMavenResourcesFiltering - Copying 1 resource from src\main\resources to target\classes
2025-08-07 19:59:26,038 [Worker-79: Building] INFO  o.a.m.s.f.DefaultMavenResourcesFiltering - Copying 0 resource from src\main\resources to target\classes
2025-08-07 19:59:26,041 [Worker-79: Building] INFO  o.a.m.s.f.DefaultMavenResourcesFiltering - skip non existing resourceDirectory C:\Users\laksh\Music\Microservices\Practice\customer-service\src\test\resources
2025-08-07 20:38:46,898 [Worker-86: Building] INFO  o.a.m.s.f.DefaultMavenResourcesFiltering - Copying 1 resource from src\main\resources to target\classes
2025-08-07 20:38:46,904 [Worker-86: Building] INFO  o.a.m.s.f.DefaultMavenResourcesFiltering - Copying 0 resource from src\main\resources to target\classes
2025-08-07 20:38:46,907 [Worker-86: Building] INFO  o.a.m.s.f.DefaultMavenResourcesFiltering - skip non existing resourceDirectory C:\Users\laksh\Music\Microservices\Practice\customer-service\src\test\resources
2025-08-07 20:41:03,258 [Worker-81: Cleaning selected projects] INFO  o.e.m.w.i.f.ResourceFilteringBuildParticipant - Cleaning filtered folder for customer-service
2025-08-07 20:41:03,541 [Worker-87: Building] INFO  o.a.m.s.f.DefaultMavenResourcesFiltering - Copying 1 resource from src\main\resources to target\classes
2025-08-07 20:41:03,543 [Worker-87: Building] INFO  o.a.m.s.f.DefaultMavenResourcesFiltering - Copying 0 resource from src\main\resources to target\classes
2025-08-07 20:41:03,546 [Worker-87: Building] INFO  o.a.m.s.f.DefaultMavenResourcesFiltering - skip non existing resourceDirectory C:\Users\laksh\Music\Microservices\Practice\customer-service\src\test\resources
2025-08-07 20:41:03,547 [Worker-87: Building] INFO  o.e.m.w.i.f.ResourceFilteringBuildParticipant - Changed resources require a complete clean of filtered resources of customer-service
2025-08-07 20:41:03,547 [Worker-87: Building] INFO  o.e.m.w.i.f.ResourceFilteringBuildParticipant - Executing resource filtering for customer-service
2025-08-08 21:39:04,319 [Worker-8: Loading available Gradle versions] INFO  o.e.b.c.i.u.g.PublishedGradleVersions - Gradle version information cache is out-of-date. Trying to update.
2025-08-08 21:43:34,418 [Worker-32: Update Maven projects configuration] INFO  o.e.m.c.i.p.ProjectConfigurationManager - Update started
2025-08-08 21:43:35,967 [Worker-32: Update Maven projects configuration] INFO  o.e.m.c.i.l.LifecycleMappingFactory - Using org.maven.ide.eclipse.wtp.WarLifecycleMapping lifecycle mapping for MavenProject: com.example:order-service:0.0.1-SNAPSHOT @ C:\Users\laksh\Music\Microservices\Ecommerce\order-service\pom.xml.
2025-08-08 21:43:38,779 [Worker-32: Update Maven projects configuration] INFO  o.e.m.j.i.AbstractJavaProjectConfigurator - Adding source folder /order-service/src/main/java
2025-08-08 21:43:38,783 [Worker-32: Update Maven projects configuration] INFO  o.e.m.j.i.AbstractJavaProjectConfigurator - Adding resource folder /order-service/src/main/resources
2025-08-08 21:43:38,794 [Worker-32: Update Maven projects configuration] INFO  o.e.m.j.i.AbstractJavaProjectConfigurator - Adding resource folder /order-service/src/main/resources
2025-08-08 21:43:38,807 [Worker-32: Update Maven projects configuration] INFO  o.e.m.j.i.AbstractJavaProjectConfigurator - Adding source folder /order-service/src/test/java
2025-08-08 21:43:38,810 [Worker-32: Update Maven projects configuration] INFO  o.e.m.j.i.AbstractJavaProjectConfigurator - Adding resource folder /order-service/src/test/resources
2025-08-08 21:43:40,896 [Worker-31: Building] INFO  o.a.m.s.f.DefaultMavenResourcesFiltering - Copying 1 resource from src\main\resources to target\classes
2025-08-08 21:43:40,927 [Worker-31: Building] INFO  o.a.m.s.f.DefaultMavenResourcesFiltering - Copying 0 resource from src\main\resources to target\classes
2025-08-08 21:43:40,935 [Worker-31: Building] INFO  o.a.m.s.f.DefaultMavenResourcesFiltering - skip non existing resourceDirectory C:\Users\laksh\Music\Microservices\Ecommerce\order-service\src\test\resources
2025-08-08 21:43:43,938 [Worker-31: Building] INFO  o.a.m.s.f.DefaultMavenResourcesFiltering - Copying 1 resource from src\main\resources to target\classes
2025-08-08 21:43:43,942 [Worker-31: Building] INFO  o.a.m.s.f.DefaultMavenResourcesFiltering - Copying 0 resource from src\main\resources to target\classes
2025-08-08 21:43:43,947 [Worker-31: Building] INFO  o.a.m.s.f.DefaultMavenResourcesFiltering - skip non existing resourceDirectory C:\Users\laksh\Music\Microservices\Ecommerce\order-service\src\test\resources
2025-08-08 21:43:44,336 [Worker-32: Update Maven projects configuration] INFO  o.e.m.c.i.p.ProjectConfigurationManager - Update completed for 1 poms: local refresh takes 0.00 sec, refresh facades takes 3.00 sec, update config takes 6.00 sec 
2025-08-08 21:47:14,140 [Worker-4: Loading available Gradle versions] INFO  o.e.b.c.i.u.g.PublishedGradleVersions - Gradle version information cache is up-to-date. Trying to read.
2025-08-08 21:47:47,424 [Worker-12: Cleaning selected projects] INFO  o.e.m.w.i.f.ResourceFilteringBuildParticipant - Cleaning filtered folder for order-service
2025-08-08 21:47:48,528 [Worker-25: Building] INFO  o.a.m.s.f.DefaultMavenResourcesFiltering - Copying 1 resource from src\main\resources to target\classes
2025-08-08 21:47:48,542 [Worker-25: Building] INFO  o.a.m.s.f.DefaultMavenResourcesFiltering - Copying 0 resource from src\main\resources to target\classes
2025-08-08 21:47:48,546 [Worker-25: Building] INFO  o.a.m.s.f.DefaultMavenResourcesFiltering - skip non existing resourceDirectory C:\Users\laksh\Music\Microservices\Ecommerce\order-service\src\test\resources
2025-08-08 21:47:48,547 [Worker-25: Building] INFO  o.e.m.w.i.f.ResourceFilteringBuildParticipant - Changed resources require a complete clean of filtered resources of order-service
2025-08-08 21:47:48,547 [Worker-25: Building] INFO  o.e.m.w.i.f.ResourceFilteringBuildParticipant - Executing resource filtering for order-service
2025-08-08 21:51:09,206 [Worker-12: Building] INFO  o.e.m.c.i.l.LifecycleMappingFactory - Using org.maven.ide.eclipse.wtp.WarLifecycleMapping lifecycle mapping for MavenProject: com.example:eureka-server:0.0.1-SNAPSHOT @ C:\Users\laksh\Music\Microservices\Ecommerce\eureka-server\pom.xml.
2025-08-08 21:51:10,057 [Worker-12: Building] INFO  o.a.m.s.f.DefaultMavenResourcesFiltering - Copying 1 resource from src\main\resources to target\classes
2025-08-08 21:51:10,078 [Worker-12: Building] INFO  o.a.m.s.f.DefaultMavenResourcesFiltering - Copying 0 resource from src\main\resources to target\classes
2025-08-08 21:51:10,109 [Worker-12: Building] INFO  o.a.m.s.f.DefaultMavenResourcesFiltering - skip non existing resourceDirectory C:\Users\laksh\Music\Microservices\Ecommerce\eureka-server\src\test\resources
2025-08-08 21:51:11,093 [Worker-14: Updating Maven Dependencies] INFO  o.e.m.c.i.l.LifecycleMappingFactory - Using org.maven.ide.eclipse.wtp.WarLifecycleMapping lifecycle mapping for MavenProject: com.example:eureka-server:0.0.1-SNAPSHOT @ C:\Users\laksh\Music\Microservices\Ecommerce\eureka-server\pom.xml.
2025-08-08 21:51:11,702 [Worker-12: Building] INFO  o.a.m.s.f.DefaultMavenResourcesFiltering - Copying 1 resource from src\main\resources to target\classes
2025-08-08 21:51:11,729 [Worker-12: Building] INFO  o.a.m.s.f.DefaultMavenResourcesFiltering - Copying 0 resource from src\main\resources to target\classes
2025-08-08 21:51:11,738 [Worker-12: Building] INFO  o.a.m.s.f.DefaultMavenResourcesFiltering - skip non existing resourceDirectory C:\Users\laksh\Music\Microservices\Ecommerce\eureka-server\src\test\resources
2025-08-08 21:51:39,709 [Worker-30: Building] INFO  o.e.m.c.i.l.LifecycleMappingFactory - Using org.maven.ide.eclipse.wtp.WarLifecycleMapping lifecycle mapping for MavenProject: com.example:api-gateway:0.0.1-SNAPSHOT @ C:\Users\laksh\Music\Microservices\Ecommerce\api-gateway\pom.xml.
2025-08-08 21:51:40,387 [Worker-30: Building] INFO  o.a.m.s.f.DefaultMavenResourcesFiltering - Copying 1 resource from src\main\resources to target\classes
2025-08-08 21:51:40,404 [Worker-30: Building] INFO  o.a.m.s.f.DefaultMavenResourcesFiltering - Copying 0 resource from src\main\resources to target\classes
2025-08-08 21:51:40,409 [Worker-30: Building] INFO  o.a.m.s.f.DefaultMavenResourcesFiltering - skip non existing resourceDirectory C:\Users\laksh\Music\Microservices\Ecommerce\api-gateway\src\test\resources
2025-08-08 21:51:42,369 [Worker-7: Updating Maven Dependencies] INFO  o.e.m.c.i.l.LifecycleMappingFactory - Using org.maven.ide.eclipse.wtp.WarLifecycleMapping lifecycle mapping for MavenProject: com.example:api-gateway:0.0.1-SNAPSHOT @ C:\Users\laksh\Music\Microservices\Ecommerce\api-gateway\pom.xml.
2025-08-08 21:51:42,459 [Worker-33: Building] INFO  o.a.m.s.f.DefaultMavenResourcesFiltering - Copying 1 resource from src\main\resources to target\classes
2025-08-08 21:51:42,481 [Worker-33: Building] INFO  o.a.m.s.f.DefaultMavenResourcesFiltering - Copying 0 resource from src\main\resources to target\classes
2025-08-08 21:51:42,487 [Worker-33: Building] INFO  o.a.m.s.f.DefaultMavenResourcesFiltering - skip non existing resourceDirectory C:\Users\laksh\Music\Microservices\Ecommerce\api-gateway\src\test\resources
2025-08-08 21:51:42,487 [Worker-33: Building] INFO  o.e.m.w.i.f.ResourceFilteringBuildParticipant - Changed resources require a complete clean of filtered resources of api-gateway
2025-08-08 21:51:42,487 [Worker-33: Building] INFO  o.e.m.w.i.f.ResourceFilteringBuildParticipant - Executing resource filtering for api-gateway
2025-08-08 21:52:19,531 [Worker-12: Building] INFO  o.e.m.c.i.l.LifecycleMappingFactory - Using org.maven.ide.eclipse.wtp.WarLifecycleMapping lifecycle mapping for MavenProject: com.example:product-service:0.0.1-SNAPSHOT @ C:\Users\laksh\Music\Microservices\Ecommerce\product-service\pom.xml.
2025-08-08 21:52:20,097 [Worker-12: Building] INFO  o.a.m.s.f.DefaultMavenResourcesFiltering - Copying 1 resource from src\main\resources to target\classes
2025-08-08 21:52:20,113 [Worker-12: Building] INFO  o.a.m.s.f.DefaultMavenResourcesFiltering - Copying 0 resource from src\main\resources to target\classes
2025-08-08 21:52:20,118 [Worker-12: Building] INFO  o.a.m.s.f.DefaultMavenResourcesFiltering - skip non existing resourceDirectory C:\Users\laksh\Music\Microservices\Ecommerce\product-service\src\test\resources
2025-08-08 21:52:20,870 [Worker-32: Updating Maven Dependencies] INFO  o.e.m.c.i.l.LifecycleMappingFactory - Using org.maven.ide.eclipse.wtp.WarLifecycleMapping lifecycle mapping for MavenProject: com.example:product-service:0.0.1-SNAPSHOT @ C:\Users\laksh\Music\Microservices\Ecommerce\product-service\pom.xml.
2025-08-08 21:52:22,020 [Worker-14: Building] INFO  o.a.m.s.f.DefaultMavenResourcesFiltering - Copying 1 resource from src\main\resources to target\classes
2025-08-08 21:52:22,040 [Worker-14: Building] INFO  o.a.m.s.f.DefaultMavenResourcesFiltering - Copying 0 resource from src\main\resources to target\classes
2025-08-08 21:52:22,045 [Worker-14: Building] INFO  o.a.m.s.f.DefaultMavenResourcesFiltering - skip non existing resourceDirectory C:\Users\laksh\Music\Microservices\Ecommerce\product-service\src\test\resources
2025-08-08 21:52:47,189 [Worker-30: Building] INFO  o.e.m.c.i.l.LifecycleMappingFactory - Using org.maven.ide.eclipse.wtp.WarLifecycleMapping lifecycle mapping for MavenProject: com.example:customer-service:0.0.1-SNAPSHOT @ C:\Users\laksh\Music\Microservices\Ecommerce\customer-service\pom.xml.
2025-08-08 21:52:47,745 [Worker-30: Building] INFO  o.a.m.s.f.DefaultMavenResourcesFiltering - Copying 1 resource from src\main\resources to target\classes
2025-08-08 21:52:47,760 [Worker-30: Building] INFO  o.a.m.s.f.DefaultMavenResourcesFiltering - Copying 0 resource from src\main\resources to target\classes
2025-08-08 21:52:47,765 [Worker-30: Building] INFO  o.a.m.s.f.DefaultMavenResourcesFiltering - skip non existing resourceDirectory C:\Users\laksh\Music\Microservices\Ecommerce\customer-service\src\test\resources
2025-08-08 21:52:48,410 [Worker-17: Building] INFO  o.a.m.s.f.DefaultMavenResourcesFiltering - Copying 1 resource from src\main\resources to target\classes
2025-08-08 21:52:48,413 [Worker-17: Building] INFO  o.a.m.s.f.DefaultMavenResourcesFiltering - Copying 0 resource from src\main\resources to target\classes
2025-08-08 21:52:48,417 [Worker-17: Building] INFO  o.a.m.s.f.DefaultMavenResourcesFiltering - skip non existing resourceDirectory C:\Users\laksh\Music\Microservices\Ecommerce\customer-service\src\test\resources
2025-08-08 21:52:48,418 [Worker-17: Building] INFO  o.e.m.w.i.f.ResourceFilteringBuildParticipant - Changed resources require a complete clean of filtered resources of customer-service
2025-08-08 21:52:48,418 [Worker-17: Building] INFO  o.e.m.w.i.f.ResourceFilteringBuildParticipant - Executing resource filtering for customer-service
2025-08-08 21:52:48,892 [Worker-32: Updating Maven Dependencies] INFO  o.e.m.c.i.l.LifecycleMappingFactory - Using org.maven.ide.eclipse.wtp.WarLifecycleMapping lifecycle mapping for MavenProject: com.example:customer-service:0.0.1-SNAPSHOT @ C:\Users\laksh\Music\Microservices\Ecommerce\customer-service\pom.xml.
2025-08-09 09:53:34,047 [Worker-1: Loading available Gradle versions] INFO  o.e.b.c.i.u.g.PublishedGradleVersions - Gradle version information cache is up-to-date. Trying to read.
2025-08-09 09:54:02,915 [Worker-8: Update Maven projects configuration] INFO  o.e.m.c.i.p.ProjectConfigurationManager - Update started
2025-08-09 09:54:04,648 [Worker-8: Update Maven projects configuration] INFO  o.e.m.c.i.l.LifecycleMappingFactory - Using org.maven.ide.eclipse.wtp.WarLifecycleMapping lifecycle mapping for MavenProject: com.example:payment-service:0.0.1-SNAPSHOT @ C:\Users\laksh\Music\Microservices\Ecommerce\payment-service\pom.xml.
2025-08-09 09:54:05,335 [Worker-8: Update Maven projects configuration] INFO  o.e.m.c.i.e.AbstractTransferListenerAdapter - Downloading https://repo.maven.apache.org/maven2/org/springframework/boot/spring-boot-starter-data-mongodb/3.5.4/spring-boot-starter-data-mongodb-3.5.4.pom
2025-08-09 09:54:05,347 [Worker-8: Update Maven projects configuration] INFO  o.e.m.c.i.e.AbstractTransferListenerAdapter - Downloaded https://repo.maven.apache.org/maven2/org/springframework/boot/spring-boot-starter-data-mongodb/3.5.4/spring-boot-starter-data-mongodb-3.5.4.pom
2025-08-09 09:54:05,376 [Worker-8: Update Maven projects configuration] INFO  o.e.m.c.i.e.AbstractTransferListenerAdapter - Downloading https://repo.maven.apache.org/maven2/org/mongodb/mongodb-driver-sync/5.5.1/mongodb-driver-sync-5.5.1.pom
2025-08-09 09:54:05,382 [Worker-8: Update Maven projects configuration] INFO  o.e.m.c.i.e.AbstractTransferListenerAdapter - Downloaded https://repo.maven.apache.org/maven2/org/mongodb/mongodb-driver-sync/5.5.1/mongodb-driver-sync-5.5.1.pom
2025-08-09 09:54:05,405 [Worker-8: Update Maven projects configuration] INFO  o.e.m.c.i.e.AbstractTransferListenerAdapter - Downloading https://repo.maven.apache.org/maven2/org/mongodb/bson/5.5.1/bson-5.5.1.pom
2025-08-09 09:54:05,410 [Worker-8: Update Maven projects configuration] INFO  o.e.m.c.i.e.AbstractTransferListenerAdapter - Downloaded https://repo.maven.apache.org/maven2/org/mongodb/bson/5.5.1/bson-5.5.1.pom
2025-08-09 09:54:05,431 [Worker-8: Update Maven projects configuration] INFO  o.e.m.c.i.e.AbstractTransferListenerAdapter - Downloading https://repo.maven.apache.org/maven2/org/mongodb/mongodb-driver-core/5.5.1/mongodb-driver-core-5.5.1.pom
2025-08-09 09:54:05,437 [Worker-8: Update Maven projects configuration] INFO  o.e.m.c.i.e.AbstractTransferListenerAdapter - Downloaded https://repo.maven.apache.org/maven2/org/mongodb/mongodb-driver-core/5.5.1/mongodb-driver-core-5.5.1.pom
2025-08-09 09:54:05,460 [Worker-8: Update Maven projects configuration] INFO  o.e.m.c.i.e.AbstractTransferListenerAdapter - Downloading https://repo.maven.apache.org/maven2/io/netty/netty-bom/4.1.87.Final/netty-bom-4.1.87.Final.pom
2025-08-09 09:54:05,467 [Worker-8: Update Maven projects configuration] INFO  o.e.m.c.i.e.AbstractTransferListenerAdapter - Downloaded https://repo.maven.apache.org/maven2/io/netty/netty-bom/4.1.87.Final/netty-bom-4.1.87.Final.pom
2025-08-09 09:54:05,498 [Worker-8: Update Maven projects configuration] INFO  o.e.m.c.i.e.AbstractTransferListenerAdapter - Downloading https://repo.maven.apache.org/maven2/org/mongodb/bson-record-codec/5.5.1/bson-record-codec-5.5.1.pom
2025-08-09 09:54:05,503 [Worker-8: Update Maven projects configuration] INFO  o.e.m.c.i.e.AbstractTransferListenerAdapter - Downloaded https://repo.maven.apache.org/maven2/org/mongodb/bson-record-codec/5.5.1/bson-record-codec-5.5.1.pom
2025-08-09 09:54:05,524 [Worker-8: Update Maven projects configuration] INFO  o.e.m.c.i.e.AbstractTransferListenerAdapter - Downloading https://repo.maven.apache.org/maven2/org/springframework/data/spring-data-mongodb/4.5.2/spring-data-mongodb-4.5.2.pom
2025-08-09 09:54:05,531 [Worker-8: Update Maven projects configuration] INFO  o.e.m.c.i.e.AbstractTransferListenerAdapter - Downloaded https://repo.maven.apache.org/maven2/org/springframework/data/spring-data-mongodb/4.5.2/spring-data-mongodb-4.5.2.pom
2025-08-09 09:54:05,553 [Worker-8: Update Maven projects configuration] INFO  o.e.m.c.i.e.AbstractTransferListenerAdapter - Downloading https://repo.maven.apache.org/maven2/org/springframework/data/spring-data-mongodb-parent/4.5.2/spring-data-mongodb-parent-4.5.2.pom
2025-08-09 09:54:05,558 [Worker-8: Update Maven projects configuration] INFO  o.e.m.c.i.e.AbstractTransferListenerAdapter - Downloaded https://repo.maven.apache.org/maven2/org/springframework/data/spring-data-mongodb-parent/4.5.2/spring-data-mongodb-parent-4.5.2.pom
2025-08-09 09:54:06,369 [Worker-8: Update Maven projects configuration] INFO  o.e.m.c.i.e.AbstractTransferListenerAdapter - Downloading https://repo.maven.apache.org/maven2/org/springframework/boot/spring-boot-starter-data-mongodb/3.5.4/spring-boot-starter-data-mongodb-3.5.4.jar
2025-08-09 09:54:06,376 [Worker-8: Update Maven projects configuration] INFO  o.e.m.c.i.e.AbstractTransferListenerAdapter - Downloaded https://repo.maven.apache.org/maven2/org/springframework/boot/spring-boot-starter-data-mongodb/3.5.4/spring-boot-starter-data-mongodb-3.5.4.jar
2025-08-09 09:54:06,394 [BasicRepositoryConnector-repo.maven.apache.org-0-2] INFO  o.e.m.c.i.e.AbstractTransferListenerAdapter - Downloading https://repo.maven.apache.org/maven2/org/mongodb/mongodb-driver-core/5.5.1/mongodb-driver-core-5.5.1.jar
2025-08-09 09:54:06,438 [BasicRepositoryConnector-repo.maven.apache.org-0-0] INFO  o.e.m.c.i.e.AbstractTransferListenerAdapter - Downloading https://repo.maven.apache.org/maven2/org/mongodb/mongodb-driver-sync/5.5.1/mongodb-driver-sync-5.5.1.jar
2025-08-09 09:54:06,455 [BasicRepositoryConnector-repo.maven.apache.org-0-1] INFO  o.e.m.c.i.e.AbstractTransferListenerAdapter - Downloading https://repo.maven.apache.org/maven2/org/mongodb/bson/5.5.1/bson-5.5.1.jar
2025-08-09 09:54:06,455 [BasicRepositoryConnector-repo.maven.apache.org-0-4] INFO  o.e.m.c.i.e.AbstractTransferListenerAdapter - Downloading https://repo.maven.apache.org/maven2/org/springframework/data/spring-data-mongodb/4.5.2/spring-data-mongodb-4.5.2.jar
2025-08-09 09:54:06,456 [BasicRepositoryConnector-repo.maven.apache.org-0-3] INFO  o.e.m.c.i.e.AbstractTransferListenerAdapter - Downloading https://repo.maven.apache.org/maven2/org/mongodb/bson-record-codec/5.5.1/bson-record-codec-5.5.1.jar
2025-08-09 09:54:06,473 [BasicRepositoryConnector-repo.maven.apache.org-0-3] INFO  o.e.m.c.i.e.AbstractTransferListenerAdapter - Downloaded https://repo.maven.apache.org/maven2/org/mongodb/bson-record-codec/5.5.1/bson-record-codec-5.5.1.jar
2025-08-09 09:54:06,494 [BasicRepositoryConnector-repo.maven.apache.org-0-0] INFO  o.e.m.c.i.e.AbstractTransferListenerAdapter - Downloaded https://repo.maven.apache.org/maven2/org/mongodb/mongodb-driver-sync/5.5.1/mongodb-driver-sync-5.5.1.jar
2025-08-09 09:54:06,551 [BasicRepositoryConnector-repo.maven.apache.org-0-2] INFO  o.e.m.c.i.e.AbstractTransferListenerAdapter - Downloaded https://repo.maven.apache.org/maven2/org/mongodb/mongodb-driver-core/5.5.1/mongodb-driver-core-5.5.1.jar
2025-08-09 09:54:06,593 [BasicRepositoryConnector-repo.maven.apache.org-0-1] INFO  o.e.m.c.i.e.AbstractTransferListenerAdapter - Downloaded https://repo.maven.apache.org/maven2/org/mongodb/bson/5.5.1/bson-5.5.1.jar
2025-08-09 09:54:06,750 [BasicRepositoryConnector-repo.maven.apache.org-0-4] INFO  o.e.m.c.i.e.AbstractTransferListenerAdapter - Downloaded https://repo.maven.apache.org/maven2/org/springframework/data/spring-data-mongodb/4.5.2/spring-data-mongodb-4.5.2.jar
2025-08-09 09:54:07,717 [Worker-8: Update Maven projects configuration] INFO  o.e.m.c.i.l.LifecycleMappingFactory - Using org.maven.ide.eclipse.wtp.WarLifecycleMapping lifecycle mapping for MavenProject: com.example:order-service:0.0.1-SNAPSHOT @ C:\Users\laksh\Music\Microservices\Ecommerce\order-service\pom.xml.
2025-08-09 09:54:09,061 [Worker-8: Update Maven projects configuration] INFO  o.e.m.c.i.l.LifecycleMappingFactory - Using org.maven.ide.eclipse.wtp.WarLifecycleMapping lifecycle mapping for MavenProject: com.example:eureka-server:0.0.1-SNAPSHOT @ C:\Users\laksh\Music\Microservices\Ecommerce\eureka-server\pom.xml.
2025-08-09 09:54:10,287 [Worker-8: Update Maven projects configuration] INFO  o.e.m.c.i.l.LifecycleMappingFactory - Using org.maven.ide.eclipse.wtp.WarLifecycleMapping lifecycle mapping for MavenProject: com.example:api-gateway:0.0.1-SNAPSHOT @ C:\Users\laksh\Music\Microservices\Ecommerce\api-gateway\pom.xml.
2025-08-09 09:54:11,227 [Worker-8: Update Maven projects configuration] INFO  o.e.m.c.i.l.LifecycleMappingFactory - Using org.maven.ide.eclipse.wtp.WarLifecycleMapping lifecycle mapping for MavenProject: com.example:product-service:0.0.1-SNAPSHOT @ C:\Users\laksh\Music\Microservices\Ecommerce\product-service\pom.xml.
2025-08-09 09:54:12,099 [Worker-8: Update Maven projects configuration] INFO  o.e.m.c.i.l.LifecycleMappingFactory - Using org.maven.ide.eclipse.wtp.WarLifecycleMapping lifecycle mapping for MavenProject: com.example:customer-service:0.0.1-SNAPSHOT @ C:\Users\laksh\Music\Microservices\Ecommerce\customer-service\pom.xml.
2025-08-09 09:54:16,152 [Worker-3: Download sources and javadoc] INFO  o.e.m.c.i.e.AbstractTransferListenerAdapter - Downloading https://repo.maven.apache.org/maven2/org/springframework/boot/spring-boot-starter-data-mongodb/3.5.4/spring-boot-starter-data-mongodb-3.5.4-sources.jar
2025-08-09 09:54:16,156 [Worker-3: Download sources and javadoc] INFO  o.e.m.c.i.e.AbstractTransferListenerAdapter - Downloaded https://repo.maven.apache.org/maven2/org/springframework/boot/spring-boot-starter-data-mongodb/3.5.4/spring-boot-starter-data-mongodb-3.5.4-sources.jar
2025-08-09 09:54:16,166 [Worker-3: Download sources and javadoc] INFO  o.e.m.j.internal.DownloadSourcesJob - Downloaded sources for org.springframework.boot:spring-boot-starter-data-mongodb:3.5.4
2025-08-09 09:54:16,362 [Worker-8: Update Maven projects configuration] INFO  o.e.m.j.i.AbstractJavaProjectConfigurator - Adding source folder /payment-service/src/main/java
2025-08-09 09:54:16,365 [Worker-3: Download sources and javadoc] INFO  o.e.m.c.i.e.AbstractTransferListenerAdapter - Downloading https://repo.maven.apache.org/maven2/org/mongodb/mongodb-driver-sync/5.5.1/mongodb-driver-sync-5.5.1-sources.jar
2025-08-09 09:54:16,367 [Worker-8: Update Maven projects configuration] INFO  o.e.m.j.i.AbstractJavaProjectConfigurator - Adding resource folder /payment-service/src/main/resources
2025-08-09 09:54:16,402 [Worker-8: Update Maven projects configuration] INFO  o.e.m.j.i.AbstractJavaProjectConfigurator - Adding resource folder /payment-service/src/main/resources
2025-08-09 09:54:16,413 [Worker-8: Update Maven projects configuration] INFO  o.e.m.j.i.AbstractJavaProjectConfigurator - Adding source folder /payment-service/src/test/java
2025-08-09 09:54:16,416 [Worker-8: Update Maven projects configuration] INFO  o.e.m.j.i.AbstractJavaProjectConfigurator - Adding resource folder /payment-service/src/test/resources
2025-08-09 09:54:16,518 [Worker-3: Download sources and javadoc] INFO  o.e.m.c.i.e.AbstractTransferListenerAdapter - Downloaded https://repo.maven.apache.org/maven2/org/mongodb/mongodb-driver-sync/5.5.1/mongodb-driver-sync-5.5.1-sources.jar
2025-08-09 09:54:16,525 [Worker-3: Download sources and javadoc] INFO  o.e.m.j.internal.DownloadSourcesJob - Downloaded sources for org.mongodb:mongodb-driver-sync:5.5.1
2025-08-09 09:54:16,584 [Worker-3: Download sources and javadoc] INFO  o.e.m.c.i.e.AbstractTransferListenerAdapter - Downloading https://repo.maven.apache.org/maven2/org/mongodb/bson/5.5.1/bson-5.5.1-sources.jar
2025-08-09 09:54:16,642 [Worker-3: Download sources and javadoc] INFO  o.e.m.c.i.e.AbstractTransferListenerAdapter - Downloaded https://repo.maven.apache.org/maven2/org/mongodb/bson/5.5.1/bson-5.5.1-sources.jar
2025-08-09 09:54:16,645 [Worker-3: Download sources and javadoc] INFO  o.e.m.j.internal.DownloadSourcesJob - Downloaded sources for org.mongodb:bson:5.5.1
2025-08-09 09:54:16,708 [Worker-3: Download sources and javadoc] INFO  o.e.m.c.i.e.AbstractTransferListenerAdapter - Downloading https://repo.maven.apache.org/maven2/org/mongodb/mongodb-driver-core/5.5.1/mongodb-driver-core-5.5.1-sources.jar
2025-08-09 09:54:16,801 [Worker-3: Download sources and javadoc] INFO  o.e.m.c.i.e.AbstractTransferListenerAdapter - Downloaded https://repo.maven.apache.org/maven2/org/mongodb/mongodb-driver-core/5.5.1/mongodb-driver-core-5.5.1-sources.jar
2025-08-09 09:54:16,807 [Worker-3: Download sources and javadoc] INFO  o.e.m.j.internal.DownloadSourcesJob - Downloaded sources for org.mongodb:mongodb-driver-core:5.5.1
2025-08-09 09:54:16,881 [Worker-3: Download sources and javadoc] INFO  o.e.m.c.i.e.AbstractTransferListenerAdapter - Downloading https://repo.maven.apache.org/maven2/org/mongodb/bson-record-codec/5.5.1/bson-record-codec-5.5.1-sources.jar
2025-08-09 09:54:16,887 [Worker-3: Download sources and javadoc] INFO  o.e.m.c.i.e.AbstractTransferListenerAdapter - Downloaded https://repo.maven.apache.org/maven2/org/mongodb/bson-record-codec/5.5.1/bson-record-codec-5.5.1-sources.jar
2025-08-09 09:54:16,894 [Worker-3: Download sources and javadoc] INFO  o.e.m.j.internal.DownloadSourcesJob - Downloaded sources for org.mongodb:bson-record-codec:5.5.1
2025-08-09 09:54:16,957 [Worker-3: Download sources and javadoc] INFO  o.e.m.c.i.e.AbstractTransferListenerAdapter - Downloading https://repo.maven.apache.org/maven2/org/springframework/data/spring-data-mongodb/4.5.2/spring-data-mongodb-4.5.2-sources.jar
2025-08-09 09:54:17,042 [Worker-3: Download sources and javadoc] INFO  o.e.m.c.i.e.AbstractTransferListenerAdapter - Downloaded https://repo.maven.apache.org/maven2/org/springframework/data/spring-data-mongodb/4.5.2/spring-data-mongodb-4.5.2-sources.jar
2025-08-09 09:54:17,045 [Worker-3: Download sources and javadoc] INFO  o.e.m.j.internal.DownloadSourcesJob - Downloaded sources for org.springframework.data:spring-data-mongodb:4.5.2
2025-08-09 09:54:20,239 [Worker-8: Update Maven projects configuration] INFO  o.e.m.c.i.p.ProjectConfigurationManager - Update completed for 1 poms: local refresh takes 0.00 sec, refresh facades takes 12.00 sec, update config takes 4.00 sec 
2025-08-09 09:54:20,695 [Worker-20: Building] INFO  o.a.m.s.f.DefaultMavenResourcesFiltering - Copying 1 resource from src\main\resources to target\classes
2025-08-09 09:54:20,737 [Worker-20: Building] INFO  o.a.m.s.f.DefaultMavenResourcesFiltering - Copying 0 resource from src\main\resources to target\classes
2025-08-09 09:54:20,744 [Worker-20: Building] INFO  o.a.m.s.f.DefaultMavenResourcesFiltering - skip non existing resourceDirectory C:\Users\laksh\Music\Microservices\Ecommerce\payment-service\src\test\resources
2025-08-09 10:03:14,854 [Worker-34: Building] INFO  o.a.m.s.f.DefaultMavenResourcesFiltering - Copying 1 resource from src\main\resources to target\classes
2025-08-09 10:03:14,863 [Worker-34: Building] INFO  o.a.m.s.f.DefaultMavenResourcesFiltering - Copying 0 resource from src\main\resources to target\classes
2025-08-09 10:03:14,865 [Worker-34: Building] INFO  o.a.m.s.f.DefaultMavenResourcesFiltering - skip non existing resourceDirectory C:\Users\laksh\Music\Microservices\Ecommerce\payment-service\src\test\resources
2025-08-09 10:03:48,052 [Worker-34: Building] INFO  o.a.m.s.f.DefaultMavenResourcesFiltering - Copying 1 resource from src\main\resources to target\classes
2025-08-09 10:03:48,073 [Worker-34: Building] INFO  o.a.m.s.f.DefaultMavenResourcesFiltering - Copying 0 resource from src\main\resources to target\classes
2025-08-09 10:03:48,083 [Worker-34: Building] INFO  o.a.m.s.f.DefaultMavenResourcesFiltering - skip non existing resourceDirectory C:\Users\laksh\Music\Microservices\Ecommerce\payment-service\src\test\resources
2025-08-09 10:07:14,450 [Worker-37: Building] INFO  o.a.m.s.f.DefaultMavenResourcesFiltering - Copying 1 resource from src\main\resources to target\classes
2025-08-09 10:07:14,467 [Worker-37: Building] INFO  o.a.m.s.f.DefaultMavenResourcesFiltering - Copying 0 resource from src\main\resources to target\classes
2025-08-09 10:07:14,478 [Worker-37: Building] INFO  o.a.m.s.f.DefaultMavenResourcesFiltering - skip non existing resourceDirectory C:\Users\laksh\Music\Microservices\Ecommerce\payment-service\src\test\resources
2025-08-09 10:07:36,865 [Worker-40: Building] INFO  o.a.m.s.f.DefaultMavenResourcesFiltering - Copying 1 resource from src\main\resources to target\classes
2025-08-09 10:07:36,877 [Worker-40: Building] INFO  o.a.m.s.f.DefaultMavenResourcesFiltering - Copying 0 resource from src\main\resources to target\classes
2025-08-09 10:07:36,882 [Worker-40: Building] INFO  o.a.m.s.f.DefaultMavenResourcesFiltering - skip non existing resourceDirectory C:\Users\laksh\Music\Microservices\Ecommerce\payment-service\src\test\resources
2025-08-09 10:12:17,328 [Worker-42: Building] INFO  o.a.m.s.f.DefaultMavenResourcesFiltering - Copying 1 resource from src\main\resources to target\classes
2025-08-09 10:12:17,337 [Worker-42: Building] INFO  o.a.m.s.f.DefaultMavenResourcesFiltering - Copying 0 resource from src\main\resources to target\classes
2025-08-09 10:12:17,341 [Worker-42: Building] INFO  o.a.m.s.f.DefaultMavenResourcesFiltering - skip non existing resourceDirectory C:\Users\laksh\Music\Microservices\Ecommerce\payment-service\src\test\resources
2025-08-09 10:13:49,058 [Worker-41: Building] INFO  o.a.m.s.f.DefaultMavenResourcesFiltering - Copying 1 resource from src\main\resources to target\classes
2025-08-09 10:13:49,071 [Worker-41: Building] INFO  o.a.m.s.f.DefaultMavenResourcesFiltering - Copying 0 resource from src\main\resources to target\classes
2025-08-09 10:13:49,076 [Worker-41: Building] INFO  o.a.m.s.f.DefaultMavenResourcesFiltering - skip non existing resourceDirectory C:\Users\laksh\Music\Microservices\Ecommerce\payment-service\src\test\resources
2025-08-09 10:18:03,194 [Worker-45: Building] INFO  o.a.m.s.f.DefaultMavenResourcesFiltering - Copying 1 resource from src\main\resources to target\classes
2025-08-09 10:18:03,204 [Worker-45: Building] INFO  o.a.m.s.f.DefaultMavenResourcesFiltering - Copying 0 resource from src\main\resources to target\classes
2025-08-09 10:18:03,208 [Worker-45: Building] INFO  o.a.m.s.f.DefaultMavenResourcesFiltering - skip non existing resourceDirectory C:\Users\laksh\Music\Microservices\Ecommerce\payment-service\src\test\resources
2025-08-09 10:18:11,513 [Worker-43: Building] INFO  o.a.m.s.f.DefaultMavenResourcesFiltering - Copying 1 resource from src\main\resources to target\classes
2025-08-09 10:18:11,527 [Worker-43: Building] INFO  o.a.m.s.f.DefaultMavenResourcesFiltering - Copying 0 resource from src\main\resources to target\classes
2025-08-09 10:18:11,532 [Worker-43: Building] INFO  o.a.m.s.f.DefaultMavenResourcesFiltering - skip non existing resourceDirectory C:\Users\laksh\Music\Microservices\Ecommerce\payment-service\src\test\resources
2025-08-09 10:18:38,678 [Worker-47: Building] INFO  o.a.m.s.f.DefaultMavenResourcesFiltering - Copying 1 resource from src\main\resources to target\classes
2025-08-09 10:18:38,685 [Worker-47: Building] INFO  o.a.m.s.f.DefaultMavenResourcesFiltering - Copying 0 resource from src\main\resources to target\classes
2025-08-09 10:18:38,688 [Worker-47: Building] INFO  o.a.m.s.f.DefaultMavenResourcesFiltering - skip non existing resourceDirectory C:\Users\laksh\Music\Microservices\Ecommerce\payment-service\src\test\resources
2025-08-09 12:35:58,775 [Worker-7: Loading available Gradle versions] INFO  o.e.b.c.i.u.g.PublishedGradleVersions - Gradle version information cache is up-to-date. Trying to read.
2025-08-09 12:36:34,636 [Worker-10: Building] INFO  o.a.m.s.f.DefaultMavenResourcesFiltering - Copying 1 resource from src\main\resources to target\classes
2025-08-09 12:36:34,743 [Worker-10: Building] INFO  o.a.m.s.f.DefaultMavenResourcesFiltering - Copying 0 resource from src\main\resources to target\classes
2025-08-09 12:36:34,767 [Worker-10: Building] INFO  o.a.m.s.f.DefaultMavenResourcesFiltering - skip non existing resourceDirectory C:\Users\laksh\Music\Microservices\Ecommerce\api-gateway\src\test\resources
2025-08-09 12:36:42,472 [Worker-29: Updating Maven Dependencies] ERROR o.e.m.j.i.l.MavenLaunchConfigurationListener - Launch configuration ProductServiceApplication (1) references non-existing project product-service.
org.eclipse.core.runtime.CoreException: Launch configuration ProductServiceApplication (1) references non-existing project product-service.
	at org.eclipse.jdt.launching.JavaRuntime.abort(JavaRuntime.java:1867)
	at org.eclipse.jdt.launching.JavaRuntime.getJavaProject(JavaRuntime.java:1744)
	at org.eclipse.m2e.jdt.internal.launch.MavenLaunchConfigurationListener.updateLaunchConfiguration(MavenLaunchConfigurationListener.java:64)
	at org.eclipse.m2e.jdt.internal.launch.MavenLaunchConfigurationListener.launchConfigurationChanged(MavenLaunchConfigurationListener.java:50)
	at org.eclipse.debug.internal.core.LaunchManager$ConfigurationNotifier.run(LaunchManager.java:220)
	at org.eclipse.core.runtime.SafeRunner.run(SafeRunner.java:47)
	at org.eclipse.debug.internal.core.LaunchManager$ConfigurationNotifier.notify(LaunchManager.java:204)
	at org.eclipse.debug.internal.core.LaunchConfigurationWorkingCopy.setDirty(LaunchConfigurationWorkingCopy.java:527)
	at org.eclipse.debug.internal.core.LaunchConfigurationWorkingCopy.setAttribute(LaunchConfigurationWorkingCopy.java:415)
	at org.eclipse.m2e.jdt.internal.launch.MavenRuntimeClasspathProvider.disable(MavenRuntimeClasspathProvider.java:409)
	at org.eclipse.m2e.jdt.internal.launch.MavenRuntimeClasspathProvider.disable(MavenRuntimeClasspathProvider.java:435)
	at org.eclipse.m2e.jdt.internal.launch.MavenLaunchConfigurationListener.mavenProjectChanged(MavenLaunchConfigurationListener.java:135)
	at org.eclipse.m2e.core.internal.project.registry.ProjectRegistryManager.notifyProjectChangeListeners(ProjectRegistryManager.java:892)
	at org.eclipse.m2e.core.internal.project.registry.ProjectRegistryManager.applyMutableProjectRegistry(ProjectRegistryManager.java:1042)
	at org.eclipse.m2e.core.internal.project.registry.ProjectRegistryRefreshJob.lambda$0(ProjectRegistryRefreshJob.java:162)
	at org.eclipse.m2e.core.internal.embedder.MavenExecutionContext.executeBare(MavenExecutionContext.java:458)
	at org.eclipse.m2e.core.internal.embedder.MavenExecutionContext.execute(MavenExecutionContext.java:339)
	at org.eclipse.m2e.core.internal.embedder.MavenExecutionContext.execute(MavenExecutionContext.java:278)
	at org.eclipse.m2e.core.internal.project.registry.ProjectRegistryRefreshJob.run(ProjectRegistryRefreshJob.java:106)
	at org.eclipse.core.internal.jobs.Worker.run(Worker.java:63)
2025-08-09 12:36:42,492 [Worker-29: Updating Maven Dependencies] ERROR o.e.m.j.i.l.MavenLaunchConfigurationListener - Launch configuration ProductServiceApplication (1) references non-existing project product-service.
org.eclipse.core.runtime.CoreException: Launch configuration ProductServiceApplication (1) references non-existing project product-service.
	at org.eclipse.jdt.launching.JavaRuntime.abort(JavaRuntime.java:1867)
	at org.eclipse.jdt.launching.JavaRuntime.getJavaProject(JavaRuntime.java:1744)
	at org.eclipse.m2e.jdt.internal.launch.MavenLaunchConfigurationListener.updateLaunchConfiguration(MavenLaunchConfigurationListener.java:64)
	at org.eclipse.m2e.jdt.internal.launch.MavenLaunchConfigurationListener.launchConfigurationChanged(MavenLaunchConfigurationListener.java:50)
	at org.eclipse.debug.internal.core.LaunchManager$ConfigurationNotifier.run(LaunchManager.java:220)
	at org.eclipse.core.runtime.SafeRunner.run(SafeRunner.java:47)
	at org.eclipse.debug.internal.core.LaunchManager$ConfigurationNotifier.notify(LaunchManager.java:204)
	at org.eclipse.debug.internal.core.LaunchConfigurationWorkingCopy.setDirty(LaunchConfigurationWorkingCopy.java:527)
	at org.eclipse.debug.internal.core.LaunchConfigurationWorkingCopy.setAttribute(LaunchConfigurationWorkingCopy.java:415)
	at org.eclipse.m2e.jdt.internal.launch.MavenRuntimeClasspathProvider.disable(MavenRuntimeClasspathProvider.java:410)
	at org.eclipse.m2e.jdt.internal.launch.MavenRuntimeClasspathProvider.disable(MavenRuntimeClasspathProvider.java:435)
	at org.eclipse.m2e.jdt.internal.launch.MavenLaunchConfigurationListener.mavenProjectChanged(MavenLaunchConfigurationListener.java:135)
	at org.eclipse.m2e.core.internal.project.registry.ProjectRegistryManager.notifyProjectChangeListeners(ProjectRegistryManager.java:892)
	at org.eclipse.m2e.core.internal.project.registry.ProjectRegistryManager.applyMutableProjectRegistry(ProjectRegistryManager.java:1042)
	at org.eclipse.m2e.core.internal.project.registry.ProjectRegistryRefreshJob.lambda$0(ProjectRegistryRefreshJob.java:162)
	at org.eclipse.m2e.core.internal.embedder.MavenExecutionContext.executeBare(MavenExecutionContext.java:458)
	at org.eclipse.m2e.core.internal.embedder.MavenExecutionContext.execute(MavenExecutionContext.java:339)
	at org.eclipse.m2e.core.internal.embedder.MavenExecutionContext.execute(MavenExecutionContext.java:278)
	at org.eclipse.m2e.core.internal.project.registry.ProjectRegistryRefreshJob.run(ProjectRegistryRefreshJob.java:106)
	at org.eclipse.core.internal.jobs.Worker.run(Worker.java:63)
2025-08-09 12:36:42,507 [Worker-29: Updating Maven Dependencies] ERROR o.e.m.j.i.l.MavenLaunchConfigurationListener - Launch configuration ProductServiceApplication (1) references non-existing project product-service.
org.eclipse.core.runtime.CoreException: Launch configuration ProductServiceApplication (1) references non-existing project product-service.
	at org.eclipse.jdt.launching.JavaRuntime.abort(JavaRuntime.java:1867)
	at org.eclipse.jdt.launching.JavaRuntime.getJavaProject(JavaRuntime.java:1744)
	at org.eclipse.m2e.jdt.internal.launch.MavenLaunchConfigurationListener.updateLaunchConfiguration(MavenLaunchConfigurationListener.java:64)
	at org.eclipse.m2e.jdt.internal.launch.MavenLaunchConfigurationListener.launchConfigurationChanged(MavenLaunchConfigurationListener.java:50)
	at org.eclipse.debug.internal.core.LaunchManager$ConfigurationNotifier.run(LaunchManager.java:220)
	at org.eclipse.core.runtime.SafeRunner.run(SafeRunner.java:47)
	at org.eclipse.debug.internal.core.LaunchManager$ConfigurationNotifier.notify(LaunchManager.java:204)
	at org.eclipse.debug.internal.core.LaunchManager.launchConfigurationChanged(LaunchManager.java:2010)
	at org.eclipse.debug.internal.core.LaunchConfigurationWorkingCopy.writeNewFile(LaunchConfigurationWorkingCopy.java:380)
	at org.eclipse.debug.internal.core.LaunchConfigurationWorkingCopy.doSave0(LaunchConfigurationWorkingCopy.java:259)
	at org.eclipse.debug.internal.core.LaunchConfigurationWorkingCopy.doSave(LaunchConfigurationWorkingCopy.java:229)
	at org.eclipse.debug.internal.core.LaunchConfigurationWorkingCopy.doSave(LaunchConfigurationWorkingCopy.java:187)
	at org.eclipse.m2e.jdt.internal.launch.MavenRuntimeClasspathProvider.disable(MavenRuntimeClasspathProvider.java:411)
	at org.eclipse.m2e.jdt.internal.launch.MavenRuntimeClasspathProvider.disable(MavenRuntimeClasspathProvider.java:435)
	at org.eclipse.m2e.jdt.internal.launch.MavenLaunchConfigurationListener.mavenProjectChanged(MavenLaunchConfigurationListener.java:135)
	at org.eclipse.m2e.core.internal.project.registry.ProjectRegistryManager.notifyProjectChangeListeners(ProjectRegistryManager.java:892)
	at org.eclipse.m2e.core.internal.project.registry.ProjectRegistryManager.applyMutableProjectRegistry(ProjectRegistryManager.java:1042)
	at org.eclipse.m2e.core.internal.project.registry.ProjectRegistryRefreshJob.lambda$0(ProjectRegistryRefreshJob.java:162)
	at org.eclipse.m2e.core.internal.embedder.MavenExecutionContext.executeBare(MavenExecutionContext.java:458)
	at org.eclipse.m2e.core.internal.embedder.MavenExecutionContext.execute(MavenExecutionContext.java:339)
	at org.eclipse.m2e.core.internal.embedder.MavenExecutionContext.execute(MavenExecutionContext.java:278)
	at org.eclipse.m2e.core.internal.project.registry.ProjectRegistryRefreshJob.run(ProjectRegistryRefreshJob.java:106)
	at org.eclipse.core.internal.jobs.Worker.run(Worker.java:63)
2025-08-09 12:36:42,513 [Worker-29: Updating Maven Dependencies] ERROR o.e.m.j.i.l.MavenLaunchConfigurationListener - Launch configuration ProductServiceApplication references non-existing project product-service.
org.eclipse.core.runtime.CoreException: Launch configuration ProductServiceApplication references non-existing project product-service.
	at org.eclipse.jdt.launching.JavaRuntime.abort(JavaRuntime.java:1867)
	at org.eclipse.jdt.launching.JavaRuntime.getJavaProject(JavaRuntime.java:1744)
	at org.eclipse.m2e.jdt.internal.launch.MavenLaunchConfigurationListener.updateLaunchConfiguration(MavenLaunchConfigurationListener.java:64)
	at org.eclipse.m2e.jdt.internal.launch.MavenLaunchConfigurationListener.launchConfigurationChanged(MavenLaunchConfigurationListener.java:50)
	at org.eclipse.debug.internal.core.LaunchManager$ConfigurationNotifier.run(LaunchManager.java:220)
	at org.eclipse.core.runtime.SafeRunner.run(SafeRunner.java:47)
	at org.eclipse.debug.internal.core.LaunchManager$ConfigurationNotifier.notify(LaunchManager.java:204)
	at org.eclipse.debug.internal.core.LaunchConfigurationWorkingCopy.setDirty(LaunchConfigurationWorkingCopy.java:527)
	at org.eclipse.debug.internal.core.LaunchConfigurationWorkingCopy.setAttribute(LaunchConfigurationWorkingCopy.java:415)
	at org.eclipse.m2e.jdt.internal.launch.MavenRuntimeClasspathProvider.disable(MavenRuntimeClasspathProvider.java:409)
	at org.eclipse.m2e.jdt.internal.launch.MavenRuntimeClasspathProvider.disable(MavenRuntimeClasspathProvider.java:435)
	at org.eclipse.m2e.jdt.internal.launch.MavenLaunchConfigurationListener.mavenProjectChanged(MavenLaunchConfigurationListener.java:135)
	at org.eclipse.m2e.core.internal.project.registry.ProjectRegistryManager.notifyProjectChangeListeners(ProjectRegistryManager.java:892)
	at org.eclipse.m2e.core.internal.project.registry.ProjectRegistryManager.applyMutableProjectRegistry(ProjectRegistryManager.java:1042)
	at org.eclipse.m2e.core.internal.project.registry.ProjectRegistryRefreshJob.lambda$0(ProjectRegistryRefreshJob.java:162)
	at org.eclipse.m2e.core.internal.embedder.MavenExecutionContext.executeBare(MavenExecutionContext.java:458)
	at org.eclipse.m2e.core.internal.embedder.MavenExecutionContext.execute(MavenExecutionContext.java:339)
	at org.eclipse.m2e.core.internal.embedder.MavenExecutionContext.execute(MavenExecutionContext.java:278)
	at org.eclipse.m2e.core.internal.project.registry.ProjectRegistryRefreshJob.run(ProjectRegistryRefreshJob.java:106)
	at org.eclipse.core.internal.jobs.Worker.run(Worker.java:63)
2025-08-09 12:36:42,516 [Worker-29: Updating Maven Dependencies] ERROR o.e.m.j.i.l.MavenLaunchConfigurationListener - Launch configuration ProductServiceApplication references non-existing project product-service.
org.eclipse.core.runtime.CoreException: Launch configuration ProductServiceApplication references non-existing project product-service.
	at org.eclipse.jdt.launching.JavaRuntime.abort(JavaRuntime.java:1867)
	at org.eclipse.jdt.launching.JavaRuntime.getJavaProject(JavaRuntime.java:1744)
	at org.eclipse.m2e.jdt.internal.launch.MavenLaunchConfigurationListener.updateLaunchConfiguration(MavenLaunchConfigurationListener.java:64)
	at org.eclipse.m2e.jdt.internal.launch.MavenLaunchConfigurationListener.launchConfigurationChanged(MavenLaunchConfigurationListener.java:50)
	at org.eclipse.debug.internal.core.LaunchManager$ConfigurationNotifier.run(LaunchManager.java:220)
	at org.eclipse.core.runtime.SafeRunner.run(SafeRunner.java:47)
	at org.eclipse.debug.internal.core.LaunchManager$ConfigurationNotifier.notify(LaunchManager.java:204)
	at org.eclipse.debug.internal.core.LaunchConfigurationWorkingCopy.setDirty(LaunchConfigurationWorkingCopy.java:527)
	at org.eclipse.debug.internal.core.LaunchConfigurationWorkingCopy.setAttribute(LaunchConfigurationWorkingCopy.java:415)
	at org.eclipse.m2e.jdt.internal.launch.MavenRuntimeClasspathProvider.disable(MavenRuntimeClasspathProvider.java:410)
	at org.eclipse.m2e.jdt.internal.launch.MavenRuntimeClasspathProvider.disable(MavenRuntimeClasspathProvider.java:435)
	at org.eclipse.m2e.jdt.internal.launch.MavenLaunchConfigurationListener.mavenProjectChanged(MavenLaunchConfigurationListener.java:135)
	at org.eclipse.m2e.core.internal.project.registry.ProjectRegistryManager.notifyProjectChangeListeners(ProjectRegistryManager.java:892)
	at org.eclipse.m2e.core.internal.project.registry.ProjectRegistryManager.applyMutableProjectRegistry(ProjectRegistryManager.java:1042)
	at org.eclipse.m2e.core.internal.project.registry.ProjectRegistryRefreshJob.lambda$0(ProjectRegistryRefreshJob.java:162)
	at org.eclipse.m2e.core.internal.embedder.MavenExecutionContext.executeBare(MavenExecutionContext.java:458)
	at org.eclipse.m2e.core.internal.embedder.MavenExecutionContext.execute(MavenExecutionContext.java:339)
	at org.eclipse.m2e.core.internal.embedder.MavenExecutionContext.execute(MavenExecutionContext.java:278)
	at org.eclipse.m2e.core.internal.project.registry.ProjectRegistryRefreshJob.run(ProjectRegistryRefreshJob.java:106)
	at org.eclipse.core.internal.jobs.Worker.run(Worker.java:63)
2025-08-09 12:36:42,528 [Worker-29: Updating Maven Dependencies] ERROR o.e.m.j.i.l.MavenLaunchConfigurationListener - Launch configuration ProductServiceApplication references non-existing project product-service.
org.eclipse.core.runtime.CoreException: Launch configuration ProductServiceApplication references non-existing project product-service.
	at org.eclipse.jdt.launching.JavaRuntime.abort(JavaRuntime.java:1867)
	at org.eclipse.jdt.launching.JavaRuntime.getJavaProject(JavaRuntime.java:1744)
	at org.eclipse.m2e.jdt.internal.launch.MavenLaunchConfigurationListener.updateLaunchConfiguration(MavenLaunchConfigurationListener.java:64)
	at org.eclipse.m2e.jdt.internal.launch.MavenLaunchConfigurationListener.launchConfigurationChanged(MavenLaunchConfigurationListener.java:50)
	at org.eclipse.debug.internal.core.LaunchManager$ConfigurationNotifier.run(LaunchManager.java:220)
	at org.eclipse.core.runtime.SafeRunner.run(SafeRunner.java:47)
	at org.eclipse.debug.internal.core.LaunchManager$ConfigurationNotifier.notify(LaunchManager.java:204)
	at org.eclipse.debug.internal.core.LaunchManager.launchConfigurationChanged(LaunchManager.java:2010)
	at org.eclipse.debug.internal.core.LaunchConfigurationWorkingCopy.writeNewFile(LaunchConfigurationWorkingCopy.java:380)
	at org.eclipse.debug.internal.core.LaunchConfigurationWorkingCopy.doSave0(LaunchConfigurationWorkingCopy.java:259)
	at org.eclipse.debug.internal.core.LaunchConfigurationWorkingCopy.doSave(LaunchConfigurationWorkingCopy.java:229)
	at org.eclipse.debug.internal.core.LaunchConfigurationWorkingCopy.doSave(LaunchConfigurationWorkingCopy.java:187)
	at org.eclipse.m2e.jdt.internal.launch.MavenRuntimeClasspathProvider.disable(MavenRuntimeClasspathProvider.java:411)
	at org.eclipse.m2e.jdt.internal.launch.MavenRuntimeClasspathProvider.disable(MavenRuntimeClasspathProvider.java:435)
	at org.eclipse.m2e.jdt.internal.launch.MavenLaunchConfigurationListener.mavenProjectChanged(MavenLaunchConfigurationListener.java:135)
	at org.eclipse.m2e.core.internal.project.registry.ProjectRegistryManager.notifyProjectChangeListeners(ProjectRegistryManager.java:892)
	at org.eclipse.m2e.core.internal.project.registry.ProjectRegistryManager.applyMutableProjectRegistry(ProjectRegistryManager.java:1042)
	at org.eclipse.m2e.core.internal.project.registry.ProjectRegistryRefreshJob.lambda$0(ProjectRegistryRefreshJob.java:162)
	at org.eclipse.m2e.core.internal.embedder.MavenExecutionContext.executeBare(MavenExecutionContext.java:458)
	at org.eclipse.m2e.core.internal.embedder.MavenExecutionContext.execute(MavenExecutionContext.java:339)
	at org.eclipse.m2e.core.internal.embedder.MavenExecutionContext.execute(MavenExecutionContext.java:278)
	at org.eclipse.m2e.core.internal.project.registry.ProjectRegistryRefreshJob.run(ProjectRegistryRefreshJob.java:106)
	at org.eclipse.core.internal.jobs.Worker.run(Worker.java:63)
2025-08-09 12:36:46,941 [Worker-20: Building] INFO  o.a.m.s.f.DefaultMavenResourcesFiltering - Copying 1 resource from src\main\resources to target\classes
2025-08-09 12:36:47,034 [Worker-20: Building] INFO  o.a.m.s.f.DefaultMavenResourcesFiltering - Copying 0 resource from src\main\resources to target\classes
2025-08-09 12:36:47,046 [Worker-20: Building] INFO  o.a.m.s.f.DefaultMavenResourcesFiltering - skip non existing resourceDirectory C:\Users\laksh\Music\Microservices\Ecommerce\customer-service\src\test\resources
2025-08-09 12:36:50,869 [Worker-20: Building] INFO  o.a.m.s.f.DefaultMavenResourcesFiltering - Copying 1 resource from src\main\resources to target\classes
2025-08-09 12:36:50,899 [Worker-20: Building] INFO  o.a.m.s.f.DefaultMavenResourcesFiltering - Copying 0 resource from src\main\resources to target\classes
2025-08-09 12:36:50,906 [Worker-20: Building] INFO  o.a.m.s.f.DefaultMavenResourcesFiltering - skip non existing resourceDirectory C:\Users\laksh\Music\Microservices\Ecommerce\eureka-server\src\test\resources
2025-08-09 12:36:53,262 [Worker-20: Building] INFO  o.a.m.s.f.DefaultMavenResourcesFiltering - Copying 1 resource from src\main\resources to target\classes
2025-08-09 12:36:53,308 [Worker-20: Building] INFO  o.a.m.s.f.DefaultMavenResourcesFiltering - Copying 0 resource from src\main\resources to target\classes
2025-08-09 12:36:53,315 [Worker-20: Building] INFO  o.a.m.s.f.DefaultMavenResourcesFiltering - skip non existing resourceDirectory C:\Users\laksh\Music\Microservices\Ecommerce\order-service\src\test\resources
2025-08-09 12:36:59,642 [Worker-8: Updating Maven Dependencies] ERROR o.e.m.j.i.l.MavenLaunchConfigurationListener - Launch configuration CustomerServiceApplication references non-existing project customer-service.
org.eclipse.core.runtime.CoreException: Launch configuration CustomerServiceApplication references non-existing project customer-service.
	at org.eclipse.jdt.launching.JavaRuntime.abort(JavaRuntime.java:1867)
	at org.eclipse.jdt.launching.JavaRuntime.getJavaProject(JavaRuntime.java:1744)
	at org.eclipse.m2e.jdt.internal.launch.MavenLaunchConfigurationListener.updateLaunchConfiguration(MavenLaunchConfigurationListener.java:64)
	at org.eclipse.m2e.jdt.internal.launch.MavenLaunchConfigurationListener.launchConfigurationChanged(MavenLaunchConfigurationListener.java:50)
	at org.eclipse.debug.internal.core.LaunchManager$ConfigurationNotifier.run(LaunchManager.java:220)
	at org.eclipse.core.runtime.SafeRunner.run(SafeRunner.java:47)
	at org.eclipse.debug.internal.core.LaunchManager$ConfigurationNotifier.notify(LaunchManager.java:204)
	at org.eclipse.debug.internal.core.LaunchConfigurationWorkingCopy.setDirty(LaunchConfigurationWorkingCopy.java:527)
	at org.eclipse.debug.internal.core.LaunchConfigurationWorkingCopy.setAttribute(LaunchConfigurationWorkingCopy.java:415)
	at org.eclipse.m2e.jdt.internal.launch.MavenRuntimeClasspathProvider.disable(MavenRuntimeClasspathProvider.java:409)
	at org.eclipse.m2e.jdt.internal.launch.MavenRuntimeClasspathProvider.disable(MavenRuntimeClasspathProvider.java:435)
	at org.eclipse.m2e.jdt.internal.launch.MavenLaunchConfigurationListener.mavenProjectChanged(MavenLaunchConfigurationListener.java:135)
	at org.eclipse.m2e.core.internal.project.registry.ProjectRegistryManager.notifyProjectChangeListeners(ProjectRegistryManager.java:892)
	at org.eclipse.m2e.core.internal.project.registry.ProjectRegistryManager.applyMutableProjectRegistry(ProjectRegistryManager.java:1042)
	at org.eclipse.m2e.core.internal.project.registry.ProjectRegistryRefreshJob.lambda$0(ProjectRegistryRefreshJob.java:162)
	at org.eclipse.m2e.core.internal.embedder.MavenExecutionContext.executeBare(MavenExecutionContext.java:458)
	at org.eclipse.m2e.core.internal.embedder.MavenExecutionContext.execute(MavenExecutionContext.java:339)
	at org.eclipse.m2e.core.internal.embedder.MavenExecutionContext.execute(MavenExecutionContext.java:278)
	at org.eclipse.m2e.core.internal.project.registry.ProjectRegistryRefreshJob.run(ProjectRegistryRefreshJob.java:106)
	at org.eclipse.core.internal.jobs.Worker.run(Worker.java:63)
2025-08-09 12:36:59,645 [Worker-8: Updating Maven Dependencies] ERROR o.e.m.j.i.l.MavenLaunchConfigurationListener - Launch configuration CustomerServiceApplication references non-existing project customer-service.
org.eclipse.core.runtime.CoreException: Launch configuration CustomerServiceApplication references non-existing project customer-service.
	at org.eclipse.jdt.launching.JavaRuntime.abort(JavaRuntime.java:1867)
	at org.eclipse.jdt.launching.JavaRuntime.getJavaProject(JavaRuntime.java:1744)
	at org.eclipse.m2e.jdt.internal.launch.MavenLaunchConfigurationListener.updateLaunchConfiguration(MavenLaunchConfigurationListener.java:64)
	at org.eclipse.m2e.jdt.internal.launch.MavenLaunchConfigurationListener.launchConfigurationChanged(MavenLaunchConfigurationListener.java:50)
	at org.eclipse.debug.internal.core.LaunchManager$ConfigurationNotifier.run(LaunchManager.java:220)
	at org.eclipse.core.runtime.SafeRunner.run(SafeRunner.java:47)
	at org.eclipse.debug.internal.core.LaunchManager$ConfigurationNotifier.notify(LaunchManager.java:204)
	at org.eclipse.debug.internal.core.LaunchConfigurationWorkingCopy.setDirty(LaunchConfigurationWorkingCopy.java:527)
	at org.eclipse.debug.internal.core.LaunchConfigurationWorkingCopy.setAttribute(LaunchConfigurationWorkingCopy.java:415)
	at org.eclipse.m2e.jdt.internal.launch.MavenRuntimeClasspathProvider.disable(MavenRuntimeClasspathProvider.java:410)
	at org.eclipse.m2e.jdt.internal.launch.MavenRuntimeClasspathProvider.disable(MavenRuntimeClasspathProvider.java:435)
	at org.eclipse.m2e.jdt.internal.launch.MavenLaunchConfigurationListener.mavenProjectChanged(MavenLaunchConfigurationListener.java:135)
	at org.eclipse.m2e.core.internal.project.registry.ProjectRegistryManager.notifyProjectChangeListeners(ProjectRegistryManager.java:892)
	at org.eclipse.m2e.core.internal.project.registry.ProjectRegistryManager.applyMutableProjectRegistry(ProjectRegistryManager.java:1042)
	at org.eclipse.m2e.core.internal.project.registry.ProjectRegistryRefreshJob.lambda$0(ProjectRegistryRefreshJob.java:162)
	at org.eclipse.m2e.core.internal.embedder.MavenExecutionContext.executeBare(MavenExecutionContext.java:458)
	at org.eclipse.m2e.core.internal.embedder.MavenExecutionContext.execute(MavenExecutionContext.java:339)
	at org.eclipse.m2e.core.internal.embedder.MavenExecutionContext.execute(MavenExecutionContext.java:278)
	at org.eclipse.m2e.core.internal.project.registry.ProjectRegistryRefreshJob.run(ProjectRegistryRefreshJob.java:106)
	at org.eclipse.core.internal.jobs.Worker.run(Worker.java:63)
2025-08-09 12:36:59,650 [Worker-8: Updating Maven Dependencies] ERROR o.e.m.j.i.l.MavenLaunchConfigurationListener - Launch configuration CustomerServiceApplication references non-existing project customer-service.
org.eclipse.core.runtime.CoreException: Launch configuration CustomerServiceApplication references non-existing project customer-service.
	at org.eclipse.jdt.launching.JavaRuntime.abort(JavaRuntime.java:1867)
	at org.eclipse.jdt.launching.JavaRuntime.getJavaProject(JavaRuntime.java:1744)
	at org.eclipse.m2e.jdt.internal.launch.MavenLaunchConfigurationListener.updateLaunchConfiguration(MavenLaunchConfigurationListener.java:64)
	at org.eclipse.m2e.jdt.internal.launch.MavenLaunchConfigurationListener.launchConfigurationChanged(MavenLaunchConfigurationListener.java:50)
	at org.eclipse.debug.internal.core.LaunchManager$ConfigurationNotifier.run(LaunchManager.java:220)
	at org.eclipse.core.runtime.SafeRunner.run(SafeRunner.java:47)
	at org.eclipse.debug.internal.core.LaunchManager$ConfigurationNotifier.notify(LaunchManager.java:204)
	at org.eclipse.debug.internal.core.LaunchManager.launchConfigurationChanged(LaunchManager.java:2010)
	at org.eclipse.debug.internal.core.LaunchConfigurationWorkingCopy.writeNewFile(LaunchConfigurationWorkingCopy.java:380)
	at org.eclipse.debug.internal.core.LaunchConfigurationWorkingCopy.doSave0(LaunchConfigurationWorkingCopy.java:259)
	at org.eclipse.debug.internal.core.LaunchConfigurationWorkingCopy.doSave(LaunchConfigurationWorkingCopy.java:229)
	at org.eclipse.debug.internal.core.LaunchConfigurationWorkingCopy.doSave(LaunchConfigurationWorkingCopy.java:187)
	at org.eclipse.m2e.jdt.internal.launch.MavenRuntimeClasspathProvider.disable(MavenRuntimeClasspathProvider.java:411)
	at org.eclipse.m2e.jdt.internal.launch.MavenRuntimeClasspathProvider.disable(MavenRuntimeClasspathProvider.java:435)
	at org.eclipse.m2e.jdt.internal.launch.MavenLaunchConfigurationListener.mavenProjectChanged(MavenLaunchConfigurationListener.java:135)
	at org.eclipse.m2e.core.internal.project.registry.ProjectRegistryManager.notifyProjectChangeListeners(ProjectRegistryManager.java:892)
	at org.eclipse.m2e.core.internal.project.registry.ProjectRegistryManager.applyMutableProjectRegistry(ProjectRegistryManager.java:1042)
	at org.eclipse.m2e.core.internal.project.registry.ProjectRegistryRefreshJob.lambda$0(ProjectRegistryRefreshJob.java:162)
	at org.eclipse.m2e.core.internal.embedder.MavenExecutionContext.executeBare(MavenExecutionContext.java:458)
	at org.eclipse.m2e.core.internal.embedder.MavenExecutionContext.execute(MavenExecutionContext.java:339)
	at org.eclipse.m2e.core.internal.embedder.MavenExecutionContext.execute(MavenExecutionContext.java:278)
	at org.eclipse.m2e.core.internal.project.registry.ProjectRegistryRefreshJob.run(ProjectRegistryRefreshJob.java:106)
	at org.eclipse.core.internal.jobs.Worker.run(Worker.java:63)
2025-08-09 12:38:20,517 [Worker-22: Update Maven projects configuration] INFO  o.e.m.c.i.p.ProjectConfigurationManager - Update started
2025-08-09 12:38:21,366 [Worker-22: Update Maven projects configuration] INFO  o.e.m.c.i.l.LifecycleMappingFactory - Using org.maven.ide.eclipse.wtp.WarLifecycleMapping lifecycle mapping for MavenProject: com.example:product-service:0.0.1-SNAPSHOT @ C:\Users\laksh\Music\Microservices\Ecommerce\product-service\pom.xml.
2025-08-09 12:38:22,321 [Worker-22: Update Maven projects configuration] INFO  o.e.m.c.i.e.AbstractTransferListenerAdapter - Downloading https://repo.maven.apache.org/maven2/org/springframework/cloud/spring-cloud-starter-openfeign/4.3.0/spring-cloud-starter-openfeign-4.3.0.pom
2025-08-09 12:38:22,342 [Worker-22: Update Maven projects configuration] INFO  o.e.m.c.i.e.AbstractTransferListenerAdapter - Downloaded https://repo.maven.apache.org/maven2/org/springframework/cloud/spring-cloud-starter-openfeign/4.3.0/spring-cloud-starter-openfeign-4.3.0.pom
2025-08-09 12:38:22,371 [Worker-22: Update Maven projects configuration] INFO  o.e.m.c.i.e.AbstractTransferListenerAdapter - Downloading https://repo.maven.apache.org/maven2/org/springframework/cloud/spring-cloud-openfeign/4.3.0/spring-cloud-openfeign-4.3.0.pom
2025-08-09 12:38:22,378 [Worker-22: Update Maven projects configuration] INFO  o.e.m.c.i.e.AbstractTransferListenerAdapter - Downloaded https://repo.maven.apache.org/maven2/org/springframework/cloud/spring-cloud-openfeign/4.3.0/spring-cloud-openfeign-4.3.0.pom
2025-08-09 12:38:22,405 [Worker-22: Update Maven projects configuration] INFO  o.e.m.c.i.e.AbstractTransferListenerAdapter - Downloading https://repo.maven.apache.org/maven2/org/springframework/cloud/spring-cloud-openfeign-core/4.3.0/spring-cloud-openfeign-core-4.3.0.pom
2025-08-09 12:38:22,412 [Worker-22: Update Maven projects configuration] INFO  o.e.m.c.i.e.AbstractTransferListenerAdapter - Downloaded https://repo.maven.apache.org/maven2/org/springframework/cloud/spring-cloud-openfeign-core/4.3.0/spring-cloud-openfeign-core-4.3.0.pom
2025-08-09 12:38:22,436 [Worker-22: Update Maven projects configuration] INFO  o.e.m.c.i.e.AbstractTransferListenerAdapter - Downloading https://repo.maven.apache.org/maven2/io/github/openfeign/feign-form-spring/13.6/feign-form-spring-13.6.pom
2025-08-09 12:38:22,440 [Worker-22: Update Maven projects configuration] INFO  o.e.m.c.i.e.AbstractTransferListenerAdapter - Downloaded https://repo.maven.apache.org/maven2/io/github/openfeign/feign-form-spring/13.6/feign-form-spring-13.6.pom
2025-08-09 12:38:22,460 [Worker-22: Update Maven projects configuration] INFO  o.e.m.c.i.e.AbstractTransferListenerAdapter - Downloading https://repo.maven.apache.org/maven2/io/github/openfeign/parent/13.6/parent-13.6.pom
2025-08-09 12:38:22,470 [Worker-22: Update Maven projects configuration] INFO  o.e.m.c.i.e.AbstractTransferListenerAdapter - Downloaded https://repo.maven.apache.org/maven2/io/github/openfeign/parent/13.6/parent-13.6.pom
2025-08-09 12:38:22,490 [Worker-22: Update Maven projects configuration] INFO  o.e.m.c.i.e.AbstractTransferListenerAdapter - Downloading https://repo.maven.apache.org/maven2/org/apache/commons/commons-text/1.13.0/commons-text-1.13.0.pom
2025-08-09 12:38:22,496 [Worker-22: Update Maven projects configuration] INFO  o.e.m.c.i.e.AbstractTransferListenerAdapter - Downloaded https://repo.maven.apache.org/maven2/org/apache/commons/commons-text/1.13.0/commons-text-1.13.0.pom
2025-08-09 12:38:22,513 [Worker-22: Update Maven projects configuration] INFO  o.e.m.c.i.e.AbstractTransferListenerAdapter - Downloading https://repo.maven.apache.org/maven2/org/apache/commons/commons-parent/78/commons-parent-78.pom
2025-08-09 12:38:22,522 [Worker-22: Update Maven projects configuration] INFO  o.e.m.c.i.e.AbstractTransferListenerAdapter - Downloaded https://repo.maven.apache.org/maven2/org/apache/commons/commons-parent/78/commons-parent-78.pom
2025-08-09 12:38:22,540 [Worker-22: Update Maven projects configuration] INFO  o.e.m.c.i.e.AbstractTransferListenerAdapter - Downloading https://repo.maven.apache.org/maven2/org/junit/junit-bom/5.11.2/junit-bom-5.11.2.pom
2025-08-09 12:38:22,546 [Worker-22: Update Maven projects configuration] INFO  o.e.m.c.i.e.AbstractTransferListenerAdapter - Downloaded https://repo.maven.apache.org/maven2/org/junit/junit-bom/5.11.2/junit-bom-5.11.2.pom
2025-08-09 12:38:22,580 [Worker-22: Update Maven projects configuration] INFO  o.e.m.c.i.e.AbstractTransferListenerAdapter - Downloading https://repo.maven.apache.org/maven2/io/github/openfeign/feign-form/13.6/feign-form-13.6.pom
2025-08-09 12:38:22,585 [Worker-22: Update Maven projects configuration] INFO  o.e.m.c.i.e.AbstractTransferListenerAdapter - Downloaded https://repo.maven.apache.org/maven2/io/github/openfeign/feign-form/13.6/feign-form-13.6.pom
2025-08-09 12:38:22,607 [Worker-22: Update Maven projects configuration] INFO  o.e.m.c.i.e.AbstractTransferListenerAdapter - Downloading https://repo.maven.apache.org/maven2/io/github/openfeign/feign-core/13.6/feign-core-13.6.pom
2025-08-09 12:38:22,614 [Worker-22: Update Maven projects configuration] INFO  o.e.m.c.i.e.AbstractTransferListenerAdapter - Downloaded https://repo.maven.apache.org/maven2/io/github/openfeign/feign-core/13.6/feign-core-13.6.pom
2025-08-09 12:38:22,643 [Worker-22: Update Maven projects configuration] INFO  o.e.m.c.i.e.AbstractTransferListenerAdapter - Downloading https://repo.maven.apache.org/maven2/commons-fileupload/commons-fileupload/1.5/commons-fileupload-1.5.pom
2025-08-09 12:38:22,649 [Worker-22: Update Maven projects configuration] INFO  o.e.m.c.i.e.AbstractTransferListenerAdapter - Downloaded https://repo.maven.apache.org/maven2/commons-fileupload/commons-fileupload/1.5/commons-fileupload-1.5.pom
2025-08-09 12:38:22,675 [Worker-22: Update Maven projects configuration] INFO  o.e.m.c.i.e.AbstractTransferListenerAdapter - Downloading https://repo.maven.apache.org/maven2/io/github/openfeign/feign-slf4j/13.6/feign-slf4j-13.6.pom
2025-08-09 12:38:22,680 [Worker-22: Update Maven projects configuration] INFO  o.e.m.c.i.e.AbstractTransferListenerAdapter - Downloaded https://repo.maven.apache.org/maven2/io/github/openfeign/feign-slf4j/13.6/feign-slf4j-13.6.pom
2025-08-09 12:38:22,907 [Worker-22: Update Maven projects configuration] INFO  o.e.m.c.i.e.AbstractTransferListenerAdapter - Downloading https://repo.maven.apache.org/maven2/org/springframework/cloud/spring-cloud-starter-openfeign/4.3.0/spring-cloud-starter-openfeign-4.3.0.jar
2025-08-09 12:38:22,911 [Worker-22: Update Maven projects configuration] INFO  o.e.m.c.i.e.AbstractTransferListenerAdapter - Downloaded https://repo.maven.apache.org/maven2/org/springframework/cloud/spring-cloud-starter-openfeign/4.3.0/spring-cloud-starter-openfeign-4.3.0.jar
2025-08-09 12:38:22,929 [BasicRepositoryConnector-repo.maven.apache.org-0-3] INFO  o.e.m.c.i.e.AbstractTransferListenerAdapter - Downloading https://repo.maven.apache.org/maven2/io/github/openfeign/feign-form/13.6/feign-form-13.6.jar
2025-08-09 12:38:22,935 [BasicRepositoryConnector-repo.maven.apache.org-0-3] INFO  o.e.m.c.i.e.AbstractTransferListenerAdapter - Downloaded https://repo.maven.apache.org/maven2/io/github/openfeign/feign-form/13.6/feign-form-13.6.jar
2025-08-09 12:38:22,951 [BasicRepositoryConnector-repo.maven.apache.org-0-3] INFO  o.e.m.c.i.e.AbstractTransferListenerAdapter - Downloading https://repo.maven.apache.org/maven2/io/github/openfeign/feign-core/13.6/feign-core-13.6.jar
2025-08-09 12:38:22,980 [BasicRepositoryConnector-repo.maven.apache.org-0-2] INFO  o.e.m.c.i.e.AbstractTransferListenerAdapter - Downloading https://repo.maven.apache.org/maven2/org/apache/commons/commons-text/1.13.0/commons-text-1.13.0.jar
2025-08-09 12:38:22,985 [BasicRepositoryConnector-repo.maven.apache.org-0-1] INFO  o.e.m.c.i.e.AbstractTransferListenerAdapter - Downloading https://repo.maven.apache.org/maven2/io/github/openfeign/feign-form-spring/13.6/feign-form-spring-13.6.jar
2025-08-09 12:38:22,985 [BasicRepositoryConnector-repo.maven.apache.org-0-4] INFO  o.e.m.c.i.e.AbstractTransferListenerAdapter - Downloading https://repo.maven.apache.org/maven2/commons-fileupload/commons-fileupload/1.5/commons-fileupload-1.5.jar
2025-08-09 12:38:22,985 [BasicRepositoryConnector-repo.maven.apache.org-0-0] INFO  o.e.m.c.i.e.AbstractTransferListenerAdapter - Downloading https://repo.maven.apache.org/maven2/org/springframework/cloud/spring-cloud-openfeign-core/4.3.0/spring-cloud-openfeign-core-4.3.0.jar
2025-08-09 12:38:22,992 [BasicRepositoryConnector-repo.maven.apache.org-0-1] INFO  o.e.m.c.i.e.AbstractTransferListenerAdapter - Downloaded https://repo.maven.apache.org/maven2/io/github/openfeign/feign-form-spring/13.6/feign-form-spring-13.6.jar
2025-08-09 12:38:22,992 [BasicRepositoryConnector-repo.maven.apache.org-0-3] INFO  o.e.m.c.i.e.AbstractTransferListenerAdapter - Downloaded https://repo.maven.apache.org/maven2/io/github/openfeign/feign-core/13.6/feign-core-13.6.jar
2025-08-09 12:38:23,007 [BasicRepositoryConnector-repo.maven.apache.org-0-4] INFO  o.e.m.c.i.e.AbstractTransferListenerAdapter - Downloaded https://repo.maven.apache.org/maven2/commons-fileupload/commons-fileupload/1.5/commons-fileupload-1.5.jar
2025-08-09 12:38:23,010 [BasicRepositoryConnector-repo.maven.apache.org-0-1] INFO  o.e.m.c.i.e.AbstractTransferListenerAdapter - Downloading https://repo.maven.apache.org/maven2/io/github/openfeign/feign-slf4j/13.6/feign-slf4j-13.6.jar
2025-08-09 12:38:23,017 [BasicRepositoryConnector-repo.maven.apache.org-0-1] INFO  o.e.m.c.i.e.AbstractTransferListenerAdapter - Downloaded https://repo.maven.apache.org/maven2/io/github/openfeign/feign-slf4j/13.6/feign-slf4j-13.6.jar
2025-08-09 12:38:23,038 [BasicRepositoryConnector-repo.maven.apache.org-0-2] INFO  o.e.m.c.i.e.AbstractTransferListenerAdapter - Downloaded https://repo.maven.apache.org/maven2/org/apache/commons/commons-text/1.13.0/commons-text-1.13.0.jar
2025-08-09 12:38:23,040 [BasicRepositoryConnector-repo.maven.apache.org-0-0] INFO  o.e.m.c.i.e.AbstractTransferListenerAdapter - Downloaded https://repo.maven.apache.org/maven2/org/springframework/cloud/spring-cloud-openfeign-core/4.3.0/spring-cloud-openfeign-core-4.3.0.jar
2025-08-09 12:38:23,438 [Worker-22: Update Maven projects configuration] INFO  o.e.m.c.i.l.LifecycleMappingFactory - Using org.maven.ide.eclipse.wtp.WarLifecycleMapping lifecycle mapping for MavenProject: com.example:eureka-server:0.0.1-SNAPSHOT @ C:\Users\laksh\Music\Microservices\Ecommerce\eureka-server\pom.xml.
2025-08-09 12:38:24,132 [Worker-22: Update Maven projects configuration] INFO  o.e.m.c.i.l.LifecycleMappingFactory - Using org.maven.ide.eclipse.wtp.WarLifecycleMapping lifecycle mapping for MavenProject: com.example:api-gateway:0.0.1-SNAPSHOT @ C:\Users\laksh\Music\Microservices\Ecommerce\api-gateway\pom.xml.
2025-08-09 12:38:26,771 [Worker-22: Update Maven projects configuration] ERROR o.e.m.j.i.l.MavenLaunchConfigurationListener - Launch configuration ProductServiceApplication (1) references non-existing project product-service.
org.eclipse.core.runtime.CoreException: Launch configuration ProductServiceApplication (1) references non-existing project product-service.
	at org.eclipse.jdt.launching.JavaRuntime.abort(JavaRuntime.java:1867)
	at org.eclipse.jdt.launching.JavaRuntime.getJavaProject(JavaRuntime.java:1744)
	at org.eclipse.m2e.jdt.internal.launch.MavenLaunchConfigurationListener.updateLaunchConfiguration(MavenLaunchConfigurationListener.java:64)
	at org.eclipse.m2e.jdt.internal.launch.MavenLaunchConfigurationListener.launchConfigurationChanged(MavenLaunchConfigurationListener.java:50)
	at org.eclipse.debug.internal.core.LaunchManager$ConfigurationNotifier.run(LaunchManager.java:220)
	at org.eclipse.core.runtime.SafeRunner.run(SafeRunner.java:47)
	at org.eclipse.debug.internal.core.LaunchManager$ConfigurationNotifier.notify(LaunchManager.java:204)
	at org.eclipse.debug.internal.core.LaunchConfigurationWorkingCopy.setDirty(LaunchConfigurationWorkingCopy.java:527)
	at org.eclipse.debug.internal.core.LaunchConfigurationWorkingCopy.setAttribute(LaunchConfigurationWorkingCopy.java:415)
	at org.eclipse.m2e.jdt.internal.launch.MavenRuntimeClasspathProvider.enable(MavenRuntimeClasspathProvider.java:403)
	at org.eclipse.m2e.jdt.internal.launch.MavenRuntimeClasspathProvider.enable(MavenRuntimeClasspathProvider.java:397)
	at org.eclipse.m2e.jdt.internal.launch.MavenRuntimeClasspathProvider.enable(MavenRuntimeClasspathProvider.java:427)
	at org.eclipse.m2e.jdt.internal.launch.MavenLaunchConfigurationListener.mavenProjectChanged(MavenLaunchConfigurationListener.java:132)
	at org.eclipse.m2e.core.internal.project.registry.ProjectRegistryManager.notifyProjectChangeListeners(ProjectRegistryManager.java:892)
	at org.eclipse.m2e.core.internal.project.registry.ProjectRegistryManager.applyMutableProjectRegistry(ProjectRegistryManager.java:1042)
	at org.eclipse.m2e.core.internal.project.registry.ProjectRegistryManager.refresh(ProjectRegistryManager.java:324)
	at org.eclipse.m2e.core.internal.project.ProjectConfigurationManager.updateProjectConfiguration0(ProjectConfigurationManager.java:388)
	at org.eclipse.m2e.core.internal.project.ProjectConfigurationManager.lambda$3(ProjectConfigurationManager.java:340)
	at org.eclipse.m2e.core.internal.embedder.MavenExecutionContext.executeBare(MavenExecutionContext.java:458)
	at org.eclipse.m2e.core.internal.embedder.MavenExecutionContext.execute(MavenExecutionContext.java:339)
	at org.eclipse.m2e.core.internal.embedder.MavenExecutionContext.execute(MavenExecutionContext.java:278)
	at org.eclipse.m2e.core.internal.embedder.MavenImpl.execute(MavenImpl.java:1053)
	at org.eclipse.m2e.core.internal.project.ProjectConfigurationManager.updateProjectConfiguration(ProjectConfigurationManager.java:339)
	at org.eclipse.m2e.core.ui.internal.project.MavenProjectConfigurator$UpdateMavenConfigurationJob.run(MavenProjectConfigurator.java:177)
	at org.eclipse.core.internal.jobs.Worker.run(Worker.java:63)
2025-08-09 12:38:26,773 [Worker-22: Update Maven projects configuration] ERROR o.e.m.j.i.l.MavenLaunchConfigurationListener - Launch configuration ProductServiceApplication (1) references non-existing project product-service.
org.eclipse.core.runtime.CoreException: Launch configuration ProductServiceApplication (1) references non-existing project product-service.
	at org.eclipse.jdt.launching.JavaRuntime.abort(JavaRuntime.java:1867)
	at org.eclipse.jdt.launching.JavaRuntime.getJavaProject(JavaRuntime.java:1744)
	at org.eclipse.m2e.jdt.internal.launch.MavenLaunchConfigurationListener.updateLaunchConfiguration(MavenLaunchConfigurationListener.java:64)
	at org.eclipse.m2e.jdt.internal.launch.MavenLaunchConfigurationListener.launchConfigurationChanged(MavenLaunchConfigurationListener.java:50)
	at org.eclipse.debug.internal.core.LaunchManager$ConfigurationNotifier.run(LaunchManager.java:220)
	at org.eclipse.core.runtime.SafeRunner.run(SafeRunner.java:47)
	at org.eclipse.debug.internal.core.LaunchManager$ConfigurationNotifier.notify(LaunchManager.java:204)
	at org.eclipse.debug.internal.core.LaunchConfigurationWorkingCopy.setDirty(LaunchConfigurationWorkingCopy.java:527)
	at org.eclipse.debug.internal.core.LaunchConfigurationWorkingCopy.setAttribute(LaunchConfigurationWorkingCopy.java:415)
	at org.eclipse.m2e.jdt.internal.launch.MavenRuntimeClasspathProvider.enable(MavenRuntimeClasspathProvider.java:404)
	at org.eclipse.m2e.jdt.internal.launch.MavenRuntimeClasspathProvider.enable(MavenRuntimeClasspathProvider.java:397)
	at org.eclipse.m2e.jdt.internal.launch.MavenRuntimeClasspathProvider.enable(MavenRuntimeClasspathProvider.java:427)
	at org.eclipse.m2e.jdt.internal.launch.MavenLaunchConfigurationListener.mavenProjectChanged(MavenLaunchConfigurationListener.java:132)
	at org.eclipse.m2e.core.internal.project.registry.ProjectRegistryManager.notifyProjectChangeListeners(ProjectRegistryManager.java:892)
	at org.eclipse.m2e.core.internal.project.registry.ProjectRegistryManager.applyMutableProjectRegistry(ProjectRegistryManager.java:1042)
	at org.eclipse.m2e.core.internal.project.registry.ProjectRegistryManager.refresh(ProjectRegistryManager.java:324)
	at org.eclipse.m2e.core.internal.project.ProjectConfigurationManager.updateProjectConfiguration0(ProjectConfigurationManager.java:388)
	at org.eclipse.m2e.core.internal.project.ProjectConfigurationManager.lambda$3(ProjectConfigurationManager.java:340)
	at org.eclipse.m2e.core.internal.embedder.MavenExecutionContext.executeBare(MavenExecutionContext.java:458)
	at org.eclipse.m2e.core.internal.embedder.MavenExecutionContext.execute(MavenExecutionContext.java:339)
	at org.eclipse.m2e.core.internal.embedder.MavenExecutionContext.execute(MavenExecutionContext.java:278)
	at org.eclipse.m2e.core.internal.embedder.MavenImpl.execute(MavenImpl.java:1053)
	at org.eclipse.m2e.core.internal.project.ProjectConfigurationManager.updateProjectConfiguration(ProjectConfigurationManager.java:339)
	at org.eclipse.m2e.core.ui.internal.project.MavenProjectConfigurator$UpdateMavenConfigurationJob.run(MavenProjectConfigurator.java:177)
	at org.eclipse.core.internal.jobs.Worker.run(Worker.java:63)
2025-08-09 12:38:26,779 [Worker-22: Update Maven projects configuration] ERROR o.e.m.j.i.l.MavenLaunchConfigurationListener - Launch configuration ProductServiceApplication (1) references non-existing project product-service.
org.eclipse.core.runtime.CoreException: Launch configuration ProductServiceApplication (1) references non-existing project product-service.
	at org.eclipse.jdt.launching.JavaRuntime.abort(JavaRuntime.java:1867)
	at org.eclipse.jdt.launching.JavaRuntime.getJavaProject(JavaRuntime.java:1744)
	at org.eclipse.m2e.jdt.internal.launch.MavenLaunchConfigurationListener.updateLaunchConfiguration(MavenLaunchConfigurationListener.java:64)
	at org.eclipse.m2e.jdt.internal.launch.MavenLaunchConfigurationListener.launchConfigurationChanged(MavenLaunchConfigurationListener.java:50)
	at org.eclipse.debug.internal.core.LaunchManager$ConfigurationNotifier.run(LaunchManager.java:220)
	at org.eclipse.core.runtime.SafeRunner.run(SafeRunner.java:47)
	at org.eclipse.debug.internal.core.LaunchManager$ConfigurationNotifier.notify(LaunchManager.java:204)
	at org.eclipse.debug.internal.core.LaunchManager.launchConfigurationChanged(LaunchManager.java:2010)
	at org.eclipse.debug.internal.core.LaunchConfigurationWorkingCopy.writeNewFile(LaunchConfigurationWorkingCopy.java:380)
	at org.eclipse.debug.internal.core.LaunchConfigurationWorkingCopy.doSave0(LaunchConfigurationWorkingCopy.java:259)
	at org.eclipse.debug.internal.core.LaunchConfigurationWorkingCopy.doSave(LaunchConfigurationWorkingCopy.java:229)
	at org.eclipse.debug.internal.core.LaunchConfigurationWorkingCopy.doSave(LaunchConfigurationWorkingCopy.java:187)
	at org.eclipse.m2e.jdt.internal.launch.MavenRuntimeClasspathProvider.enable(MavenRuntimeClasspathProvider.java:398)
	at org.eclipse.m2e.jdt.internal.launch.MavenRuntimeClasspathProvider.enable(MavenRuntimeClasspathProvider.java:427)
	at org.eclipse.m2e.jdt.internal.launch.MavenLaunchConfigurationListener.mavenProjectChanged(MavenLaunchConfigurationListener.java:132)
	at org.eclipse.m2e.core.internal.project.registry.ProjectRegistryManager.notifyProjectChangeListeners(ProjectRegistryManager.java:892)
	at org.eclipse.m2e.core.internal.project.registry.ProjectRegistryManager.applyMutableProjectRegistry(ProjectRegistryManager.java:1042)
	at org.eclipse.m2e.core.internal.project.registry.ProjectRegistryManager.refresh(ProjectRegistryManager.java:324)
	at org.eclipse.m2e.core.internal.project.ProjectConfigurationManager.updateProjectConfiguration0(ProjectConfigurationManager.java:388)
	at org.eclipse.m2e.core.internal.project.ProjectConfigurationManager.lambda$3(ProjectConfigurationManager.java:340)
	at org.eclipse.m2e.core.internal.embedder.MavenExecutionContext.executeBare(MavenExecutionContext.java:458)
	at org.eclipse.m2e.core.internal.embedder.MavenExecutionContext.execute(MavenExecutionContext.java:339)
	at org.eclipse.m2e.core.internal.embedder.MavenExecutionContext.execute(MavenExecutionContext.java:278)
	at org.eclipse.m2e.core.internal.embedder.MavenImpl.execute(MavenImpl.java:1053)
	at org.eclipse.m2e.core.internal.project.ProjectConfigurationManager.updateProjectConfiguration(ProjectConfigurationManager.java:339)
	at org.eclipse.m2e.core.ui.internal.project.MavenProjectConfigurator$UpdateMavenConfigurationJob.run(MavenProjectConfigurator.java:177)
	at org.eclipse.core.internal.jobs.Worker.run(Worker.java:63)
2025-08-09 12:38:26,781 [Worker-22: Update Maven projects configuration] ERROR o.e.m.j.i.l.MavenLaunchConfigurationListener - Launch configuration ProductServiceApplication references non-existing project product-service.
org.eclipse.core.runtime.CoreException: Launch configuration ProductServiceApplication references non-existing project product-service.
	at org.eclipse.jdt.launching.JavaRuntime.abort(JavaRuntime.java:1867)
	at org.eclipse.jdt.launching.JavaRuntime.getJavaProject(JavaRuntime.java:1744)
	at org.eclipse.m2e.jdt.internal.launch.MavenLaunchConfigurationListener.updateLaunchConfiguration(MavenLaunchConfigurationListener.java:64)
	at org.eclipse.m2e.jdt.internal.launch.MavenLaunchConfigurationListener.launchConfigurationChanged(MavenLaunchConfigurationListener.java:50)
	at org.eclipse.debug.internal.core.LaunchManager$ConfigurationNotifier.run(LaunchManager.java:220)
	at org.eclipse.core.runtime.SafeRunner.run(SafeRunner.java:47)
	at org.eclipse.debug.internal.core.LaunchManager$ConfigurationNotifier.notify(LaunchManager.java:204)
	at org.eclipse.debug.internal.core.LaunchConfigurationWorkingCopy.setDirty(LaunchConfigurationWorkingCopy.java:527)
	at org.eclipse.debug.internal.core.LaunchConfigurationWorkingCopy.setAttribute(LaunchConfigurationWorkingCopy.java:415)
	at org.eclipse.m2e.jdt.internal.launch.MavenRuntimeClasspathProvider.enable(MavenRuntimeClasspathProvider.java:403)
	at org.eclipse.m2e.jdt.internal.launch.MavenRuntimeClasspathProvider.enable(MavenRuntimeClasspathProvider.java:397)
	at org.eclipse.m2e.jdt.internal.launch.MavenRuntimeClasspathProvider.enable(MavenRuntimeClasspathProvider.java:427)
	at org.eclipse.m2e.jdt.internal.launch.MavenLaunchConfigurationListener.mavenProjectChanged(MavenLaunchConfigurationListener.java:132)
	at org.eclipse.m2e.core.internal.project.registry.ProjectRegistryManager.notifyProjectChangeListeners(ProjectRegistryManager.java:892)
	at org.eclipse.m2e.core.internal.project.registry.ProjectRegistryManager.applyMutableProjectRegistry(ProjectRegistryManager.java:1042)
	at org.eclipse.m2e.core.internal.project.registry.ProjectRegistryManager.refresh(ProjectRegistryManager.java:324)
	at org.eclipse.m2e.core.internal.project.ProjectConfigurationManager.updateProjectConfiguration0(ProjectConfigurationManager.java:388)
	at org.eclipse.m2e.core.internal.project.ProjectConfigurationManager.lambda$3(ProjectConfigurationManager.java:340)
	at org.eclipse.m2e.core.internal.embedder.MavenExecutionContext.executeBare(MavenExecutionContext.java:458)
	at org.eclipse.m2e.core.internal.embedder.MavenExecutionContext.execute(MavenExecutionContext.java:339)
	at org.eclipse.m2e.core.internal.embedder.MavenExecutionContext.execute(MavenExecutionContext.java:278)
	at org.eclipse.m2e.core.internal.embedder.MavenImpl.execute(MavenImpl.java:1053)
	at org.eclipse.m2e.core.internal.project.ProjectConfigurationManager.updateProjectConfiguration(ProjectConfigurationManager.java:339)
	at org.eclipse.m2e.core.ui.internal.project.MavenProjectConfigurator$UpdateMavenConfigurationJob.run(MavenProjectConfigurator.java:177)
	at org.eclipse.core.internal.jobs.Worker.run(Worker.java:63)
2025-08-09 12:38:26,783 [Worker-22: Update Maven projects configuration] ERROR o.e.m.j.i.l.MavenLaunchConfigurationListener - Launch configuration ProductServiceApplication references non-existing project product-service.
org.eclipse.core.runtime.CoreException: Launch configuration ProductServiceApplication references non-existing project product-service.
	at org.eclipse.jdt.launching.JavaRuntime.abort(JavaRuntime.java:1867)
	at org.eclipse.jdt.launching.JavaRuntime.getJavaProject(JavaRuntime.java:1744)
	at org.eclipse.m2e.jdt.internal.launch.MavenLaunchConfigurationListener.updateLaunchConfiguration(MavenLaunchConfigurationListener.java:64)
	at org.eclipse.m2e.jdt.internal.launch.MavenLaunchConfigurationListener.launchConfigurationChanged(MavenLaunchConfigurationListener.java:50)
	at org.eclipse.debug.internal.core.LaunchManager$ConfigurationNotifier.run(LaunchManager.java:220)
	at org.eclipse.core.runtime.SafeRunner.run(SafeRunner.java:47)
	at org.eclipse.debug.internal.core.LaunchManager$ConfigurationNotifier.notify(LaunchManager.java:204)
	at org.eclipse.debug.internal.core.LaunchConfigurationWorkingCopy.setDirty(LaunchConfigurationWorkingCopy.java:527)
	at org.eclipse.debug.internal.core.LaunchConfigurationWorkingCopy.setAttribute(LaunchConfigurationWorkingCopy.java:415)
	at org.eclipse.m2e.jdt.internal.launch.MavenRuntimeClasspathProvider.enable(MavenRuntimeClasspathProvider.java:404)
	at org.eclipse.m2e.jdt.internal.launch.MavenRuntimeClasspathProvider.enable(MavenRuntimeClasspathProvider.java:397)
	at org.eclipse.m2e.jdt.internal.launch.MavenRuntimeClasspathProvider.enable(MavenRuntimeClasspathProvider.java:427)
	at org.eclipse.m2e.jdt.internal.launch.MavenLaunchConfigurationListener.mavenProjectChanged(MavenLaunchConfigurationListener.java:132)
	at org.eclipse.m2e.core.internal.project.registry.ProjectRegistryManager.notifyProjectChangeListeners(ProjectRegistryManager.java:892)
	at org.eclipse.m2e.core.internal.project.registry.ProjectRegistryManager.applyMutableProjectRegistry(ProjectRegistryManager.java:1042)
	at org.eclipse.m2e.core.internal.project.registry.ProjectRegistryManager.refresh(ProjectRegistryManager.java:324)
	at org.eclipse.m2e.core.internal.project.ProjectConfigurationManager.updateProjectConfiguration0(ProjectConfigurationManager.java:388)
	at org.eclipse.m2e.core.internal.project.ProjectConfigurationManager.lambda$3(ProjectConfigurationManager.java:340)
	at org.eclipse.m2e.core.internal.embedder.MavenExecutionContext.executeBare(MavenExecutionContext.java:458)
	at org.eclipse.m2e.core.internal.embedder.MavenExecutionContext.execute(MavenExecutionContext.java:339)
	at org.eclipse.m2e.core.internal.embedder.MavenExecutionContext.execute(MavenExecutionContext.java:278)
	at org.eclipse.m2e.core.internal.embedder.MavenImpl.execute(MavenImpl.java:1053)
	at org.eclipse.m2e.core.internal.project.ProjectConfigurationManager.updateProjectConfiguration(ProjectConfigurationManager.java:339)
	at org.eclipse.m2e.core.ui.internal.project.MavenProjectConfigurator$UpdateMavenConfigurationJob.run(MavenProjectConfigurator.java:177)
	at org.eclipse.core.internal.jobs.Worker.run(Worker.java:63)
2025-08-09 12:38:26,786 [Worker-22: Update Maven projects configuration] ERROR o.e.m.j.i.l.MavenLaunchConfigurationListener - Launch configuration ProductServiceApplication references non-existing project product-service.
org.eclipse.core.runtime.CoreException: Launch configuration ProductServiceApplication references non-existing project product-service.
	at org.eclipse.jdt.launching.JavaRuntime.abort(JavaRuntime.java:1867)
	at org.eclipse.jdt.launching.JavaRuntime.getJavaProject(JavaRuntime.java:1744)
	at org.eclipse.m2e.jdt.internal.launch.MavenLaunchConfigurationListener.updateLaunchConfiguration(MavenLaunchConfigurationListener.java:64)
	at org.eclipse.m2e.jdt.internal.launch.MavenLaunchConfigurationListener.launchConfigurationChanged(MavenLaunchConfigurationListener.java:50)
	at org.eclipse.debug.internal.core.LaunchManager$ConfigurationNotifier.run(LaunchManager.java:220)
	at org.eclipse.core.runtime.SafeRunner.run(SafeRunner.java:47)
	at org.eclipse.debug.internal.core.LaunchManager$ConfigurationNotifier.notify(LaunchManager.java:204)
	at org.eclipse.debug.internal.core.LaunchManager.launchConfigurationChanged(LaunchManager.java:2010)
	at org.eclipse.debug.internal.core.LaunchConfigurationWorkingCopy.writeNewFile(LaunchConfigurationWorkingCopy.java:380)
	at org.eclipse.debug.internal.core.LaunchConfigurationWorkingCopy.doSave0(LaunchConfigurationWorkingCopy.java:259)
	at org.eclipse.debug.internal.core.LaunchConfigurationWorkingCopy.doSave(LaunchConfigurationWorkingCopy.java:229)
	at org.eclipse.debug.internal.core.LaunchConfigurationWorkingCopy.doSave(LaunchConfigurationWorkingCopy.java:187)
	at org.eclipse.m2e.jdt.internal.launch.MavenRuntimeClasspathProvider.enable(MavenRuntimeClasspathProvider.java:398)
	at org.eclipse.m2e.jdt.internal.launch.MavenRuntimeClasspathProvider.enable(MavenRuntimeClasspathProvider.java:427)
	at org.eclipse.m2e.jdt.internal.launch.MavenLaunchConfigurationListener.mavenProjectChanged(MavenLaunchConfigurationListener.java:132)
	at org.eclipse.m2e.core.internal.project.registry.ProjectRegistryManager.notifyProjectChangeListeners(ProjectRegistryManager.java:892)
	at org.eclipse.m2e.core.internal.project.registry.ProjectRegistryManager.applyMutableProjectRegistry(ProjectRegistryManager.java:1042)
	at org.eclipse.m2e.core.internal.project.registry.ProjectRegistryManager.refresh(ProjectRegistryManager.java:324)
	at org.eclipse.m2e.core.internal.project.ProjectConfigurationManager.updateProjectConfiguration0(ProjectConfigurationManager.java:388)
	at org.eclipse.m2e.core.internal.project.ProjectConfigurationManager.lambda$3(ProjectConfigurationManager.java:340)
	at org.eclipse.m2e.core.internal.embedder.MavenExecutionContext.executeBare(MavenExecutionContext.java:458)
	at org.eclipse.m2e.core.internal.embedder.MavenExecutionContext.execute(MavenExecutionContext.java:339)
	at org.eclipse.m2e.core.internal.embedder.MavenExecutionContext.execute(MavenExecutionContext.java:278)
	at org.eclipse.m2e.core.internal.embedder.MavenImpl.execute(MavenImpl.java:1053)
	at org.eclipse.m2e.core.internal.project.ProjectConfigurationManager.updateProjectConfiguration(ProjectConfigurationManager.java:339)
	at org.eclipse.m2e.core.ui.internal.project.MavenProjectConfigurator$UpdateMavenConfigurationJob.run(MavenProjectConfigurator.java:177)
	at org.eclipse.core.internal.jobs.Worker.run(Worker.java:63)
2025-08-09 12:38:26,962 [Worker-22: Update Maven projects configuration] INFO  o.e.m.j.i.AbstractJavaProjectConfigurator - Adding source folder /product-service/src/main/java
2025-08-09 12:38:26,967 [Worker-22: Update Maven projects configuration] INFO  o.e.m.j.i.AbstractJavaProjectConfigurator - Adding resource folder /product-service/src/main/resources
2025-08-09 12:38:26,978 [Worker-22: Update Maven projects configuration] INFO  o.e.m.j.i.AbstractJavaProjectConfigurator - Adding resource folder /product-service/src/main/resources
2025-08-09 12:38:26,994 [Worker-22: Update Maven projects configuration] INFO  o.e.m.j.i.AbstractJavaProjectConfigurator - Adding source folder /product-service/src/test/java
2025-08-09 12:38:26,995 [Worker-33: Download sources and javadoc] INFO  o.e.m.c.i.e.AbstractTransferListenerAdapter - Downloaded https://repo.maven.apache.org/maven2/org/springframework/cloud/spring-cloud-starter-openfeign/4.3.0/spring-cloud-starter-openfeign-4.3.0-sources.jar
2025-08-09 12:38:26,996 [Worker-22: Update Maven projects configuration] INFO  o.e.m.j.i.AbstractJavaProjectConfigurator - Adding resource folder /product-service/src/test/resources
2025-08-09 12:38:27,005 [Worker-33: Download sources and javadoc] ERROR o.e.m.j.internal.DownloadSourcesJob - Could not download sources for org.springframework.cloud:spring-cloud-starter-openfeign:4.3.0
org.eclipse.core.runtime.CoreException: Could not resolve artifact org.springframework.cloud:spring-cloud-starter-openfeign:jar:sources:4.3.0
	at org.eclipse.m2e.core.internal.embedder.MavenImpl.lambda$7(MavenImpl.java:540)
	at org.eclipse.m2e.core.internal.embedder.MavenExecutionContext.executeBare(MavenExecutionContext.java:458)
	at org.eclipse.m2e.core.internal.embedder.MavenExecutionContext.execute(MavenExecutionContext.java:292)
	at org.eclipse.m2e.core.internal.embedder.MavenExecutionContext.execute(MavenExecutionContext.java:278)
	at org.eclipse.m2e.core.internal.embedder.MavenImpl.resolve(MavenImpl.java:509)
	at org.eclipse.m2e.core.internal.embedder.MavenImpl.resolve(MavenImpl.java:494)
	at org.eclipse.m2e.jdt.internal.DownloadSourcesJob.download(DownloadSourcesJob.java:308)
	at org.eclipse.m2e.jdt.internal.DownloadSourcesJob.downloadAttachments(DownloadSourcesJob.java:282)
	at org.eclipse.m2e.jdt.internal.DownloadSourcesJob.downloadMaven(DownloadSourcesJob.java:252)
	at org.eclipse.m2e.jdt.internal.DownloadSourcesJob.downloadFilesAndPopulateToUpdate(DownloadSourcesJob.java:220)
	at org.eclipse.m2e.jdt.internal.DownloadSourcesJob.lambda$0(DownloadSourcesJob.java:149)
	at org.eclipse.m2e.core.internal.embedder.MavenExecutionContext.executeBare(MavenExecutionContext.java:458)
	at org.eclipse.m2e.core.internal.embedder.MavenExecutionContext.execute(MavenExecutionContext.java:339)
	at org.eclipse.m2e.core.internal.embedder.MavenExecutionContext.execute(MavenExecutionContext.java:278)
	at org.eclipse.m2e.core.embedder.IMaven.execute(IMaven.java:300)
	at org.eclipse.m2e.jdt.internal.DownloadSourcesJob.run(DownloadSourcesJob.java:149)
	at org.eclipse.core.internal.jobs.Worker.run(Worker.java:63)
2025-08-09 12:38:27,084 [Worker-33: Download sources and javadoc] INFO  o.e.m.c.i.e.AbstractTransferListenerAdapter - Downloading https://repo.maven.apache.org/maven2/org/springframework/cloud/spring-cloud-openfeign-core/4.3.0/spring-cloud-openfeign-core-4.3.0-sources.jar
2025-08-09 12:38:27,126 [Worker-33: Download sources and javadoc] INFO  o.e.m.c.i.e.AbstractTransferListenerAdapter - Downloaded https://repo.maven.apache.org/maven2/org/springframework/cloud/spring-cloud-openfeign-core/4.3.0/spring-cloud-openfeign-core-4.3.0-sources.jar
2025-08-09 12:38:27,136 [Worker-33: Download sources and javadoc] INFO  o.e.m.j.internal.DownloadSourcesJob - Downloaded sources for org.springframework.cloud:spring-cloud-openfeign-core:4.3.0
2025-08-09 12:38:27,204 [Worker-33: Download sources and javadoc] INFO  o.e.m.c.i.e.AbstractTransferListenerAdapter - Downloading https://repo.maven.apache.org/maven2/io/github/openfeign/feign-form-spring/13.6/feign-form-spring-13.6-sources.jar
2025-08-09 12:38:27,217 [Worker-33: Download sources and javadoc] INFO  o.e.m.c.i.e.AbstractTransferListenerAdapter - Downloaded https://repo.maven.apache.org/maven2/io/github/openfeign/feign-form-spring/13.6/feign-form-spring-13.6-sources.jar
2025-08-09 12:38:27,230 [Worker-33: Download sources and javadoc] INFO  o.e.m.j.internal.DownloadSourcesJob - Downloaded sources for io.github.openfeign:feign-form-spring:13.6
2025-08-09 12:38:27,315 [Worker-33: Download sources and javadoc] INFO  o.e.m.c.i.e.AbstractTransferListenerAdapter - Downloading https://repo.maven.apache.org/maven2/org/apache/commons/commons-text/1.13.0/commons-text-1.13.0-sources.jar
2025-08-09 12:38:27,376 [Worker-33: Download sources and javadoc] INFO  o.e.m.c.i.e.AbstractTransferListenerAdapter - Downloaded https://repo.maven.apache.org/maven2/org/apache/commons/commons-text/1.13.0/commons-text-1.13.0-sources.jar
2025-08-09 12:38:27,386 [Worker-33: Download sources and javadoc] INFO  o.e.m.j.internal.DownloadSourcesJob - Downloaded sources for org.apache.commons:commons-text:1.13.0
2025-08-09 12:38:27,487 [Worker-33: Download sources and javadoc] INFO  o.e.m.c.i.e.AbstractTransferListenerAdapter - Downloading https://repo.maven.apache.org/maven2/org/apache/commons/commons-lang3/3.17.0/commons-lang3-3.17.0-sources.jar
2025-08-09 12:38:27,571 [Worker-33: Download sources and javadoc] INFO  o.e.m.c.i.e.AbstractTransferListenerAdapter - Downloaded https://repo.maven.apache.org/maven2/org/apache/commons/commons-lang3/3.17.0/commons-lang3-3.17.0-sources.jar
2025-08-09 12:38:27,586 [Worker-33: Download sources and javadoc] INFO  o.e.m.j.internal.DownloadSourcesJob - Downloaded sources for org.apache.commons:commons-lang3:3.17.0
2025-08-09 12:38:27,690 [Worker-33: Download sources and javadoc] INFO  o.e.m.c.i.e.AbstractTransferListenerAdapter - Downloading https://repo.maven.apache.org/maven2/io/github/openfeign/feign-form/13.6/feign-form-13.6-sources.jar
2025-08-09 12:38:27,702 [Worker-33: Download sources and javadoc] INFO  o.e.m.c.i.e.AbstractTransferListenerAdapter - Downloaded https://repo.maven.apache.org/maven2/io/github/openfeign/feign-form/13.6/feign-form-13.6-sources.jar
2025-08-09 12:38:27,712 [Worker-33: Download sources and javadoc] INFO  o.e.m.j.internal.DownloadSourcesJob - Downloaded sources for io.github.openfeign:feign-form:13.6
2025-08-09 12:38:27,802 [Worker-33: Download sources and javadoc] INFO  o.e.m.c.i.e.AbstractTransferListenerAdapter - Downloading https://repo.maven.apache.org/maven2/commons-fileupload/commons-fileupload/1.5/commons-fileupload-1.5-sources.jar
2025-08-09 12:38:27,830 [Worker-33: Download sources and javadoc] INFO  o.e.m.c.i.e.AbstractTransferListenerAdapter - Downloaded https://repo.maven.apache.org/maven2/commons-fileupload/commons-fileupload/1.5/commons-fileupload-1.5-sources.jar
2025-08-09 12:38:27,840 [Worker-33: Download sources and javadoc] INFO  o.e.m.j.internal.DownloadSourcesJob - Downloaded sources for commons-fileupload:commons-fileupload:1.5
2025-08-09 12:38:27,932 [Worker-33: Download sources and javadoc] INFO  o.e.m.c.i.e.AbstractTransferListenerAdapter - Downloading https://repo.maven.apache.org/maven2/io/github/openfeign/feign-core/13.6/feign-core-13.6-sources.jar
2025-08-09 12:38:27,975 [Worker-33: Download sources and javadoc] INFO  o.e.m.c.i.e.AbstractTransferListenerAdapter - Downloaded https://repo.maven.apache.org/maven2/io/github/openfeign/feign-core/13.6/feign-core-13.6-sources.jar
2025-08-09 12:38:27,987 [Worker-33: Download sources and javadoc] INFO  o.e.m.j.internal.DownloadSourcesJob - Downloaded sources for io.github.openfeign:feign-core:13.6
2025-08-09 12:38:28,072 [Worker-33: Download sources and javadoc] INFO  o.e.m.c.i.e.AbstractTransferListenerAdapter - Downloading https://repo.maven.apache.org/maven2/io/github/openfeign/feign-slf4j/13.6/feign-slf4j-13.6-sources.jar
2025-08-09 12:38:28,088 [Worker-33: Download sources and javadoc] INFO  o.e.m.c.i.e.AbstractTransferListenerAdapter - Downloaded https://repo.maven.apache.org/maven2/io/github/openfeign/feign-slf4j/13.6/feign-slf4j-13.6-sources.jar
2025-08-09 12:38:28,099 [Worker-33: Download sources and javadoc] INFO  o.e.m.j.internal.DownloadSourcesJob - Downloaded sources for io.github.openfeign:feign-slf4j:13.6
2025-08-09 12:38:29,734 [Worker-14: Building] INFO  o.a.m.s.f.DefaultMavenResourcesFiltering - Copying 1 resource from src\main\resources to target\classes
2025-08-09 12:38:29,790 [Worker-14: Building] INFO  o.a.m.s.f.DefaultMavenResourcesFiltering - Copying 0 resource from src\main\resources to target\classes
2025-08-09 12:38:29,808 [Worker-14: Building] INFO  o.a.m.s.f.DefaultMavenResourcesFiltering - skip non existing resourceDirectory C:\Users\laksh\Music\Microservices\Ecommerce\product-service\src\test\resources
2025-08-09 12:38:33,527 [Worker-31: Building] INFO  o.a.m.s.f.DefaultMavenResourcesFiltering - Copying 1 resource from src\main\resources to target\classes
2025-08-09 12:38:33,534 [Worker-31: Building] INFO  o.a.m.s.f.DefaultMavenResourcesFiltering - Copying 0 resource from src\main\resources to target\classes
2025-08-09 12:38:33,546 [Worker-31: Building] INFO  o.a.m.s.f.DefaultMavenResourcesFiltering - skip non existing resourceDirectory C:\Users\laksh\Music\Microservices\Ecommerce\product-service\src\test\resources
2025-08-09 12:38:33,804 [Worker-22: Update Maven projects configuration] INFO  o.e.m.c.i.p.ProjectConfigurationManager - Update completed for 1 poms: local refresh takes 0.00 sec, refresh facades takes 6.00 sec, update config takes 7.00 sec 
2025-08-09 12:38:35,276 [Worker-22: Update Maven projects configuration] INFO  o.e.m.c.i.p.ProjectConfigurationManager - Update started
2025-08-09 12:38:35,710 [Worker-22: Update Maven projects configuration] INFO  o.e.m.c.i.l.LifecycleMappingFactory - Using org.maven.ide.eclipse.wtp.WarLifecycleMapping lifecycle mapping for MavenProject: com.example:customer-service:0.0.1-SNAPSHOT @ C:\Users\laksh\Music\Microservices\Ecommerce\customer-service\pom.xml.
2025-08-09 12:38:36,802 [Worker-22: Update Maven projects configuration] ERROR o.e.m.j.i.l.MavenLaunchConfigurationListener - Launch configuration CustomerServiceApplication references non-existing project customer-service.
org.eclipse.core.runtime.CoreException: Launch configuration CustomerServiceApplication references non-existing project customer-service.
	at org.eclipse.jdt.launching.JavaRuntime.abort(JavaRuntime.java:1867)
	at org.eclipse.jdt.launching.JavaRuntime.getJavaProject(JavaRuntime.java:1744)
	at org.eclipse.m2e.jdt.internal.launch.MavenLaunchConfigurationListener.updateLaunchConfiguration(MavenLaunchConfigurationListener.java:64)
	at org.eclipse.m2e.jdt.internal.launch.MavenLaunchConfigurationListener.launchConfigurationChanged(MavenLaunchConfigurationListener.java:50)
	at org.eclipse.debug.internal.core.LaunchManager$ConfigurationNotifier.run(LaunchManager.java:220)
	at org.eclipse.core.runtime.SafeRunner.run(SafeRunner.java:47)
	at org.eclipse.debug.internal.core.LaunchManager$ConfigurationNotifier.notify(LaunchManager.java:204)
	at org.eclipse.debug.internal.core.LaunchConfigurationWorkingCopy.setDirty(LaunchConfigurationWorkingCopy.java:527)
	at org.eclipse.debug.internal.core.LaunchConfigurationWorkingCopy.setAttribute(LaunchConfigurationWorkingCopy.java:415)
	at org.eclipse.m2e.jdt.internal.launch.MavenRuntimeClasspathProvider.enable(MavenRuntimeClasspathProvider.java:403)
	at org.eclipse.m2e.jdt.internal.launch.MavenRuntimeClasspathProvider.enable(MavenRuntimeClasspathProvider.java:397)
	at org.eclipse.m2e.jdt.internal.launch.MavenRuntimeClasspathProvider.enable(MavenRuntimeClasspathProvider.java:427)
	at org.eclipse.m2e.jdt.internal.launch.MavenLaunchConfigurationListener.mavenProjectChanged(MavenLaunchConfigurationListener.java:132)
	at org.eclipse.m2e.core.internal.project.registry.ProjectRegistryManager.notifyProjectChangeListeners(ProjectRegistryManager.java:892)
	at org.eclipse.m2e.core.internal.project.registry.ProjectRegistryManager.applyMutableProjectRegistry(ProjectRegistryManager.java:1042)
	at org.eclipse.m2e.core.internal.project.registry.ProjectRegistryManager.refresh(ProjectRegistryManager.java:324)
	at org.eclipse.m2e.core.internal.project.ProjectConfigurationManager.updateProjectConfiguration0(ProjectConfigurationManager.java:388)
	at org.eclipse.m2e.core.internal.project.ProjectConfigurationManager.lambda$3(ProjectConfigurationManager.java:340)
	at org.eclipse.m2e.core.internal.embedder.MavenExecutionContext.executeBare(MavenExecutionContext.java:458)
	at org.eclipse.m2e.core.internal.embedder.MavenExecutionContext.execute(MavenExecutionContext.java:339)
	at org.eclipse.m2e.core.internal.embedder.MavenExecutionContext.execute(MavenExecutionContext.java:278)
	at org.eclipse.m2e.core.internal.embedder.MavenImpl.execute(MavenImpl.java:1053)
	at org.eclipse.m2e.core.internal.project.ProjectConfigurationManager.updateProjectConfiguration(ProjectConfigurationManager.java:339)
	at org.eclipse.m2e.core.ui.internal.project.MavenProjectConfigurator$UpdateMavenConfigurationJob.run(MavenProjectConfigurator.java:177)
	at org.eclipse.core.internal.jobs.Worker.run(Worker.java:63)
2025-08-09 12:38:36,806 [Worker-22: Update Maven projects configuration] ERROR o.e.m.j.i.l.MavenLaunchConfigurationListener - Launch configuration CustomerServiceApplication references non-existing project customer-service.
org.eclipse.core.runtime.CoreException: Launch configuration CustomerServiceApplication references non-existing project customer-service.
	at org.eclipse.jdt.launching.JavaRuntime.abort(JavaRuntime.java:1867)
	at org.eclipse.jdt.launching.JavaRuntime.getJavaProject(JavaRuntime.java:1744)
	at org.eclipse.m2e.jdt.internal.launch.MavenLaunchConfigurationListener.updateLaunchConfiguration(MavenLaunchConfigurationListener.java:64)
	at org.eclipse.m2e.jdt.internal.launch.MavenLaunchConfigurationListener.launchConfigurationChanged(MavenLaunchConfigurationListener.java:50)
	at org.eclipse.debug.internal.core.LaunchManager$ConfigurationNotifier.run(LaunchManager.java:220)
	at org.eclipse.core.runtime.SafeRunner.run(SafeRunner.java:47)
	at org.eclipse.debug.internal.core.LaunchManager$ConfigurationNotifier.notify(LaunchManager.java:204)
	at org.eclipse.debug.internal.core.LaunchConfigurationWorkingCopy.setDirty(LaunchConfigurationWorkingCopy.java:527)
	at org.eclipse.debug.internal.core.LaunchConfigurationWorkingCopy.setAttribute(LaunchConfigurationWorkingCopy.java:415)
	at org.eclipse.m2e.jdt.internal.launch.MavenRuntimeClasspathProvider.enable(MavenRuntimeClasspathProvider.java:404)
	at org.eclipse.m2e.jdt.internal.launch.MavenRuntimeClasspathProvider.enable(MavenRuntimeClasspathProvider.java:397)
	at org.eclipse.m2e.jdt.internal.launch.MavenRuntimeClasspathProvider.enable(MavenRuntimeClasspathProvider.java:427)
	at org.eclipse.m2e.jdt.internal.launch.MavenLaunchConfigurationListener.mavenProjectChanged(MavenLaunchConfigurationListener.java:132)
	at org.eclipse.m2e.core.internal.project.registry.ProjectRegistryManager.notifyProjectChangeListeners(ProjectRegistryManager.java:892)
	at org.eclipse.m2e.core.internal.project.registry.ProjectRegistryManager.applyMutableProjectRegistry(ProjectRegistryManager.java:1042)
	at org.eclipse.m2e.core.internal.project.registry.ProjectRegistryManager.refresh(ProjectRegistryManager.java:324)
	at org.eclipse.m2e.core.internal.project.ProjectConfigurationManager.updateProjectConfiguration0(ProjectConfigurationManager.java:388)
	at org.eclipse.m2e.core.internal.project.ProjectConfigurationManager.lambda$3(ProjectConfigurationManager.java:340)
	at org.eclipse.m2e.core.internal.embedder.MavenExecutionContext.executeBare(MavenExecutionContext.java:458)
	at org.eclipse.m2e.core.internal.embedder.MavenExecutionContext.execute(MavenExecutionContext.java:339)
	at org.eclipse.m2e.core.internal.embedder.MavenExecutionContext.execute(MavenExecutionContext.java:278)
	at org.eclipse.m2e.core.internal.embedder.MavenImpl.execute(MavenImpl.java:1053)
	at org.eclipse.m2e.core.internal.project.ProjectConfigurationManager.updateProjectConfiguration(ProjectConfigurationManager.java:339)
	at org.eclipse.m2e.core.ui.internal.project.MavenProjectConfigurator$UpdateMavenConfigurationJob.run(MavenProjectConfigurator.java:177)
	at org.eclipse.core.internal.jobs.Worker.run(Worker.java:63)
2025-08-09 12:38:36,810 [Worker-22: Update Maven projects configuration] ERROR o.e.m.j.i.l.MavenLaunchConfigurationListener - Launch configuration CustomerServiceApplication references non-existing project customer-service.
org.eclipse.core.runtime.CoreException: Launch configuration CustomerServiceApplication references non-existing project customer-service.
	at org.eclipse.jdt.launching.JavaRuntime.abort(JavaRuntime.java:1867)
	at org.eclipse.jdt.launching.JavaRuntime.getJavaProject(JavaRuntime.java:1744)
	at org.eclipse.m2e.jdt.internal.launch.MavenLaunchConfigurationListener.updateLaunchConfiguration(MavenLaunchConfigurationListener.java:64)
	at org.eclipse.m2e.jdt.internal.launch.MavenLaunchConfigurationListener.launchConfigurationChanged(MavenLaunchConfigurationListener.java:50)
	at org.eclipse.debug.internal.core.LaunchManager$ConfigurationNotifier.run(LaunchManager.java:220)
	at org.eclipse.core.runtime.SafeRunner.run(SafeRunner.java:47)
	at org.eclipse.debug.internal.core.LaunchManager$ConfigurationNotifier.notify(LaunchManager.java:204)
	at org.eclipse.debug.internal.core.LaunchManager.launchConfigurationChanged(LaunchManager.java:2010)
	at org.eclipse.debug.internal.core.LaunchConfigurationWorkingCopy.writeNewFile(LaunchConfigurationWorkingCopy.java:380)
	at org.eclipse.debug.internal.core.LaunchConfigurationWorkingCopy.doSave0(LaunchConfigurationWorkingCopy.java:259)
	at org.eclipse.debug.internal.core.LaunchConfigurationWorkingCopy.doSave(LaunchConfigurationWorkingCopy.java:229)
	at org.eclipse.debug.internal.core.LaunchConfigurationWorkingCopy.doSave(LaunchConfigurationWorkingCopy.java:187)
	at org.eclipse.m2e.jdt.internal.launch.MavenRuntimeClasspathProvider.enable(MavenRuntimeClasspathProvider.java:398)
	at org.eclipse.m2e.jdt.internal.launch.MavenRuntimeClasspathProvider.enable(MavenRuntimeClasspathProvider.java:427)
	at org.eclipse.m2e.jdt.internal.launch.MavenLaunchConfigurationListener.mavenProjectChanged(MavenLaunchConfigurationListener.java:132)
	at org.eclipse.m2e.core.internal.project.registry.ProjectRegistryManager.notifyProjectChangeListeners(ProjectRegistryManager.java:892)
	at org.eclipse.m2e.core.internal.project.registry.ProjectRegistryManager.applyMutableProjectRegistry(ProjectRegistryManager.java:1042)
	at org.eclipse.m2e.core.internal.project.registry.ProjectRegistryManager.refresh(ProjectRegistryManager.java:324)
	at org.eclipse.m2e.core.internal.project.ProjectConfigurationManager.updateProjectConfiguration0(ProjectConfigurationManager.java:388)
	at org.eclipse.m2e.core.internal.project.ProjectConfigurationManager.lambda$3(ProjectConfigurationManager.java:340)
	at org.eclipse.m2e.core.internal.embedder.MavenExecutionContext.executeBare(MavenExecutionContext.java:458)
	at org.eclipse.m2e.core.internal.embedder.MavenExecutionContext.execute(MavenExecutionContext.java:339)
	at org.eclipse.m2e.core.internal.embedder.MavenExecutionContext.execute(MavenExecutionContext.java:278)
	at org.eclipse.m2e.core.internal.embedder.MavenImpl.execute(MavenImpl.java:1053)
	at org.eclipse.m2e.core.internal.project.ProjectConfigurationManager.updateProjectConfiguration(ProjectConfigurationManager.java:339)
	at org.eclipse.m2e.core.ui.internal.project.MavenProjectConfigurator$UpdateMavenConfigurationJob.run(MavenProjectConfigurator.java:177)
	at org.eclipse.core.internal.jobs.Worker.run(Worker.java:63)
2025-08-09 12:38:36,906 [Worker-22: Update Maven projects configuration] INFO  o.e.m.j.i.AbstractJavaProjectConfigurator - Adding source folder /customer-service/src/main/java
2025-08-09 12:38:36,908 [Worker-22: Update Maven projects configuration] INFO  o.e.m.j.i.AbstractJavaProjectConfigurator - Adding resource folder /customer-service/src/main/resources
2025-08-09 12:38:36,917 [Worker-22: Update Maven projects configuration] INFO  o.e.m.j.i.AbstractJavaProjectConfigurator - Adding resource folder /customer-service/src/main/resources
2025-08-09 12:38:36,925 [Worker-22: Update Maven projects configuration] INFO  o.e.m.j.i.AbstractJavaProjectConfigurator - Adding source folder /customer-service/src/test/java
2025-08-09 12:38:36,926 [Worker-22: Update Maven projects configuration] INFO  o.e.m.j.i.AbstractJavaProjectConfigurator - Adding resource folder /customer-service/src/test/resources
2025-08-09 12:38:38,275 [Worker-14: Building] INFO  o.a.m.s.f.DefaultMavenResourcesFiltering - Copying 1 resource from src\main\resources to target\classes
2025-08-09 12:38:38,308 [Worker-14: Building] INFO  o.a.m.s.f.DefaultMavenResourcesFiltering - Copying 0 resource from src\main\resources to target\classes
2025-08-09 12:38:38,320 [Worker-14: Building] INFO  o.a.m.s.f.DefaultMavenResourcesFiltering - skip non existing resourceDirectory C:\Users\laksh\Music\Microservices\Ecommerce\customer-service\src\test\resources
2025-08-09 12:38:40,182 [Worker-22: Update Maven projects configuration] INFO  o.e.m.c.i.p.ProjectConfigurationManager - Update completed for 1 poms: local refresh takes 0.00 sec, refresh facades takes 1.00 sec, update config takes 3.00 sec 
2025-08-09 12:38:40,909 [Worker-28: Building] INFO  o.a.m.s.f.DefaultMavenResourcesFiltering - Copying 1 resource from src\main\resources to target\classes
2025-08-09 12:38:40,913 [Worker-28: Building] INFO  o.a.m.s.f.DefaultMavenResourcesFiltering - Copying 0 resource from src\main\resources to target\classes
2025-08-09 12:38:40,919 [Worker-28: Building] INFO  o.a.m.s.f.DefaultMavenResourcesFiltering - skip non existing resourceDirectory C:\Users\laksh\Music\Microservices\Ecommerce\customer-service\src\test\resources
2025-08-09 12:38:58,721 [Worker-22: Update Maven projects configuration] INFO  o.e.m.c.i.p.ProjectConfigurationManager - Update started
2025-08-09 12:38:59,065 [Worker-22: Update Maven projects configuration] INFO  o.e.m.c.i.l.LifecycleMappingFactory - Using org.maven.ide.eclipse.wtp.WarLifecycleMapping lifecycle mapping for MavenProject: com.example:order-service:0.0.1-SNAPSHOT @ C:\Users\laksh\Music\Microservices\Ecommerce\order-service\pom.xml.
2025-08-09 12:39:00,095 [Worker-22: Update Maven projects configuration] INFO  o.e.m.j.i.AbstractJavaProjectConfigurator - Adding source folder /order-service/src/main/java
2025-08-09 12:39:00,097 [Worker-22: Update Maven projects configuration] INFO  o.e.m.j.i.AbstractJavaProjectConfigurator - Adding resource folder /order-service/src/main/resources
2025-08-09 12:39:00,105 [Worker-22: Update Maven projects configuration] INFO  o.e.m.j.i.AbstractJavaProjectConfigurator - Adding resource folder /order-service/src/main/resources
2025-08-09 12:39:00,112 [Worker-22: Update Maven projects configuration] INFO  o.e.m.j.i.AbstractJavaProjectConfigurator - Adding source folder /order-service/src/test/java
2025-08-09 12:39:00,114 [Worker-22: Update Maven projects configuration] INFO  o.e.m.j.i.AbstractJavaProjectConfigurator - Adding resource folder /order-service/src/test/resources
2025-08-09 12:39:00,651 [Worker-24: Building] INFO  o.a.m.s.f.DefaultMavenResourcesFiltering - Copying 1 resource from src\main\resources to target\classes
2025-08-09 12:39:00,668 [Worker-24: Building] INFO  o.a.m.s.f.DefaultMavenResourcesFiltering - Copying 0 resource from src\main\resources to target\classes
2025-08-09 12:39:00,674 [Worker-24: Building] INFO  o.a.m.s.f.DefaultMavenResourcesFiltering - skip non existing resourceDirectory C:\Users\laksh\Music\Microservices\Ecommerce\order-service\src\test\resources
2025-08-09 12:39:01,445 [Worker-34: Download sources and javadoc] INFO  o.e.m.c.i.e.AbstractTransferListenerAdapter - Downloaded https://repo.maven.apache.org/maven2/org/springframework/cloud/spring-cloud-starter-openfeign/4.3.0/spring-cloud-starter-openfeign-4.3.0-javadoc.jar
2025-08-09 12:39:01,448 [Worker-34: Download sources and javadoc] ERROR o.e.m.j.internal.DownloadSourcesJob - Could not download javadoc for org.springframework.cloud:spring-cloud-starter-openfeign:4.3.0
org.eclipse.core.runtime.CoreException: Could not resolve artifact org.springframework.cloud:spring-cloud-starter-openfeign:jar:javadoc:4.3.0
	at org.eclipse.m2e.core.internal.embedder.MavenImpl.lambda$7(MavenImpl.java:540)
	at org.eclipse.m2e.core.internal.embedder.MavenExecutionContext.executeBare(MavenExecutionContext.java:458)
	at org.eclipse.m2e.core.internal.embedder.MavenExecutionContext.execute(MavenExecutionContext.java:292)
	at org.eclipse.m2e.core.internal.embedder.MavenExecutionContext.execute(MavenExecutionContext.java:278)
	at org.eclipse.m2e.core.internal.embedder.MavenImpl.resolve(MavenImpl.java:509)
	at org.eclipse.m2e.core.internal.embedder.MavenImpl.resolve(MavenImpl.java:494)
	at org.eclipse.m2e.jdt.internal.DownloadSourcesJob.download(DownloadSourcesJob.java:308)
	at org.eclipse.m2e.jdt.internal.DownloadSourcesJob.downloadAttachments(DownloadSourcesJob.java:294)
	at org.eclipse.m2e.jdt.internal.DownloadSourcesJob.downloadMaven(DownloadSourcesJob.java:252)
	at org.eclipse.m2e.jdt.internal.DownloadSourcesJob.downloadFilesAndPopulateToUpdate(DownloadSourcesJob.java:220)
	at org.eclipse.m2e.jdt.internal.DownloadSourcesJob.lambda$0(DownloadSourcesJob.java:149)
	at org.eclipse.m2e.core.internal.embedder.MavenExecutionContext.executeBare(MavenExecutionContext.java:458)
	at org.eclipse.m2e.core.internal.embedder.MavenExecutionContext.execute(MavenExecutionContext.java:339)
	at org.eclipse.m2e.core.internal.embedder.MavenExecutionContext.execute(MavenExecutionContext.java:278)
	at org.eclipse.m2e.core.embedder.IMaven.execute(IMaven.java:300)
	at org.eclipse.m2e.jdt.internal.DownloadSourcesJob.run(DownloadSourcesJob.java:149)
	at org.eclipse.core.internal.jobs.Worker.run(Worker.java:63)
2025-08-09 12:39:01,611 [Worker-22: Update Maven projects configuration] INFO  o.e.m.c.i.p.ProjectConfigurationManager - Update completed for 1 poms: local refresh takes 0.00 sec, refresh facades takes 1.00 sec, update config takes 1.00 sec 
2025-08-09 12:39:01,986 [Worker-31: Building] INFO  o.a.m.s.f.DefaultMavenResourcesFiltering - Copying 1 resource from src\main\resources to target\classes
2025-08-09 12:39:01,989 [Worker-31: Building] INFO  o.a.m.s.f.DefaultMavenResourcesFiltering - Copying 0 resource from src\main\resources to target\classes
2025-08-09 12:39:01,997 [Worker-31: Building] INFO  o.a.m.s.f.DefaultMavenResourcesFiltering - skip non existing resourceDirectory C:\Users\laksh\Music\Microservices\Ecommerce\order-service\src\test\resources
2025-08-09 12:39:03,161 [Worker-11: Building] INFO  o.a.m.s.f.DefaultMavenResourcesFiltering - Copying 0 resource from src\main\resources to target\classes
2025-08-09 12:39:03,161 [Worker-11: Building] INFO  o.a.m.s.f.DefaultMavenResourcesFiltering - Copying 0 resource from src\main\resources to target\classes
2025-08-09 12:39:03,164 [Worker-11: Building] INFO  o.a.m.s.f.DefaultMavenResourcesFiltering - skip non existing resourceDirectory C:\Users\laksh\Music\Microservices\Ecommerce\order-service\src\test\resources
2025-08-09 12:39:17,656 [Worker-10: Update Maven projects configuration] INFO  o.e.m.c.i.p.ProjectConfigurationManager - Update started
2025-08-09 12:39:18,130 [Worker-10: Update Maven projects configuration] INFO  o.e.m.c.i.l.LifecycleMappingFactory - Using org.maven.ide.eclipse.wtp.WarLifecycleMapping lifecycle mapping for MavenProject: com.example:payment-service:0.0.1-SNAPSHOT @ C:\Users\laksh\Music\Microservices\Ecommerce\payment-service\pom.xml.
2025-08-09 12:39:18,942 [Worker-10: Update Maven projects configuration] INFO  o.e.m.j.i.AbstractJavaProjectConfigurator - Adding source folder /payment-service/src/main/java
2025-08-09 12:39:18,942 [Worker-10: Update Maven projects configuration] INFO  o.e.m.j.i.AbstractJavaProjectConfigurator - Adding resource folder /payment-service/src/main/resources
2025-08-09 12:39:18,950 [Worker-10: Update Maven projects configuration] INFO  o.e.m.j.i.AbstractJavaProjectConfigurator - Adding resource folder /payment-service/src/main/resources
2025-08-09 12:39:18,957 [Worker-10: Update Maven projects configuration] INFO  o.e.m.j.i.AbstractJavaProjectConfigurator - Adding source folder /payment-service/src/test/java
2025-08-09 12:39:18,957 [Worker-10: Update Maven projects configuration] INFO  o.e.m.j.i.AbstractJavaProjectConfigurator - Adding resource folder /payment-service/src/test/resources
2025-08-09 12:39:19,739 [Worker-4: Building] INFO  o.a.m.s.f.DefaultMavenResourcesFiltering - Copying 1 resource from src\main\resources to target\classes
2025-08-09 12:39:19,762 [Worker-4: Building] INFO  o.a.m.s.f.DefaultMavenResourcesFiltering - Copying 0 resource from src\main\resources to target\classes
2025-08-09 12:39:19,772 [Worker-4: Building] INFO  o.a.m.s.f.DefaultMavenResourcesFiltering - skip non existing resourceDirectory C:\Users\laksh\Music\Microservices\Ecommerce\payment-service\src\test\resources
2025-08-09 12:39:21,026 [Worker-10: Update Maven projects configuration] INFO  o.e.m.c.i.p.ProjectConfigurationManager - Update completed for 1 poms: local refresh takes 0.00 sec, refresh facades takes 1.00 sec, update config takes 2.00 sec 
2025-08-09 12:39:21,314 [Worker-31: Building] INFO  o.a.m.s.f.DefaultMavenResourcesFiltering - Copying 1 resource from src\main\resources to target\classes
2025-08-09 12:39:21,316 [Worker-31: Building] INFO  o.a.m.s.f.DefaultMavenResourcesFiltering - Copying 0 resource from src\main\resources to target\classes
2025-08-09 12:39:21,319 [Worker-31: Building] INFO  o.a.m.s.f.DefaultMavenResourcesFiltering - skip non existing resourceDirectory C:\Users\laksh\Music\Microservices\Ecommerce\payment-service\src\test\resources
2025-08-09 12:39:22,412 [Worker-11: Building] INFO  o.a.m.s.f.DefaultMavenResourcesFiltering - Copying 0 resource from src\main\resources to target\classes
2025-08-09 12:39:22,412 [Worker-11: Building] INFO  o.a.m.s.f.DefaultMavenResourcesFiltering - Copying 0 resource from src\main\resources to target\classes
2025-08-09 12:39:22,416 [Worker-11: Building] INFO  o.a.m.s.f.DefaultMavenResourcesFiltering - skip non existing resourceDirectory C:\Users\laksh\Music\Microservices\Ecommerce\payment-service\src\test\resources
2025-08-09 12:52:29,842 [Worker-4: Building] INFO  o.a.m.s.f.DefaultMavenResourcesFiltering - Copying 1 resource from src\main\resources to target\classes
2025-08-09 12:52:29,866 [Worker-4: Building] INFO  o.a.m.s.f.DefaultMavenResourcesFiltering - Copying 0 resource from src\main\resources to target\classes
2025-08-09 12:52:29,872 [Worker-4: Building] INFO  o.a.m.s.f.DefaultMavenResourcesFiltering - skip non existing resourceDirectory C:\Users\laksh\Music\Microservices\Ecommerce\product-service\src\test\resources
2025-08-09 12:57:16,506 [Worker-38: Building] INFO  o.a.m.s.f.DefaultMavenResourcesFiltering - Copying 1 resource from src\main\resources to target\classes
2025-08-09 12:57:16,514 [Worker-38: Building] INFO  o.a.m.s.f.DefaultMavenResourcesFiltering - Copying 0 resource from src\main\resources to target\classes
2025-08-09 12:57:16,518 [Worker-38: Building] INFO  o.a.m.s.f.DefaultMavenResourcesFiltering - skip non existing resourceDirectory C:\Users\laksh\Music\Microservices\Ecommerce\product-service\src\test\resources
2025-08-09 12:57:34,452 [Worker-38: Building] INFO  o.a.m.s.f.DefaultMavenResourcesFiltering - Copying 1 resource from src\main\resources to target\classes
2025-08-09 12:57:34,456 [Worker-38: Building] INFO  o.a.m.s.f.DefaultMavenResourcesFiltering - Copying 0 resource from src\main\resources to target\classes
2025-08-09 12:57:34,458 [Worker-38: Building] INFO  o.a.m.s.f.DefaultMavenResourcesFiltering - skip non existing resourceDirectory C:\Users\laksh\Music\Microservices\Ecommerce\product-service\src\test\resources
2025-08-09 12:58:42,983 [Worker-37: Building] INFO  o.a.m.s.f.DefaultMavenResourcesFiltering - Copying 1 resource from src\main\resources to target\classes
2025-08-09 12:58:42,992 [Worker-37: Building] INFO  o.a.m.s.f.DefaultMavenResourcesFiltering - Copying 0 resource from src\main\resources to target\classes
2025-08-09 12:58:42,995 [Worker-37: Building] INFO  o.a.m.s.f.DefaultMavenResourcesFiltering - skip non existing resourceDirectory C:\Users\laksh\Music\Microservices\Ecommerce\product-service\src\test\resources
2025-08-09 14:21:48,657 [Worker-48: Building] INFO  o.a.m.s.f.DefaultMavenResourcesFiltering - Copying 1 resource from src\main\resources to target\classes
2025-08-09 14:21:48,681 [Worker-48: Building] INFO  o.a.m.s.f.DefaultMavenResourcesFiltering - Copying 0 resource from src\main\resources to target\classes
2025-08-09 14:21:48,686 [Worker-48: Building] INFO  o.a.m.s.f.DefaultMavenResourcesFiltering - skip non existing resourceDirectory C:\Users\laksh\Music\Microservices\Ecommerce\customer-service\src\test\resources
2025-08-09 14:22:00,829 [Worker-52: Building] INFO  o.a.m.s.f.DefaultMavenResourcesFiltering - Copying 1 resource from src\main\resources to target\classes
2025-08-09 14:22:00,849 [Worker-52: Building] INFO  o.a.m.s.f.DefaultMavenResourcesFiltering - Copying 0 resource from src\main\resources to target\classes
2025-08-09 14:22:00,853 [Worker-52: Building] INFO  o.a.m.s.f.DefaultMavenResourcesFiltering - skip non existing resourceDirectory C:\Users\laksh\Music\Microservices\Ecommerce\product-service\src\test\resources
2025-08-09 14:22:15,352 [Worker-52: Building] INFO  o.a.m.s.f.DefaultMavenResourcesFiltering - Copying 1 resource from src\main\resources to target\classes
2025-08-09 14:22:15,376 [Worker-52: Building] INFO  o.a.m.s.f.DefaultMavenResourcesFiltering - Copying 0 resource from src\main\resources to target\classes
2025-08-09 14:22:15,380 [Worker-52: Building] INFO  o.a.m.s.f.DefaultMavenResourcesFiltering - skip non existing resourceDirectory C:\Users\laksh\Music\Microservices\Ecommerce\product-service\src\test\resources
2025-08-09 14:23:17,922 [Worker-45: Building] INFO  o.a.m.s.f.DefaultMavenResourcesFiltering - Copying 1 resource from src\main\resources to target\classes
2025-08-09 14:23:17,940 [Worker-45: Building] INFO  o.a.m.s.f.DefaultMavenResourcesFiltering - Copying 0 resource from src\main\resources to target\classes
2025-08-09 14:23:17,945 [Worker-45: Building] INFO  o.a.m.s.f.DefaultMavenResourcesFiltering - skip non existing resourceDirectory C:\Users\laksh\Music\Microservices\Ecommerce\customer-service\src\test\resources
2025-08-09 14:24:19,228 [Worker-53: Building] INFO  o.a.m.s.f.DefaultMavenResourcesFiltering - Copying 1 resource from src\main\resources to target\classes
2025-08-09 14:24:19,234 [Worker-53: Building] INFO  o.a.m.s.f.DefaultMavenResourcesFiltering - Copying 0 resource from src\main\resources to target\classes
2025-08-09 14:24:19,237 [Worker-53: Building] INFO  o.a.m.s.f.DefaultMavenResourcesFiltering - skip non existing resourceDirectory C:\Users\laksh\Music\Microservices\Ecommerce\customer-service\src\test\resources
2025-08-09 14:25:23,192 [Worker-53: Building] INFO  o.a.m.s.f.DefaultMavenResourcesFiltering - Copying 1 resource from src\main\resources to target\classes
2025-08-09 14:25:23,201 [Worker-53: Building] INFO  o.a.m.s.f.DefaultMavenResourcesFiltering - Copying 0 resource from src\main\resources to target\classes
2025-08-09 14:25:23,207 [Worker-53: Building] INFO  o.a.m.s.f.DefaultMavenResourcesFiltering - skip non existing resourceDirectory C:\Users\laksh\Music\Microservices\Ecommerce\customer-service\src\test\resources
2025-08-09 14:28:20,775 [Worker-48: Building] INFO  o.a.m.s.f.DefaultMavenResourcesFiltering - Copying 1 resource from src\main\resources to target\classes
2025-08-09 14:28:20,799 [Worker-48: Building] INFO  o.a.m.s.f.DefaultMavenResourcesFiltering - Copying 0 resource from src\main\resources to target\classes
2025-08-09 14:28:20,803 [Worker-48: Building] INFO  o.a.m.s.f.DefaultMavenResourcesFiltering - skip non existing resourceDirectory C:\Users\laksh\Music\Microservices\Ecommerce\customer-service\src\test\resources
2025-08-09 17:04:56,646 [Worker-72: Building] INFO  o.a.m.s.f.DefaultMavenResourcesFiltering - Copying 1 resource from src\main\resources to target\classes
2025-08-09 17:04:56,695 [Worker-72: Building] INFO  o.a.m.s.f.DefaultMavenResourcesFiltering - Copying 0 resource from src\main\resources to target\classes
2025-08-09 17:04:56,700 [Worker-72: Building] INFO  o.a.m.s.f.DefaultMavenResourcesFiltering - skip non existing resourceDirectory C:\Users\laksh\Music\Microservices\Ecommerce\customer-service\src\test\resources
2025-08-09 17:06:05,025 [Worker-72: Building] INFO  o.a.m.s.f.DefaultMavenResourcesFiltering - Copying 1 resource from src\main\resources to target\classes
2025-08-09 17:06:05,043 [Worker-72: Building] INFO  o.a.m.s.f.DefaultMavenResourcesFiltering - Copying 0 resource from src\main\resources to target\classes
2025-08-09 17:06:05,046 [Worker-72: Building] INFO  o.a.m.s.f.DefaultMavenResourcesFiltering - skip non existing resourceDirectory C:\Users\laksh\Music\Microservices\Ecommerce\order-service\src\test\resources
2025-08-09 17:06:11,892 [Worker-68: Building] INFO  o.a.m.s.f.DefaultMavenResourcesFiltering - Copying 1 resource from src\main\resources to target\classes
2025-08-09 17:06:11,911 [Worker-68: Building] INFO  o.a.m.s.f.DefaultMavenResourcesFiltering - Copying 0 resource from src\main\resources to target\classes
2025-08-09 17:06:11,913 [Worker-68: Building] INFO  o.a.m.s.f.DefaultMavenResourcesFiltering - skip non existing resourceDirectory C:\Users\laksh\Music\Microservices\Ecommerce\order-service\src\test\resources
2025-08-09 17:26:57,803 [Worker-82: Building] INFO  o.a.m.s.f.DefaultMavenResourcesFiltering - Copying 1 resource from src\main\resources to target\classes
2025-08-09 17:26:57,819 [Worker-82: Building] INFO  o.a.m.s.f.DefaultMavenResourcesFiltering - Copying 0 resource from src\main\resources to target\classes
2025-08-09 17:26:57,822 [Worker-82: Building] INFO  o.a.m.s.f.DefaultMavenResourcesFiltering - skip non existing resourceDirectory C:\Users\laksh\Music\Microservices\Ecommerce\order-service\src\test\resources
2025-08-09 17:40:21,400 [Worker-83: Building] INFO  o.a.m.s.f.DefaultMavenResourcesFiltering - Copying 1 resource from src\main\resources to target\classes
2025-08-09 17:40:21,423 [Worker-83: Building] INFO  o.a.m.s.f.DefaultMavenResourcesFiltering - Copying 0 resource from src\main\resources to target\classes
2025-08-09 17:40:21,428 [Worker-83: Building] INFO  o.a.m.s.f.DefaultMavenResourcesFiltering - skip non existing resourceDirectory C:\Users\laksh\Music\Microservices\Ecommerce\order-service\src\test\resources
2025-08-09 17:43:50,176 [Worker-85: Building] INFO  o.a.m.s.f.DefaultMavenResourcesFiltering - Copying 1 resource from src\main\resources to target\classes
2025-08-09 17:43:50,186 [Worker-85: Building] INFO  o.a.m.s.f.DefaultMavenResourcesFiltering - Copying 0 resource from src\main\resources to target\classes
2025-08-09 17:43:50,190 [Worker-85: Building] INFO  o.a.m.s.f.DefaultMavenResourcesFiltering - skip non existing resourceDirectory C:\Users\laksh\Music\Microservices\Ecommerce\order-service\src\test\resources
2025-08-09 17:51:08,753 [Worker-85: Building] INFO  o.a.m.s.f.DefaultMavenResourcesFiltering - Copying 1 resource from src\main\resources to target\classes
2025-08-09 17:51:08,762 [Worker-85: Building] INFO  o.a.m.s.f.DefaultMavenResourcesFiltering - Copying 0 resource from src\main\resources to target\classes
2025-08-09 17:51:08,764 [Worker-85: Building] INFO  o.a.m.s.f.DefaultMavenResourcesFiltering - skip non existing resourceDirectory C:\Users\laksh\Music\Microservices\Ecommerce\order-service\src\test\resources
2025-08-09 17:51:36,731 [Worker-86: Building] INFO  o.a.m.s.f.DefaultMavenResourcesFiltering - Copying 1 resource from src\main\resources to target\classes
2025-08-09 17:51:36,743 [Worker-86: Building] INFO  o.a.m.s.f.DefaultMavenResourcesFiltering - Copying 0 resource from src\main\resources to target\classes
2025-08-09 17:51:36,746 [Worker-86: Building] INFO  o.a.m.s.f.DefaultMavenResourcesFiltering - skip non existing resourceDirectory C:\Users\laksh\Music\Microservices\Ecommerce\order-service\src\test\resources
2025-08-09 18:59:49,965 [Worker-100: Building] INFO  o.a.m.s.f.DefaultMavenResourcesFiltering - Copying 1 resource from src\main\resources to target\classes
2025-08-09 18:59:49,980 [Worker-100: Building] INFO  o.a.m.s.f.DefaultMavenResourcesFiltering - Copying 0 resource from src\main\resources to target\classes
2025-08-09 18:59:49,984 [Worker-100: Building] INFO  o.a.m.s.f.DefaultMavenResourcesFiltering - skip non existing resourceDirectory C:\Users\laksh\Music\Microservices\Ecommerce\api-gateway\src\test\resources
2025-08-09 19:00:54,421 [Worker-100: Building] INFO  o.a.m.s.f.DefaultMavenResourcesFiltering - Copying 1 resource from src\main\resources to target\classes
2025-08-09 19:00:54,441 [Worker-100: Building] INFO  o.a.m.s.f.DefaultMavenResourcesFiltering - Copying 0 resource from src\main\resources to target\classes
2025-08-09 19:00:54,445 [Worker-100: Building] INFO  o.a.m.s.f.DefaultMavenResourcesFiltering - skip non existing resourceDirectory C:\Users\laksh\Music\Microservices\Ecommerce\product-service\src\test\resources
2025-08-09 19:00:58,855 [Worker-99: Building] INFO  o.a.m.s.f.DefaultMavenResourcesFiltering - Copying 1 resource from src\main\resources to target\classes
2025-08-09 19:00:58,873 [Worker-99: Building] INFO  o.a.m.s.f.DefaultMavenResourcesFiltering - Copying 0 resource from src\main\resources to target\classes
2025-08-09 19:00:58,876 [Worker-99: Building] INFO  o.a.m.s.f.DefaultMavenResourcesFiltering - skip non existing resourceDirectory C:\Users\laksh\Music\Microservices\Ecommerce\product-service\src\test\resources
2025-08-09 19:01:20,631 [Worker-100: Building] INFO  o.a.m.s.f.DefaultMavenResourcesFiltering - Copying 1 resource from src\main\resources to target\classes
2025-08-09 19:01:20,647 [Worker-100: Building] INFO  o.a.m.s.f.DefaultMavenResourcesFiltering - Copying 0 resource from src\main\resources to target\classes
2025-08-09 19:01:20,650 [Worker-100: Building] INFO  o.a.m.s.f.DefaultMavenResourcesFiltering - skip non existing resourceDirectory C:\Users\laksh\Music\Microservices\Ecommerce\product-service\src\test\resources
2025-08-09 19:10:08,212 [Worker-103: Building] INFO  o.a.m.s.f.DefaultMavenResourcesFiltering - Copying 1 resource from src\main\resources to target\classes
2025-08-09 19:10:08,226 [Worker-103: Building] INFO  o.a.m.s.f.DefaultMavenResourcesFiltering - Copying 0 resource from src\main\resources to target\classes
2025-08-09 19:10:08,229 [Worker-103: Building] INFO  o.a.m.s.f.DefaultMavenResourcesFiltering - skip non existing resourceDirectory C:\Users\laksh\Music\Microservices\Ecommerce\product-service\src\test\resources
2025-08-09 19:10:52,151 [Worker-103: Building] INFO  o.a.m.s.f.DefaultMavenResourcesFiltering - Copying 1 resource from src\main\resources to target\classes
2025-08-09 19:10:52,160 [Worker-103: Building] INFO  o.a.m.s.f.DefaultMavenResourcesFiltering - Copying 0 resource from src\main\resources to target\classes
2025-08-09 19:10:52,164 [Worker-103: Building] INFO  o.a.m.s.f.DefaultMavenResourcesFiltering - skip non existing resourceDirectory C:\Users\laksh\Music\Microservices\Ecommerce\product-service\src\test\resources
2025-08-09 19:11:10,738 [Worker-106: Building] INFO  o.a.m.s.f.DefaultMavenResourcesFiltering - Copying 1 resource from src\main\resources to target\classes
2025-08-09 19:11:10,745 [Worker-106: Building] INFO  o.a.m.s.f.DefaultMavenResourcesFiltering - Copying 0 resource from src\main\resources to target\classes
2025-08-09 19:11:10,748 [Worker-106: Building] INFO  o.a.m.s.f.DefaultMavenResourcesFiltering - skip non existing resourceDirectory C:\Users\laksh\Music\Microservices\Ecommerce\product-service\src\test\resources
2025-08-09 19:12:05,829 [Worker-103: Building] INFO  o.a.m.s.f.DefaultMavenResourcesFiltering - Copying 1 resource from src\main\resources to target\classes
2025-08-09 19:12:05,837 [Worker-103: Building] INFO  o.a.m.s.f.DefaultMavenResourcesFiltering - Copying 0 resource from src\main\resources to target\classes
2025-08-09 19:12:05,840 [Worker-103: Building] INFO  o.a.m.s.f.DefaultMavenResourcesFiltering - skip non existing resourceDirectory C:\Users\laksh\Music\Microservices\Ecommerce\product-service\src\test\resources
2025-08-09 19:14:29,987 [Worker-104: Building] INFO  o.a.m.s.f.DefaultMavenResourcesFiltering - Copying 1 resource from src\main\resources to target\classes
2025-08-09 19:14:29,998 [Worker-104: Building] INFO  o.a.m.s.f.DefaultMavenResourcesFiltering - Copying 0 resource from src\main\resources to target\classes
2025-08-09 19:14:30,003 [Worker-104: Building] INFO  o.a.m.s.f.DefaultMavenResourcesFiltering - skip non existing resourceDirectory C:\Users\laksh\Music\Microservices\Ecommerce\order-service\src\test\resources
2025-08-09 19:15:28,380 [Worker-107: Building] INFO  o.a.m.s.f.DefaultMavenResourcesFiltering - Copying 1 resource from src\main\resources to target\classes
2025-08-09 19:15:28,390 [Worker-107: Building] INFO  o.a.m.s.f.DefaultMavenResourcesFiltering - Copying 0 resource from src\main\resources to target\classes
2025-08-09 19:15:28,395 [Worker-107: Building] INFO  o.a.m.s.f.DefaultMavenResourcesFiltering - skip non existing resourceDirectory C:\Users\laksh\Music\Microservices\Ecommerce\product-service\src\test\resources
2025-08-09 19:15:46,965 [Worker-103: Building] INFO  o.a.m.s.f.DefaultMavenResourcesFiltering - Copying 1 resource from src\main\resources to target\classes
2025-08-09 19:15:46,970 [Worker-103: Building] INFO  o.a.m.s.f.DefaultMavenResourcesFiltering - Copying 0 resource from src\main\resources to target\classes
2025-08-09 19:15:46,973 [Worker-103: Building] INFO  o.a.m.s.f.DefaultMavenResourcesFiltering - skip non existing resourceDirectory C:\Users\laksh\Music\Microservices\Ecommerce\product-service\src\test\resources
2025-08-09 19:16:45,522 [Worker-106: Building] INFO  o.a.m.s.f.DefaultMavenResourcesFiltering - Copying 1 resource from src\main\resources to target\classes
2025-08-09 19:16:45,528 [Worker-106: Building] INFO  o.a.m.s.f.DefaultMavenResourcesFiltering - Copying 0 resource from src\main\resources to target\classes
2025-08-09 19:16:45,532 [Worker-106: Building] INFO  o.a.m.s.f.DefaultMavenResourcesFiltering - skip non existing resourceDirectory C:\Users\laksh\Music\Microservices\Ecommerce\product-service\src\test\resources
2025-08-09 19:19:39,338 [Worker-110: Building] INFO  o.a.m.s.f.DefaultMavenResourcesFiltering - Copying 1 resource from src\main\resources to target\classes
2025-08-09 19:19:39,347 [Worker-110: Building] INFO  o.a.m.s.f.DefaultMavenResourcesFiltering - Copying 0 resource from src\main\resources to target\classes
2025-08-09 19:19:39,351 [Worker-110: Building] INFO  o.a.m.s.f.DefaultMavenResourcesFiltering - skip non existing resourceDirectory C:\Users\laksh\Music\Microservices\Ecommerce\product-service\src\test\resources
2025-08-09 19:20:11,465 [Worker-110: Building] INFO  o.a.m.s.f.DefaultMavenResourcesFiltering - Copying 1 resource from src\main\resources to target\classes
2025-08-09 19:20:11,475 [Worker-110: Building] INFO  o.a.m.s.f.DefaultMavenResourcesFiltering - Copying 0 resource from src\main\resources to target\classes
2025-08-09 19:20:11,479 [Worker-110: Building] INFO  o.a.m.s.f.DefaultMavenResourcesFiltering - skip non existing resourceDirectory C:\Users\laksh\Music\Microservices\Ecommerce\product-service\src\test\resources
2025-08-09 19:23:40,430 [Worker-109: Building] INFO  o.a.m.s.f.DefaultMavenResourcesFiltering - Copying 1 resource from src\main\resources to target\classes
2025-08-09 19:23:40,438 [Worker-109: Building] INFO  o.a.m.s.f.DefaultMavenResourcesFiltering - Copying 0 resource from src\main\resources to target\classes
2025-08-09 19:23:40,441 [Worker-109: Building] INFO  o.a.m.s.f.DefaultMavenResourcesFiltering - skip non existing resourceDirectory C:\Users\laksh\Music\Microservices\Ecommerce\product-service\src\test\resources
2025-08-09 19:24:07,864 [Worker-114: Building] INFO  o.a.m.s.f.DefaultMavenResourcesFiltering - Copying 1 resource from src\main\resources to target\classes
2025-08-09 19:24:07,874 [Worker-114: Building] INFO  o.a.m.s.f.DefaultMavenResourcesFiltering - Copying 0 resource from src\main\resources to target\classes
2025-08-09 19:24:07,879 [Worker-114: Building] INFO  o.a.m.s.f.DefaultMavenResourcesFiltering - skip non existing resourceDirectory C:\Users\laksh\Music\Microservices\Ecommerce\product-service\src\test\resources
2025-08-09 19:36:36,610 [Worker-116: Building] INFO  o.a.m.s.f.DefaultMavenResourcesFiltering - Copying 1 resource from src\main\resources to target\classes
2025-08-09 19:36:36,620 [Worker-116: Building] INFO  o.a.m.s.f.DefaultMavenResourcesFiltering - Copying 0 resource from src\main\resources to target\classes
2025-08-09 19:36:36,623 [Worker-116: Building] INFO  o.a.m.s.f.DefaultMavenResourcesFiltering - skip non existing resourceDirectory C:\Users\laksh\Music\Microservices\Ecommerce\product-service\src\test\resources
2025-08-09 19:40:12,668 [Worker-118: Building] INFO  o.a.m.s.f.DefaultMavenResourcesFiltering - Copying 1 resource from src\main\resources to target\classes
2025-08-09 19:40:12,677 [Worker-118: Building] INFO  o.a.m.s.f.DefaultMavenResourcesFiltering - Copying 0 resource from src\main\resources to target\classes
2025-08-09 19:40:12,679 [Worker-118: Building] INFO  o.a.m.s.f.DefaultMavenResourcesFiltering - skip non existing resourceDirectory C:\Users\laksh\Music\Microservices\Ecommerce\product-service\src\test\resources
2025-08-09 19:41:55,803 [Worker-115: Building] INFO  o.a.m.s.f.DefaultMavenResourcesFiltering - Copying 1 resource from src\main\resources to target\classes
2025-08-09 19:41:55,810 [Worker-115: Building] INFO  o.a.m.s.f.DefaultMavenResourcesFiltering - Copying 0 resource from src\main\resources to target\classes
2025-08-09 19:41:55,812 [Worker-115: Building] INFO  o.a.m.s.f.DefaultMavenResourcesFiltering - skip non existing resourceDirectory C:\Users\laksh\Music\Microservices\Ecommerce\product-service\src\test\resources
2025-08-09 19:42:29,285 [Worker-116: Building] INFO  o.a.m.s.f.DefaultMavenResourcesFiltering - Copying 1 resource from src\main\resources to target\classes
2025-08-09 19:42:29,295 [Worker-116: Building] INFO  o.a.m.s.f.DefaultMavenResourcesFiltering - Copying 0 resource from src\main\resources to target\classes
2025-08-09 19:42:29,298 [Worker-116: Building] INFO  o.a.m.s.f.DefaultMavenResourcesFiltering - skip non existing resourceDirectory C:\Users\laksh\Music\Microservices\Ecommerce\product-service\src\test\resources
2025-08-09 19:42:52,675 [Worker-121: Building] INFO  o.a.m.s.f.DefaultMavenResourcesFiltering - Copying 1 resource from src\main\resources to target\classes
2025-08-09 19:42:52,683 [Worker-121: Building] INFO  o.a.m.s.f.DefaultMavenResourcesFiltering - Copying 0 resource from src\main\resources to target\classes
2025-08-09 19:42:52,686 [Worker-121: Building] INFO  o.a.m.s.f.DefaultMavenResourcesFiltering - skip non existing resourceDirectory C:\Users\laksh\Music\Microservices\Ecommerce\product-service\src\test\resources
2025-08-09 19:42:59,694 [Worker-120: Building] INFO  o.a.m.s.f.DefaultMavenResourcesFiltering - Copying 1 resource from src\main\resources to target\classes
2025-08-09 19:42:59,703 [Worker-120: Building] INFO  o.a.m.s.f.DefaultMavenResourcesFiltering - Copying 0 resource from src\main\resources to target\classes
2025-08-09 19:42:59,706 [Worker-120: Building] INFO  o.a.m.s.f.DefaultMavenResourcesFiltering - skip non existing resourceDirectory C:\Users\laksh\Music\Microservices\Ecommerce\product-service\src\test\resources
2025-08-09 19:43:24,483 [Worker-115: Building] INFO  o.a.m.s.f.DefaultMavenResourcesFiltering - Copying 1 resource from src\main\resources to target\classes
2025-08-09 19:43:24,491 [Worker-115: Building] INFO  o.a.m.s.f.DefaultMavenResourcesFiltering - Copying 0 resource from src\main\resources to target\classes
2025-08-09 19:43:24,495 [Worker-115: Building] INFO  o.a.m.s.f.DefaultMavenResourcesFiltering - skip non existing resourceDirectory C:\Users\laksh\Music\Microservices\Ecommerce\product-service\src\test\resources
2025-08-09 19:43:34,024 [Worker-120: Building] INFO  o.a.m.s.f.DefaultMavenResourcesFiltering - Copying 1 resource from src\main\resources to target\classes
2025-08-09 19:43:34,032 [Worker-120: Building] INFO  o.a.m.s.f.DefaultMavenResourcesFiltering - Copying 0 resource from src\main\resources to target\classes
2025-08-09 19:43:34,036 [Worker-120: Building] INFO  o.a.m.s.f.DefaultMavenResourcesFiltering - skip non existing resourceDirectory C:\Users\laksh\Music\Microservices\Ecommerce\product-service\src\test\resources
2025-08-09 19:43:48,965 [Worker-115: Building] INFO  o.a.m.s.f.DefaultMavenResourcesFiltering - Copying 1 resource from src\main\resources to target\classes
2025-08-09 19:43:48,972 [Worker-115: Building] INFO  o.a.m.s.f.DefaultMavenResourcesFiltering - Copying 0 resource from src\main\resources to target\classes
2025-08-09 19:43:48,976 [Worker-115: Building] INFO  o.a.m.s.f.DefaultMavenResourcesFiltering - skip non existing resourceDirectory C:\Users\laksh\Music\Microservices\Ecommerce\product-service\src\test\resources
2025-08-09 19:46:35,809 [Worker-120: Building] INFO  o.a.m.s.f.DefaultMavenResourcesFiltering - Copying 1 resource from src\main\resources to target\classes
2025-08-09 19:46:35,817 [Worker-120: Building] INFO  o.a.m.s.f.DefaultMavenResourcesFiltering - Copying 0 resource from src\main\resources to target\classes
2025-08-09 19:46:35,820 [Worker-120: Building] INFO  o.a.m.s.f.DefaultMavenResourcesFiltering - skip non existing resourceDirectory C:\Users\laksh\Music\Microservices\Ecommerce\product-service\src\test\resources
2025-08-09 19:46:42,073 [Worker-116: Building] INFO  o.a.m.s.f.DefaultMavenResourcesFiltering - Copying 1 resource from src\main\resources to target\classes
2025-08-09 19:46:42,081 [Worker-116: Building] INFO  o.a.m.s.f.DefaultMavenResourcesFiltering - Copying 0 resource from src\main\resources to target\classes
2025-08-09 19:46:42,084 [Worker-116: Building] INFO  o.a.m.s.f.DefaultMavenResourcesFiltering - skip non existing resourceDirectory C:\Users\laksh\Music\Microservices\Ecommerce\product-service\src\test\resources
2025-08-09 19:47:16,280 [Worker-123: Building] INFO  o.a.m.s.f.DefaultMavenResourcesFiltering - Copying 1 resource from src\main\resources to target\classes
2025-08-09 19:47:16,286 [Worker-123: Building] INFO  o.a.m.s.f.DefaultMavenResourcesFiltering - Copying 0 resource from src\main\resources to target\classes
2025-08-09 19:47:16,289 [Worker-123: Building] INFO  o.a.m.s.f.DefaultMavenResourcesFiltering - skip non existing resourceDirectory C:\Users\laksh\Music\Microservices\Ecommerce\product-service\src\test\resources
2025-08-09 19:52:15,902 [Worker-120: Building] INFO  o.a.m.s.f.DefaultMavenResourcesFiltering - Copying 1 resource from src\main\resources to target\classes
2025-08-09 19:52:15,917 [Worker-120: Building] INFO  o.a.m.s.f.DefaultMavenResourcesFiltering - Copying 0 resource from src\main\resources to target\classes
2025-08-09 19:52:15,922 [Worker-120: Building] INFO  o.a.m.s.f.DefaultMavenResourcesFiltering - skip non existing resourceDirectory C:\Users\laksh\Music\Microservices\Ecommerce\customer-service\src\test\resources
2025-08-09 19:53:57,332 [Worker-119: Building] INFO  o.a.m.s.f.DefaultMavenResourcesFiltering - Copying 1 resource from src\main\resources to target\classes
2025-08-09 19:53:57,340 [Worker-119: Building] INFO  o.a.m.s.f.DefaultMavenResourcesFiltering - Copying 0 resource from src\main\resources to target\classes
2025-08-09 19:53:57,344 [Worker-119: Building] INFO  o.a.m.s.f.DefaultMavenResourcesFiltering - skip non existing resourceDirectory C:\Users\laksh\Music\Microservices\Ecommerce\customer-service\src\test\resources
2025-08-09 19:54:59,378 [Worker-119: Building] INFO  o.a.m.s.f.DefaultMavenResourcesFiltering - Copying 1 resource from src\main\resources to target\classes
2025-08-09 19:54:59,387 [Worker-119: Building] INFO  o.a.m.s.f.DefaultMavenResourcesFiltering - Copying 0 resource from src\main\resources to target\classes
2025-08-09 19:54:59,392 [Worker-119: Building] INFO  o.a.m.s.f.DefaultMavenResourcesFiltering - skip non existing resourceDirectory C:\Users\laksh\Music\Microservices\Ecommerce\customer-service\src\test\resources
2025-08-09 20:15:17,747 [Worker-124: Building] INFO  o.a.m.s.f.DefaultMavenResourcesFiltering - Copying 1 resource from src\main\resources to target\classes
2025-08-09 20:15:17,756 [Worker-124: Building] INFO  o.a.m.s.f.DefaultMavenResourcesFiltering - Copying 0 resource from src\main\resources to target\classes
2025-08-09 20:15:17,759 [Worker-124: Building] INFO  o.a.m.s.f.DefaultMavenResourcesFiltering - skip non existing resourceDirectory C:\Users\laksh\Music\Microservices\Ecommerce\customer-service\src\test\resources
2025-08-09 20:18:00,756 [Worker-126: Building] INFO  o.a.m.s.f.DefaultMavenResourcesFiltering - Copying 1 resource from src\main\resources to target\classes
2025-08-09 20:18:00,764 [Worker-126: Building] INFO  o.a.m.s.f.DefaultMavenResourcesFiltering - Copying 0 resource from src\main\resources to target\classes
2025-08-09 20:18:00,767 [Worker-126: Building] INFO  o.a.m.s.f.DefaultMavenResourcesFiltering - skip non existing resourceDirectory C:\Users\laksh\Music\Microservices\Ecommerce\customer-service\src\test\resources
2025-08-09 20:19:48,063 [Worker-115: Building] INFO  o.a.m.s.f.DefaultMavenResourcesFiltering - Copying 1 resource from src\main\resources to target\classes
2025-08-09 20:19:48,071 [Worker-115: Building] INFO  o.a.m.s.f.DefaultMavenResourcesFiltering - Copying 0 resource from src\main\resources to target\classes
2025-08-09 20:19:48,073 [Worker-115: Building] INFO  o.a.m.s.f.DefaultMavenResourcesFiltering - skip non existing resourceDirectory C:\Users\laksh\Music\Microservices\Ecommerce\customer-service\src\test\resources
2025-08-09 20:20:50,897 [Worker-127: Building] INFO  o.a.m.s.f.DefaultMavenResourcesFiltering - Copying 1 resource from src\main\resources to target\classes
2025-08-09 20:20:50,907 [Worker-127: Building] INFO  o.a.m.s.f.DefaultMavenResourcesFiltering - Copying 0 resource from src\main\resources to target\classes
2025-08-09 20:20:50,912 [Worker-127: Building] INFO  o.a.m.s.f.DefaultMavenResourcesFiltering - skip non existing resourceDirectory C:\Users\laksh\Music\Microservices\Ecommerce\customer-service\src\test\resources
2025-08-09 20:21:03,555 [Worker-124: Building] INFO  o.a.m.s.f.DefaultMavenResourcesFiltering - Copying 1 resource from src\main\resources to target\classes
2025-08-09 20:21:03,561 [Worker-124: Building] INFO  o.a.m.s.f.DefaultMavenResourcesFiltering - Copying 0 resource from src\main\resources to target\classes
2025-08-09 20:21:03,563 [Worker-124: Building] INFO  o.a.m.s.f.DefaultMavenResourcesFiltering - skip non existing resourceDirectory C:\Users\laksh\Music\Microservices\Ecommerce\customer-service\src\test\resources
2025-08-09 21:42:16,815 [Worker-128: Building] INFO  o.a.m.s.f.DefaultMavenResourcesFiltering - Copying 1 resource from src\main\resources to target\classes
2025-08-09 21:42:16,826 [Worker-128: Building] INFO  o.a.m.s.f.DefaultMavenResourcesFiltering - Copying 0 resource from src\main\resources to target\classes
2025-08-09 21:42:16,829 [Worker-128: Building] INFO  o.a.m.s.f.DefaultMavenResourcesFiltering - skip non existing resourceDirectory C:\Users\laksh\Music\Microservices\Ecommerce\customer-service\src\test\resources
2025-08-09 22:01:03,490 [Worker-134: Building] INFO  o.a.m.s.f.DefaultMavenResourcesFiltering - Copying 1 resource from src\main\resources to target\classes
2025-08-09 22:01:03,503 [Worker-134: Building] INFO  o.a.m.s.f.DefaultMavenResourcesFiltering - Copying 0 resource from src\main\resources to target\classes
2025-08-09 22:01:03,507 [Worker-134: Building] INFO  o.a.m.s.f.DefaultMavenResourcesFiltering - skip non existing resourceDirectory C:\Users\laksh\Music\Microservices\Ecommerce\order-service\src\test\resources
2025-08-09 22:09:03,222 [Worker-134: Building] INFO  o.a.m.s.f.DefaultMavenResourcesFiltering - Copying 1 resource from src\main\resources to target\classes
2025-08-09 22:09:03,256 [Worker-134: Building] INFO  o.a.m.s.f.DefaultMavenResourcesFiltering - Copying 0 resource from src\main\resources to target\classes
2025-08-09 22:09:03,259 [Worker-134: Building] INFO  o.a.m.s.f.DefaultMavenResourcesFiltering - skip non existing resourceDirectory C:\Users\laksh\Music\Microservices\Ecommerce\order-service\src\test\resources
2025-08-09 22:09:51,698 [Worker-135: Building] INFO  o.a.m.s.f.DefaultMavenResourcesFiltering - Copying 1 resource from src\main\resources to target\classes
2025-08-09 22:09:51,704 [Worker-135: Building] INFO  o.a.m.s.f.DefaultMavenResourcesFiltering - Copying 0 resource from src\main\resources to target\classes
2025-08-09 22:09:51,707 [Worker-135: Building] INFO  o.a.m.s.f.DefaultMavenResourcesFiltering - skip non existing resourceDirectory C:\Users\laksh\Music\Microservices\Ecommerce\order-service\src\test\resources
2025-08-09 22:09:54,546 [Worker-135: Building] INFO  o.a.m.s.f.DefaultMavenResourcesFiltering - Copying 1 resource from src\main\resources to target\classes
2025-08-09 22:09:54,567 [Worker-135: Building] INFO  o.a.m.s.f.DefaultMavenResourcesFiltering - Copying 0 resource from src\main\resources to target\classes
2025-08-09 22:09:54,569 [Worker-135: Building] INFO  o.a.m.s.f.DefaultMavenResourcesFiltering - skip non existing resourceDirectory C:\Users\laksh\Music\Microservices\Ecommerce\order-service\src\test\resources
2025-08-09 22:09:59,702 [Worker-134: Building] INFO  o.a.m.s.f.DefaultMavenResourcesFiltering - Copying 1 resource from src\main\resources to target\classes
2025-08-09 22:09:59,726 [Worker-134: Building] INFO  o.a.m.s.f.DefaultMavenResourcesFiltering - Copying 0 resource from src\main\resources to target\classes
2025-08-09 22:09:59,730 [Worker-134: Building] INFO  o.a.m.s.f.DefaultMavenResourcesFiltering - skip non existing resourceDirectory C:\Users\laksh\Music\Microservices\Ecommerce\order-service\src\test\resources
2025-08-09 22:10:02,687 [Worker-135: Building] INFO  o.a.m.s.f.DefaultMavenResourcesFiltering - Copying 1 resource from src\main\resources to target\classes
2025-08-09 22:10:02,703 [Worker-135: Building] INFO  o.a.m.s.f.DefaultMavenResourcesFiltering - Copying 0 resource from src\main\resources to target\classes
2025-08-09 22:10:02,706 [Worker-135: Building] INFO  o.a.m.s.f.DefaultMavenResourcesFiltering - skip non existing resourceDirectory C:\Users\laksh\Music\Microservices\Ecommerce\order-service\src\test\resources
2025-08-09 22:10:05,824 [Worker-128: Building] INFO  o.a.m.s.f.DefaultMavenResourcesFiltering - Copying 1 resource from src\main\resources to target\classes
2025-08-09 22:10:05,833 [Worker-128: Building] INFO  o.a.m.s.f.DefaultMavenResourcesFiltering - Copying 0 resource from src\main\resources to target\classes
2025-08-09 22:10:05,836 [Worker-128: Building] INFO  o.a.m.s.f.DefaultMavenResourcesFiltering - skip non existing resourceDirectory C:\Users\laksh\Music\Microservices\Ecommerce\order-service\src\test\resources
2025-08-09 22:10:19,635 [Worker-134: Building] INFO  o.a.m.s.f.DefaultMavenResourcesFiltering - Copying 1 resource from src\main\resources to target\classes
2025-08-09 22:10:19,640 [Worker-134: Building] INFO  o.a.m.s.f.DefaultMavenResourcesFiltering - Copying 0 resource from src\main\resources to target\classes
2025-08-09 22:10:19,643 [Worker-134: Building] INFO  o.a.m.s.f.DefaultMavenResourcesFiltering - skip non existing resourceDirectory C:\Users\laksh\Music\Microservices\Ecommerce\order-service\src\test\resources
2025-08-09 22:35:43,129 [Worker-134: Building] INFO  o.a.m.s.f.DefaultMavenResourcesFiltering - Copying 1 resource from src\main\resources to target\classes
2025-08-09 22:35:43,138 [Worker-134: Building] INFO  o.a.m.s.f.DefaultMavenResourcesFiltering - Copying 0 resource from src\main\resources to target\classes
2025-08-09 22:35:43,141 [Worker-134: Building] INFO  o.a.m.s.f.DefaultMavenResourcesFiltering - skip non existing resourceDirectory C:\Users\laksh\Music\Microservices\Ecommerce\customer-service\src\test\resources
2025-08-09 22:58:15,881 [Worker-140: Launching OrderServiceApplication] INFO  o.a.m.s.f.DefaultMavenResourcesFiltering - Copying 1 resource from src\main\resources to target\classes
2025-08-09 22:58:15,905 [Worker-140: Launching OrderServiceApplication] INFO  o.a.m.s.f.DefaultMavenResourcesFiltering - Copying 0 resource from src\main\resources to target\classes
2025-08-09 22:58:15,910 [Worker-140: Launching OrderServiceApplication] INFO  o.a.m.s.f.DefaultMavenResourcesFiltering - skip non existing resourceDirectory C:\Users\laksh\Music\Microservices\Ecommerce\order-service\src\test\resources
2025-08-09 23:01:32,275 [Worker-143: Building] INFO  o.a.m.s.f.DefaultMavenResourcesFiltering - Copying 1 resource from src\main\resources to target\classes
2025-08-09 23:01:32,301 [Worker-143: Building] INFO  o.a.m.s.f.DefaultMavenResourcesFiltering - Copying 0 resource from src\main\resources to target\classes
2025-08-09 23:01:32,305 [Worker-143: Building] INFO  o.a.m.s.f.DefaultMavenResourcesFiltering - skip non existing resourceDirectory C:\Users\laksh\Music\Microservices\Ecommerce\order-service\src\test\resources
2025-08-09 23:03:17,005 [Worker-144: Building] INFO  o.a.m.s.f.DefaultMavenResourcesFiltering - Copying 1 resource from src\main\resources to target\classes
2025-08-09 23:03:17,010 [Worker-144: Building] INFO  o.a.m.s.f.DefaultMavenResourcesFiltering - Copying 0 resource from src\main\resources to target\classes
2025-08-09 23:03:17,012 [Worker-144: Building] INFO  o.a.m.s.f.DefaultMavenResourcesFiltering - skip non existing resourceDirectory C:\Users\laksh\Music\Microservices\Ecommerce\order-service\src\test\resources
2025-08-09 23:08:00,750 [Worker-141: Building] INFO  o.a.m.s.f.DefaultMavenResourcesFiltering - Copying 1 resource from src\main\resources to target\classes
2025-08-09 23:08:00,764 [Worker-141: Building] INFO  o.a.m.s.f.DefaultMavenResourcesFiltering - Copying 0 resource from src\main\resources to target\classes
2025-08-09 23:08:00,766 [Worker-141: Building] INFO  o.a.m.s.f.DefaultMavenResourcesFiltering - skip non existing resourceDirectory C:\Users\laksh\Music\Microservices\Ecommerce\order-service\src\test\resources
2025-08-09 23:08:41,078 [Worker-140: Building] INFO  o.a.m.s.f.DefaultMavenResourcesFiltering - Copying 1 resource from src\main\resources to target\classes
2025-08-09 23:08:41,099 [Worker-140: Building] INFO  o.a.m.s.f.DefaultMavenResourcesFiltering - Copying 0 resource from src\main\resources to target\classes
2025-08-09 23:08:41,102 [Worker-140: Building] INFO  o.a.m.s.f.DefaultMavenResourcesFiltering - skip non existing resourceDirectory C:\Users\laksh\Music\Microservices\Ecommerce\order-service\src\test\resources
2025-08-09 23:09:02,807 [Worker-141: Building] INFO  o.a.m.s.f.DefaultMavenResourcesFiltering - Copying 1 resource from src\main\resources to target\classes
2025-08-09 23:09:02,821 [Worker-141: Building] INFO  o.a.m.s.f.DefaultMavenResourcesFiltering - Copying 0 resource from src\main\resources to target\classes
2025-08-09 23:09:02,823 [Worker-141: Building] INFO  o.a.m.s.f.DefaultMavenResourcesFiltering - skip non existing resourceDirectory C:\Users\laksh\Music\Microservices\Ecommerce\order-service\src\test\resources
2025-08-09 23:11:02,769 [Worker-141: Building] INFO  o.a.m.s.f.DefaultMavenResourcesFiltering - Copying 1 resource from src\main\resources to target\classes
2025-08-09 23:11:02,801 [Worker-141: Building] INFO  o.a.m.s.f.DefaultMavenResourcesFiltering - Copying 0 resource from src\main\resources to target\classes
2025-08-09 23:11:02,805 [Worker-141: Building] INFO  o.a.m.s.f.DefaultMavenResourcesFiltering - skip non existing resourceDirectory C:\Users\laksh\Music\Microservices\Ecommerce\order-service\src\test\resources
2025-08-09 23:11:30,331 [Worker-145: Building] INFO  o.a.m.s.f.DefaultMavenResourcesFiltering - Copying 1 resource from src\main\resources to target\classes
2025-08-09 23:11:30,338 [Worker-145: Building] INFO  o.a.m.s.f.DefaultMavenResourcesFiltering - Copying 0 resource from src\main\resources to target\classes
2025-08-09 23:11:30,341 [Worker-145: Building] INFO  o.a.m.s.f.DefaultMavenResourcesFiltering - skip non existing resourceDirectory C:\Users\laksh\Music\Microservices\Ecommerce\order-service\src\test\resources
2025-08-09 23:12:41,305 [Worker-143: Building] INFO  o.a.m.s.f.DefaultMavenResourcesFiltering - Copying 1 resource from src\main\resources to target\classes
2025-08-09 23:12:41,313 [Worker-143: Building] INFO  o.a.m.s.f.DefaultMavenResourcesFiltering - Copying 0 resource from src\main\resources to target\classes
2025-08-09 23:12:41,320 [Worker-143: Building] INFO  o.a.m.s.f.DefaultMavenResourcesFiltering - skip non existing resourceDirectory C:\Users\laksh\Music\Microservices\Ecommerce\order-service\src\test\resources
2025-08-09 23:13:00,063 [Worker-143: Building] INFO  o.a.m.s.f.DefaultMavenResourcesFiltering - Copying 1 resource from src\main\resources to target\classes
2025-08-09 23:13:00,069 [Worker-143: Building] INFO  o.a.m.s.f.DefaultMavenResourcesFiltering - Copying 0 resource from src\main\resources to target\classes
2025-08-09 23:13:00,074 [Worker-143: Building] INFO  o.a.m.s.f.DefaultMavenResourcesFiltering - skip non existing resourceDirectory C:\Users\laksh\Music\Microservices\Ecommerce\order-service\src\test\resources
2025-08-09 23:19:41,777 [Worker-145: Building] INFO  o.a.m.s.f.DefaultMavenResourcesFiltering - Copying 1 resource from src\main\resources to target\classes
2025-08-09 23:19:41,848 [Worker-145: Building] INFO  o.a.m.s.f.DefaultMavenResourcesFiltering - Copying 0 resource from src\main\resources to target\classes
2025-08-09 23:19:41,851 [Worker-145: Building] INFO  o.a.m.s.f.DefaultMavenResourcesFiltering - skip non existing resourceDirectory C:\Users\laksh\Music\Microservices\Ecommerce\order-service\src\test\resources
2025-08-09 23:28:10,513 [Worker-145: Building] INFO  o.a.m.s.f.DefaultMavenResourcesFiltering - Copying 1 resource from src\main\resources to target\classes
2025-08-09 23:28:10,520 [Worker-145: Building] INFO  o.a.m.s.f.DefaultMavenResourcesFiltering - Copying 0 resource from src\main\resources to target\classes
2025-08-09 23:28:10,523 [Worker-145: Building] INFO  o.a.m.s.f.DefaultMavenResourcesFiltering - skip non existing resourceDirectory C:\Users\laksh\Music\Microservices\Ecommerce\order-service\src\test\resources
2025-08-09 23:29:01,518 [Worker-140: Building] INFO  o.a.m.s.f.DefaultMavenResourcesFiltering - Copying 1 resource from src\main\resources to target\classes
2025-08-09 23:29:01,523 [Worker-140: Building] INFO  o.a.m.s.f.DefaultMavenResourcesFiltering - Copying 0 resource from src\main\resources to target\classes
2025-08-09 23:29:01,526 [Worker-140: Building] INFO  o.a.m.s.f.DefaultMavenResourcesFiltering - skip non existing resourceDirectory C:\Users\laksh\Music\Microservices\Ecommerce\order-service\src\test\resources
2025-08-09 23:29:05,826 [Worker-140: Building] INFO  o.a.m.s.f.DefaultMavenResourcesFiltering - Copying 1 resource from src\main\resources to target\classes
2025-08-09 23:29:05,834 [Worker-140: Building] INFO  o.a.m.s.f.DefaultMavenResourcesFiltering - Copying 0 resource from src\main\resources to target\classes
2025-08-09 23:29:05,836 [Worker-140: Building] INFO  o.a.m.s.f.DefaultMavenResourcesFiltering - skip non existing resourceDirectory C:\Users\laksh\Music\Microservices\Ecommerce\order-service\src\test\resources
2025-08-09 23:29:52,622 [Worker-146: Building] INFO  o.a.m.s.f.DefaultMavenResourcesFiltering - Copying 1 resource from src\main\resources to target\classes
2025-08-09 23:29:52,631 [Worker-146: Building] INFO  o.a.m.s.f.DefaultMavenResourcesFiltering - Copying 0 resource from src\main\resources to target\classes
2025-08-09 23:29:52,636 [Worker-146: Building] INFO  o.a.m.s.f.DefaultMavenResourcesFiltering - skip non existing resourceDirectory C:\Users\laksh\Music\Microservices\Ecommerce\order-service\src\test\resources
2025-08-09 23:30:03,824 [Worker-140: Building] INFO  o.a.m.s.f.DefaultMavenResourcesFiltering - Copying 1 resource from src\main\resources to target\classes
2025-08-09 23:30:03,829 [Worker-140: Building] INFO  o.a.m.s.f.DefaultMavenResourcesFiltering - Copying 0 resource from src\main\resources to target\classes
2025-08-09 23:30:03,831 [Worker-140: Building] INFO  o.a.m.s.f.DefaultMavenResourcesFiltering - skip non existing resourceDirectory C:\Users\laksh\Music\Microservices\Ecommerce\order-service\src\test\resources
2025-08-10 11:39:38,038 [Worker-7: Loading available Gradle versions] INFO  o.e.b.c.i.u.g.PublishedGradleVersions - Gradle version information cache is out-of-date. Trying to update.
2025-08-10 11:42:27,651 [Worker-20: Building] INFO  o.a.m.s.f.DefaultMavenResourcesFiltering - Copying 1 resource from src\main\resources to target\classes
2025-08-10 11:42:27,671 [Worker-20: Building] INFO  o.a.m.s.f.DefaultMavenResourcesFiltering - Copying 0 resource from src\main\resources to target\classes
2025-08-10 11:42:27,676 [Worker-20: Building] INFO  o.a.m.s.f.DefaultMavenResourcesFiltering - skip non existing resourceDirectory C:\Users\laksh\Music\Microservices\Ecommerce\eureka-server\src\test\resources
2025-08-10 12:11:23,012 [Worker-39: Building] INFO  o.a.m.s.f.DefaultMavenResourcesFiltering - Copying 1 resource from src\main\resources to target\classes
2025-08-10 12:11:23,053 [Worker-39: Building] INFO  o.a.m.s.f.DefaultMavenResourcesFiltering - Copying 0 resource from src\main\resources to target\classes
2025-08-10 12:11:23,064 [Worker-39: Building] INFO  o.a.m.s.f.DefaultMavenResourcesFiltering - skip non existing resourceDirectory C:\Users\laksh\Music\Microservices\Ecommerce\payment-service\src\test\resources
2025-08-10 12:11:32,284 [Worker-21: Building] INFO  o.a.m.s.f.DefaultMavenResourcesFiltering - Copying 1 resource from src\main\resources to target\classes
2025-08-10 12:11:32,293 [Worker-21: Building] INFO  o.a.m.s.f.DefaultMavenResourcesFiltering - Copying 0 resource from src\main\resources to target\classes
2025-08-10 12:11:32,297 [Worker-21: Building] INFO  o.a.m.s.f.DefaultMavenResourcesFiltering - skip non existing resourceDirectory C:\Users\laksh\Music\Microservices\Ecommerce\payment-service\src\test\resources
2025-08-10 12:11:56,364 [Worker-21: Building] INFO  o.a.m.s.f.DefaultMavenResourcesFiltering - Copying 1 resource from src\main\resources to target\classes
2025-08-10 12:11:56,371 [Worker-21: Building] INFO  o.a.m.s.f.DefaultMavenResourcesFiltering - Copying 0 resource from src\main\resources to target\classes
2025-08-10 12:11:56,375 [Worker-21: Building] INFO  o.a.m.s.f.DefaultMavenResourcesFiltering - skip non existing resourceDirectory C:\Users\laksh\Music\Microservices\Ecommerce\payment-service\src\test\resources
2025-08-10 15:43:39,572 [Worker-18: Building] INFO  o.a.m.s.f.DefaultMavenResourcesFiltering - Copying 1 resource from src\main\resources to target\classes
2025-08-10 15:43:39,747 [Worker-18: Building] INFO  o.a.m.s.f.DefaultMavenResourcesFiltering - Copying 0 resource from src\main\resources to target\classes
2025-08-10 15:43:39,760 [Worker-18: Building] INFO  o.a.m.s.f.DefaultMavenResourcesFiltering - skip non existing resourceDirectory C:\Users\laksh\Music\Microservices\Ecommerce\product-service\src\test\resources
2025-08-11 12:32:52,225 [Worker-6: Loading available Gradle versions] INFO  o.e.b.c.i.u.g.PublishedGradleVersions - Gradle version information cache is out-of-date. Trying to update.
2025-08-11 12:42:06,917 [Worker-34: Building] INFO  o.a.m.s.f.DefaultMavenResourcesFiltering - Copying 1 resource from src\main\resources to target\classes
2025-08-11 12:42:07,029 [Worker-34: Building] INFO  o.a.m.s.f.DefaultMavenResourcesFiltering - Copying 0 resource from src\main\resources to target\classes
2025-08-11 12:42:07,055 [Worker-34: Building] INFO  o.a.m.s.f.DefaultMavenResourcesFiltering - skip non existing resourceDirectory C:\Users\laksh\Music\Microservices\Ecommerce\eureka-server\src\test\resources
2025-08-11 12:50:43,930 [Worker-37: Launching CustomerServiceApplication] INFO  o.a.m.s.f.DefaultMavenResourcesFiltering - Copying 1 resource from src\main\resources to target\classes
2025-08-11 12:50:43,971 [Worker-37: Launching CustomerServiceApplication] INFO  o.a.m.s.f.DefaultMavenResourcesFiltering - Copying 0 resource from src\main\resources to target\classes
2025-08-11 12:50:43,978 [Worker-37: Launching CustomerServiceApplication] INFO  o.a.m.s.f.DefaultMavenResourcesFiltering - skip non existing resourceDirectory C:\Users\laksh\Music\Microservices\Ecommerce\customer-service\src\test\resources
2025-08-11 13:27:18,850 [Worker-43: Cleaning selected projects] INFO  o.e.m.w.i.f.ResourceFilteringBuildParticipant - Cleaning filtered folder for customer-service
2025-08-11 13:27:19,328 [Worker-34: Building] INFO  o.a.m.s.f.DefaultMavenResourcesFiltering - Copying 1 resource from src\main\resources to target\classes
2025-08-11 13:27:19,349 [Worker-34: Building] INFO  o.a.m.s.f.DefaultMavenResourcesFiltering - Copying 0 resource from src\main\resources to target\classes
2025-08-11 13:27:19,365 [Worker-34: Building] INFO  o.a.m.s.f.DefaultMavenResourcesFiltering - skip non existing resourceDirectory C:\Users\laksh\Music\Microservices\Ecommerce\customer-service\src\test\resources
2025-08-11 13:27:19,366 [Worker-34: Building] INFO  o.e.m.w.i.f.ResourceFilteringBuildParticipant - Changed resources require a complete clean of filtered resources of customer-service
2025-08-11 13:27:19,367 [Worker-34: Building] INFO  o.e.m.w.i.f.ResourceFilteringBuildParticipant - Executing resource filtering for customer-service
2025-08-11 13:33:51,798 [Worker-39: Building] INFO  o.e.m.c.i.l.LifecycleMappingFactory - Using org.maven.ide.eclipse.wtp.WarLifecycleMapping lifecycle mapping for MavenProject: com.example:order-service:0.0.1-SNAPSHOT @ C:\Users\laksh\Music\Microservices\Ecommerce\order-service\pom.xml.
2025-08-11 13:33:54,363 [Worker-39: Building] INFO  o.a.m.s.f.DefaultMavenResourcesFiltering - Copying 1 resource from src\main\resources to target\classes
2025-08-11 13:33:54,392 [Worker-39: Building] INFO  o.a.m.s.f.DefaultMavenResourcesFiltering - Copying 0 resource from src\main\resources to target\classes
2025-08-11 13:33:54,400 [Worker-39: Building] INFO  o.a.m.s.f.DefaultMavenResourcesFiltering - skip non existing resourceDirectory C:\Users\laksh\Music\Microservices\Ecommerce\order-service\src\test\resources
2025-08-11 13:33:54,419 [Worker-39: Building] INFO  o.e.m.w.i.f.ResourceFilteringBuildParticipant - Changed resources require a complete clean of filtered resources of order-service
2025-08-11 13:33:54,419 [Worker-39: Building] INFO  o.e.m.w.i.f.ResourceFilteringBuildParticipant - Executing resource filtering for order-service
2025-08-11 13:33:54,835 [Worker-43: Building] INFO  o.a.m.s.f.DefaultMavenResourcesFiltering - Copying 1 resource from src\main\resources to target\classes
2025-08-11 13:33:54,851 [Worker-43: Building] INFO  o.a.m.s.f.DefaultMavenResourcesFiltering - Copying 0 resource from src\main\resources to target\classes
2025-08-11 13:33:54,854 [Worker-43: Building] INFO  o.a.m.s.f.DefaultMavenResourcesFiltering - skip non existing resourceDirectory C:\Users\laksh\Music\Microservices\Ecommerce\order-service\src\test\resources
2025-08-11 13:34:20,941 [Worker-47: Building] INFO  o.a.m.s.f.DefaultMavenResourcesFiltering - Copying 1 resource from src\main\resources to target\classes
2025-08-11 13:34:20,948 [Worker-47: Building] INFO  o.a.m.s.f.DefaultMavenResourcesFiltering - Copying 0 resource from src\main\resources to target\classes
2025-08-11 13:34:20,952 [Worker-47: Building] INFO  o.a.m.s.f.DefaultMavenResourcesFiltering - skip non existing resourceDirectory C:\Users\laksh\Music\Microservices\Ecommerce\order-service\src\test\resources
2025-08-11 13:34:40,136 [Worker-37: Updating Maven Project] INFO  o.e.m.c.i.p.ProjectConfigurationManager - Update started
2025-08-11 13:34:40,469 [Worker-37: Updating Maven Project] INFO  o.e.m.c.i.l.LifecycleMappingFactory - Using org.maven.ide.eclipse.wtp.WarLifecycleMapping lifecycle mapping for MavenProject: com.example:order-service:0.0.1-SNAPSHOT @ C:\Users\laksh\Music\Microservices\Ecommerce\order-service\pom.xml.
2025-08-11 13:34:41,913 [Worker-37: Updating Maven Project] INFO  o.e.m.j.i.AbstractJavaProjectConfigurator - Adding source folder /order-service/src/main/java
2025-08-11 13:34:41,916 [Worker-37: Updating Maven Project] INFO  o.e.m.j.i.AbstractJavaProjectConfigurator - Adding resource folder /order-service/src/main/resources
2025-08-11 13:34:41,917 [Worker-37: Updating Maven Project] INFO  o.e.m.j.i.AbstractJavaProjectConfigurator - Adding resource folder /order-service/src/main/resources
2025-08-11 13:34:41,919 [Worker-37: Updating Maven Project] INFO  o.e.m.j.i.AbstractJavaProjectConfigurator - Adding source folder /order-service/src/test/java
2025-08-11 13:34:41,920 [Worker-37: Updating Maven Project] INFO  o.e.m.j.i.AbstractJavaProjectConfigurator - Adding resource folder /order-service/src/test/resources
2025-08-11 13:34:43,270 [Worker-37: Updating Maven Project] INFO  o.e.m.w.i.f.ResourceFilteringBuildParticipant - Cleaning filtered folder for order-service
2025-08-11 13:34:43,324 [Worker-37: Updating Maven Project] INFO  o.e.m.c.i.p.ProjectConfigurationManager - Update completed for 1 poms: local refresh takes 0.00 sec, refresh facades takes 1.00 sec, update config takes 1.00 sec 
2025-08-11 13:34:43,768 [Worker-34: Building] INFO  o.a.m.s.f.DefaultMavenResourcesFiltering - Copying 1 resource from src\main\resources to target\classes
2025-08-11 13:34:43,794 [Worker-34: Building] INFO  o.a.m.s.f.DefaultMavenResourcesFiltering - Copying 0 resource from src\main\resources to target\classes
2025-08-11 13:34:43,800 [Worker-34: Building] INFO  o.a.m.s.f.DefaultMavenResourcesFiltering - skip non existing resourceDirectory C:\Users\laksh\Music\Microservices\Ecommerce\order-service\src\test\resources
2025-08-11 13:34:43,800 [Worker-34: Building] INFO  o.e.m.w.i.f.ResourceFilteringBuildParticipant - Changed resources require a complete clean of filtered resources of order-service
2025-08-11 13:34:43,800 [Worker-34: Building] INFO  o.e.m.w.i.f.ResourceFilteringBuildParticipant - Executing resource filtering for order-service
2025-08-11 13:35:02,474 [Worker-47: Building] INFO  o.a.m.s.f.DefaultMavenResourcesFiltering - Copying 1 resource from src\main\resources to target\classes
2025-08-11 13:35:02,480 [Worker-47: Building] INFO  o.a.m.s.f.DefaultMavenResourcesFiltering - Copying 0 resource from src\main\resources to target\classes
2025-08-11 13:35:02,484 [Worker-47: Building] INFO  o.a.m.s.f.DefaultMavenResourcesFiltering - skip non existing resourceDirectory C:\Users\laksh\Music\Microservices\Ecommerce\order-service\src\test\resources
2025-08-11 13:36:08,446 [Worker-39: Building] INFO  o.a.m.s.f.DefaultMavenResourcesFiltering - Copying 1 resource from src\main\resources to target\classes
2025-08-11 13:36:08,473 [Worker-39: Building] INFO  o.a.m.s.f.DefaultMavenResourcesFiltering - Copying 0 resource from src\main\resources to target\classes
2025-08-11 13:36:08,480 [Worker-39: Building] INFO  o.a.m.s.f.DefaultMavenResourcesFiltering - skip non existing resourceDirectory C:\Users\laksh\Music\Microservices\Ecommerce\order-service\src\test\resources
2025-08-11 13:38:09,903 [Worker-39: Building] INFO  o.a.m.s.f.DefaultMavenResourcesFiltering - Copying 1 resource from src\main\resources to target\classes
2025-08-11 13:38:09,917 [Worker-39: Building] INFO  o.a.m.s.f.DefaultMavenResourcesFiltering - Copying 0 resource from src\main\resources to target\classes
2025-08-11 13:38:09,921 [Worker-39: Building] INFO  o.a.m.s.f.DefaultMavenResourcesFiltering - skip non existing resourceDirectory C:\Users\laksh\Music\Microservices\Ecommerce\api-gateway\src\test\resources
2025-08-11 13:55:55,479 [Worker-50: Building] INFO  o.a.m.s.f.DefaultMavenResourcesFiltering - Copying 1 resource from src\main\resources to target\classes
2025-08-11 13:55:55,492 [Worker-50: Building] INFO  o.a.m.s.f.DefaultMavenResourcesFiltering - Copying 0 resource from src\main\resources to target\classes
2025-08-11 13:55:55,494 [Worker-50: Building] INFO  o.a.m.s.f.DefaultMavenResourcesFiltering - skip non existing resourceDirectory C:\Users\laksh\Music\Microservices\Ecommerce\order-service\src\test\resources
2025-08-11 14:37:27,228 [Worker-8: Building] INFO  o.a.m.s.f.DefaultMavenResourcesFiltering - Copying 1 resource from src\main\resources to target\classes
2025-08-11 14:37:27,239 [Worker-8: Building] INFO  o.a.m.s.f.DefaultMavenResourcesFiltering - Copying 0 resource from src\main\resources to target\classes
2025-08-11 14:37:27,242 [Worker-8: Building] INFO  o.a.m.s.f.DefaultMavenResourcesFiltering - skip non existing resourceDirectory C:\Users\laksh\Music\Microservices\Ecommerce\api-gateway\src\test\resources
2025-08-11 14:39:45,904 [Worker-6: Loading available Gradle versions] INFO  o.e.b.c.i.u.g.PublishedGradleVersions - Gradle version information cache is up-to-date. Trying to read.
2025-08-11 22:23:50,937 [Worker-7: Loading available Gradle versions] INFO  o.e.b.c.i.u.g.PublishedGradleVersions - Gradle version information cache is up-to-date. Trying to read.
2025-08-11 22:47:37,409 [Worker-36: Launching EurekaServerApplication] INFO  o.a.m.s.f.DefaultMavenResourcesFiltering - Copying 1 resource from src\main\resources to target\classes
2025-08-11 22:47:37,430 [Worker-36: Launching EurekaServerApplication] INFO  o.a.m.s.f.DefaultMavenResourcesFiltering - Copying 0 resource from src\main\resources to target\classes
2025-08-11 22:47:37,436 [Worker-36: Launching EurekaServerApplication] INFO  o.a.m.s.f.DefaultMavenResourcesFiltering - skip non existing resourceDirectory C:\Users\laksh\Music\Microservices\Ecommerce\eureka-server\src\test\resources
2025-08-11 22:47:40,410 [Worker-32: Building] INFO  o.a.m.s.f.DefaultMavenResourcesFiltering - Copying 1 resource from src\main\resources to target\classes
2025-08-11 22:47:40,438 [Worker-32: Building] INFO  o.a.m.s.f.DefaultMavenResourcesFiltering - Copying 0 resource from src\main\resources to target\classes
2025-08-11 22:47:40,446 [Worker-32: Building] INFO  o.a.m.s.f.DefaultMavenResourcesFiltering - skip non existing resourceDirectory C:\Users\laksh\Music\Microservices\Ecommerce\api-gateway\src\test\resources
2025-08-11 22:47:42,518 [Worker-32: Building] INFO  o.a.m.s.f.DefaultMavenResourcesFiltering - Copying 1 resource from src\main\resources to target\classes
2025-08-11 22:47:42,558 [Worker-32: Building] INFO  o.a.m.s.f.DefaultMavenResourcesFiltering - Copying 0 resource from src\main\resources to target\classes
2025-08-11 22:47:42,568 [Worker-32: Building] INFO  o.a.m.s.f.DefaultMavenResourcesFiltering - skip non existing resourceDirectory C:\Users\laksh\Music\Microservices\Ecommerce\customer-service\src\test\resources
2025-08-11 22:47:44,802 [Worker-32: Building] INFO  o.a.m.s.f.DefaultMavenResourcesFiltering - Copying 1 resource from src\main\resources to target\classes
2025-08-11 22:47:44,833 [Worker-32: Building] INFO  o.a.m.s.f.DefaultMavenResourcesFiltering - Copying 0 resource from src\main\resources to target\classes
2025-08-11 22:47:44,839 [Worker-32: Building] INFO  o.a.m.s.f.DefaultMavenResourcesFiltering - skip non existing resourceDirectory C:\Users\laksh\Music\Microservices\Ecommerce\order-service\src\test\resources
2025-08-11 22:47:46,795 [Worker-32: Building] INFO  o.a.m.s.f.DefaultMavenResourcesFiltering - Copying 1 resource from src\main\resources to target\classes
2025-08-11 22:47:46,815 [Worker-32: Building] INFO  o.a.m.s.f.DefaultMavenResourcesFiltering - Copying 0 resource from src\main\resources to target\classes
2025-08-11 22:47:46,824 [Worker-32: Building] INFO  o.a.m.s.f.DefaultMavenResourcesFiltering - skip non existing resourceDirectory C:\Users\laksh\Music\Microservices\Ecommerce\payment-service\src\test\resources
2025-08-11 22:47:49,178 [Worker-32: Building] INFO  o.a.m.s.f.DefaultMavenResourcesFiltering - Copying 1 resource from src\main\resources to target\classes
2025-08-11 22:47:49,205 [Worker-32: Building] INFO  o.a.m.s.f.DefaultMavenResourcesFiltering - Copying 0 resource from src\main\resources to target\classes
2025-08-11 22:47:49,213 [Worker-32: Building] INFO  o.a.m.s.f.DefaultMavenResourcesFiltering - skip non existing resourceDirectory C:\Users\laksh\Music\Microservices\Ecommerce\product-service\src\test\resources
2025-08-11 22:56:30,500 [Worker-43: Building] INFO  o.a.m.s.f.DefaultMavenResourcesFiltering - Copying 1 resource from src\main\resources to target\classes
2025-08-11 22:56:30,508 [Worker-43: Building] INFO  o.a.m.s.f.DefaultMavenResourcesFiltering - Copying 0 resource from src\main\resources to target\classes
2025-08-11 22:56:30,511 [Worker-43: Building] INFO  o.a.m.s.f.DefaultMavenResourcesFiltering - skip non existing resourceDirectory C:\Users\laksh\Music\Microservices\Ecommerce\order-service\src\test\resources
2025-08-11 23:13:05,892 [Worker-47: Building] INFO  o.a.m.s.f.DefaultMavenResourcesFiltering - Copying 1 resource from src\main\resources to target\classes
2025-08-11 23:13:05,901 [Worker-47: Building] INFO  o.a.m.s.f.DefaultMavenResourcesFiltering - Copying 0 resource from src\main\resources to target\classes
2025-08-11 23:13:05,904 [Worker-47: Building] INFO  o.a.m.s.f.DefaultMavenResourcesFiltering - skip non existing resourceDirectory C:\Users\laksh\Music\Microservices\Ecommerce\order-service\src\test\resources
2025-08-11 23:13:12,015 [Worker-43: Building] INFO  o.a.m.s.f.DefaultMavenResourcesFiltering - Copying 1 resource from src\main\resources to target\classes
2025-08-11 23:13:12,025 [Worker-43: Building] INFO  o.a.m.s.f.DefaultMavenResourcesFiltering - Copying 0 resource from src\main\resources to target\classes
2025-08-11 23:13:12,031 [Worker-43: Building] INFO  o.a.m.s.f.DefaultMavenResourcesFiltering - skip non existing resourceDirectory C:\Users\laksh\Music\Microservices\Ecommerce\order-service\src\test\resources
2025-08-11 23:13:26,358 [Worker-48: Building] INFO  o.a.m.s.f.DefaultMavenResourcesFiltering - Copying 1 resource from src\main\resources to target\classes
2025-08-11 23:13:26,363 [Worker-48: Building] INFO  o.a.m.s.f.DefaultMavenResourcesFiltering - Copying 0 resource from src\main\resources to target\classes
2025-08-11 23:13:26,365 [Worker-48: Building] INFO  o.a.m.s.f.DefaultMavenResourcesFiltering - skip non existing resourceDirectory C:\Users\laksh\Music\Microservices\Ecommerce\order-service\src\test\resources
2025-08-11 23:14:59,753 [Worker-43: Building] INFO  o.a.m.s.f.DefaultMavenResourcesFiltering - Copying 1 resource from src\main\resources to target\classes
2025-08-11 23:14:59,759 [Worker-43: Building] INFO  o.a.m.s.f.DefaultMavenResourcesFiltering - Copying 0 resource from src\main\resources to target\classes
2025-08-11 23:14:59,762 [Worker-43: Building] INFO  o.a.m.s.f.DefaultMavenResourcesFiltering - skip non existing resourceDirectory C:\Users\laksh\Music\Microservices\Ecommerce\order-service\src\test\resources
2025-08-11 23:17:26,566 [Worker-44: Building] INFO  o.a.m.s.f.DefaultMavenResourcesFiltering - Copying 1 resource from src\main\resources to target\classes
2025-08-11 23:17:26,579 [Worker-44: Building] INFO  o.a.m.s.f.DefaultMavenResourcesFiltering - Copying 0 resource from src\main\resources to target\classes
2025-08-11 23:17:26,585 [Worker-44: Building] INFO  o.a.m.s.f.DefaultMavenResourcesFiltering - skip non existing resourceDirectory C:\Users\laksh\Music\Microservices\Ecommerce\order-service\src\test\resources
2025-08-11 23:17:59,985 [Worker-44: Building] INFO  o.a.m.s.f.DefaultMavenResourcesFiltering - Copying 1 resource from src\main\resources to target\classes
2025-08-11 23:17:59,991 [Worker-44: Building] INFO  o.a.m.s.f.DefaultMavenResourcesFiltering - Copying 0 resource from src\main\resources to target\classes
2025-08-11 23:17:59,994 [Worker-44: Building] INFO  o.a.m.s.f.DefaultMavenResourcesFiltering - skip non existing resourceDirectory C:\Users\laksh\Music\Microservices\Ecommerce\order-service\src\test\resources
2025-08-11 23:18:10,256 [Worker-43: Building] INFO  o.a.m.s.f.DefaultMavenResourcesFiltering - Copying 1 resource from src\main\resources to target\classes
2025-08-11 23:18:10,261 [Worker-43: Building] INFO  o.a.m.s.f.DefaultMavenResourcesFiltering - Copying 0 resource from src\main\resources to target\classes
2025-08-11 23:18:10,313 [Worker-43: Building] INFO  o.a.m.s.f.DefaultMavenResourcesFiltering - skip non existing resourceDirectory C:\Users\laksh\Music\Microservices\Ecommerce\order-service\src\test\resources
2025-08-11 23:18:31,793 [Worker-44: Building] INFO  o.a.m.s.f.DefaultMavenResourcesFiltering - Copying 1 resource from src\main\resources to target\classes
2025-08-11 23:18:31,801 [Worker-44: Building] INFO  o.a.m.s.f.DefaultMavenResourcesFiltering - Copying 0 resource from src\main\resources to target\classes
2025-08-11 23:18:31,805 [Worker-44: Building] INFO  o.a.m.s.f.DefaultMavenResourcesFiltering - skip non existing resourceDirectory C:\Users\laksh\Music\Microservices\Ecommerce\order-service\src\test\resources
2025-08-11 23:18:41,887 [Worker-43: Building] INFO  o.a.m.s.f.DefaultMavenResourcesFiltering - Copying 1 resource from src\main\resources to target\classes
2025-08-11 23:18:41,892 [Worker-43: Building] INFO  o.a.m.s.f.DefaultMavenResourcesFiltering - Copying 0 resource from src\main\resources to target\classes
2025-08-11 23:18:41,895 [Worker-43: Building] INFO  o.a.m.s.f.DefaultMavenResourcesFiltering - skip non existing resourceDirectory C:\Users\laksh\Music\Microservices\Ecommerce\order-service\src\test\resources
2025-08-12 09:14:20,107 [Worker-7: Loading available Gradle versions] INFO  o.e.b.c.i.u.g.PublishedGradleVersions - Gradle version information cache is up-to-date. Trying to read.
2025-08-12 09:31:35,929 [Worker-26: Building] INFO  o.a.m.s.f.DefaultMavenResourcesFiltering - Copying 1 resource from src\main\resources to target\classes
2025-08-12 09:31:35,970 [Worker-26: Building] INFO  o.a.m.s.f.DefaultMavenResourcesFiltering - Copying 0 resource from src\main\resources to target\classes
2025-08-12 09:31:35,979 [Worker-26: Building] INFO  o.a.m.s.f.DefaultMavenResourcesFiltering - skip non existing resourceDirectory C:\Users\laksh\Music\Microservices\Ecommerce\customer-service\src\test\resources
2025-08-12 09:37:54,316 [Worker-37: Building] INFO  o.a.m.s.f.DefaultMavenResourcesFiltering - Copying 1 resource from src\main\resources to target\classes
2025-08-12 09:37:54,328 [Worker-37: Building] INFO  o.a.m.s.f.DefaultMavenResourcesFiltering - Copying 0 resource from src\main\resources to target\classes
2025-08-12 09:37:54,333 [Worker-37: Building] INFO  o.a.m.s.f.DefaultMavenResourcesFiltering - skip non existing resourceDirectory C:\Users\laksh\Music\Microservices\Ecommerce\customer-service\src\test\resources
2025-08-12 09:42:29,340 [Worker-26: Launching OrderServiceApplication] INFO  o.a.m.s.f.DefaultMavenResourcesFiltering - Copying 1 resource from src\main\resources to target\classes
2025-08-12 09:42:29,377 [Worker-26: Launching OrderServiceApplication] INFO  o.a.m.s.f.DefaultMavenResourcesFiltering - Copying 0 resource from src\main\resources to target\classes
2025-08-12 09:42:29,389 [Worker-26: Launching OrderServiceApplication] INFO  o.a.m.s.f.DefaultMavenResourcesFiltering - skip non existing resourceDirectory C:\Users\laksh\Music\Microservices\Ecommerce\order-service\src\test\resources
2025-08-12 09:57:57,037 [Worker-40: Building] INFO  o.a.m.s.f.DefaultMavenResourcesFiltering - Copying 1 resource from src\main\resources to target\classes
2025-08-12 09:57:57,058 [Worker-40: Building] INFO  o.a.m.s.f.DefaultMavenResourcesFiltering - Copying 0 resource from src\main\resources to target\classes
2025-08-12 09:57:57,063 [Worker-40: Building] INFO  o.a.m.s.f.DefaultMavenResourcesFiltering - skip non existing resourceDirectory C:\Users\laksh\Music\Microservices\Ecommerce\customer-service\src\test\resources
2025-08-12 09:58:07,737 [Worker-47: Building] INFO  o.a.m.s.f.DefaultMavenResourcesFiltering - Copying 1 resource from src\main\resources to target\classes
2025-08-12 09:58:07,759 [Worker-47: Building] INFO  o.a.m.s.f.DefaultMavenResourcesFiltering - Copying 0 resource from src\main\resources to target\classes
2025-08-12 09:58:07,780 [Worker-47: Building] INFO  o.a.m.s.f.DefaultMavenResourcesFiltering - skip non existing resourceDirectory C:\Users\laksh\Music\Microservices\Ecommerce\order-service\src\test\resources
2025-08-12 09:58:52,870 [Worker-49: Building] INFO  o.a.m.s.f.DefaultMavenResourcesFiltering - Copying 1 resource from src\main\resources to target\classes
2025-08-12 09:58:52,877 [Worker-49: Building] INFO  o.a.m.s.f.DefaultMavenResourcesFiltering - Copying 0 resource from src\main\resources to target\classes
2025-08-12 09:58:52,882 [Worker-49: Building] INFO  o.a.m.s.f.DefaultMavenResourcesFiltering - skip non existing resourceDirectory C:\Users\laksh\Music\Microservices\Ecommerce\order-service\src\test\resources
2025-08-12 09:59:01,558 [Worker-44: Building] INFO  o.a.m.s.f.DefaultMavenResourcesFiltering - Copying 1 resource from src\main\resources to target\classes
2025-08-12 09:59:01,566 [Worker-44: Building] INFO  o.a.m.s.f.DefaultMavenResourcesFiltering - Copying 0 resource from src\main\resources to target\classes
2025-08-12 09:59:01,571 [Worker-44: Building] INFO  o.a.m.s.f.DefaultMavenResourcesFiltering - skip non existing resourceDirectory C:\Users\laksh\Music\Microservices\Ecommerce\order-service\src\test\resources
2025-08-12 10:05:59,569 [Worker-45: Building] INFO  o.a.m.s.f.DefaultMavenResourcesFiltering - Copying 1 resource from src\main\resources to target\classes
2025-08-12 10:05:59,577 [Worker-45: Building] INFO  o.a.m.s.f.DefaultMavenResourcesFiltering - Copying 0 resource from src\main\resources to target\classes
2025-08-12 10:05:59,580 [Worker-45: Building] INFO  o.a.m.s.f.DefaultMavenResourcesFiltering - skip non existing resourceDirectory C:\Users\laksh\Music\Microservices\Ecommerce\customer-service\src\test\resources
2025-08-12 10:06:53,259 [Worker-47: Building] INFO  o.a.m.s.f.DefaultMavenResourcesFiltering - Copying 1 resource from src\main\resources to target\classes
2025-08-12 10:06:53,270 [Worker-47: Building] INFO  o.a.m.s.f.DefaultMavenResourcesFiltering - Copying 0 resource from src\main\resources to target\classes
2025-08-12 10:06:53,277 [Worker-47: Building] INFO  o.a.m.s.f.DefaultMavenResourcesFiltering - skip non existing resourceDirectory C:\Users\laksh\Music\Microservices\Ecommerce\order-service\src\test\resources
2025-08-12 10:08:11,707 [Worker-50: Building] INFO  o.a.m.s.f.DefaultMavenResourcesFiltering - Copying 1 resource from src\main\resources to target\classes
2025-08-12 10:08:11,712 [Worker-50: Building] INFO  o.a.m.s.f.DefaultMavenResourcesFiltering - Copying 0 resource from src\main\resources to target\classes
2025-08-12 10:08:11,716 [Worker-50: Building] INFO  o.a.m.s.f.DefaultMavenResourcesFiltering - skip non existing resourceDirectory C:\Users\laksh\Music\Microservices\Ecommerce\order-service\src\test\resources
2025-08-12 10:11:00,616 [Worker-47: Building] INFO  o.a.m.s.f.DefaultMavenResourcesFiltering - Copying 1 resource from src\main\resources to target\classes
2025-08-12 10:11:00,626 [Worker-47: Building] INFO  o.a.m.s.f.DefaultMavenResourcesFiltering - Copying 0 resource from src\main\resources to target\classes
2025-08-12 10:11:00,632 [Worker-47: Building] INFO  o.a.m.s.f.DefaultMavenResourcesFiltering - skip non existing resourceDirectory C:\Users\laksh\Music\Microservices\Ecommerce\order-service\src\test\resources
2025-08-12 10:14:09,666 [Worker-52: Building] INFO  o.a.m.s.f.DefaultMavenResourcesFiltering - Copying 1 resource from src\main\resources to target\classes
2025-08-12 10:14:09,673 [Worker-52: Building] INFO  o.a.m.s.f.DefaultMavenResourcesFiltering - Copying 0 resource from src\main\resources to target\classes
2025-08-12 10:14:09,677 [Worker-52: Building] INFO  o.a.m.s.f.DefaultMavenResourcesFiltering - skip non existing resourceDirectory C:\Users\laksh\Music\Microservices\Ecommerce\customer-service\src\test\resources
2025-08-12 10:16:30,905 [Worker-54: Building] INFO  o.a.m.s.f.DefaultMavenResourcesFiltering - Copying 1 resource from src\main\resources to target\classes
2025-08-12 10:16:30,912 [Worker-54: Building] INFO  o.a.m.s.f.DefaultMavenResourcesFiltering - Copying 0 resource from src\main\resources to target\classes
2025-08-12 10:16:30,916 [Worker-54: Building] INFO  o.a.m.s.f.DefaultMavenResourcesFiltering - skip non existing resourceDirectory C:\Users\laksh\Music\Microservices\Ecommerce\order-service\src\test\resources
2025-08-12 10:16:35,982 [Worker-52: Building] INFO  o.a.m.s.f.DefaultMavenResourcesFiltering - Copying 1 resource from src\main\resources to target\classes
2025-08-12 10:16:35,992 [Worker-52: Building] INFO  o.a.m.s.f.DefaultMavenResourcesFiltering - Copying 0 resource from src\main\resources to target\classes
2025-08-12 10:16:35,996 [Worker-52: Building] INFO  o.a.m.s.f.DefaultMavenResourcesFiltering - skip non existing resourceDirectory C:\Users\laksh\Music\Microservices\Ecommerce\order-service\src\test\resources
2025-08-12 10:18:54,693 [Worker-47: Building] INFO  o.a.m.s.f.DefaultMavenResourcesFiltering - Copying 1 resource from src\main\resources to target\classes
2025-08-12 10:18:54,699 [Worker-47: Building] INFO  o.a.m.s.f.DefaultMavenResourcesFiltering - Copying 0 resource from src\main\resources to target\classes
2025-08-12 10:18:54,702 [Worker-47: Building] INFO  o.a.m.s.f.DefaultMavenResourcesFiltering - skip non existing resourceDirectory C:\Users\laksh\Music\Microservices\Ecommerce\customer-service\src\test\resources
2025-08-12 10:19:11,524 [Worker-53: Building] INFO  o.a.m.s.f.DefaultMavenResourcesFiltering - Copying 1 resource from src\main\resources to target\classes
2025-08-12 10:19:11,529 [Worker-53: Building] INFO  o.a.m.s.f.DefaultMavenResourcesFiltering - Copying 0 resource from src\main\resources to target\classes
2025-08-12 10:19:11,531 [Worker-53: Building] INFO  o.a.m.s.f.DefaultMavenResourcesFiltering - skip non existing resourceDirectory C:\Users\laksh\Music\Microservices\Ecommerce\customer-service\src\test\resources
2025-08-12 10:19:49,959 [Worker-54: Building] INFO  o.a.m.s.f.DefaultMavenResourcesFiltering - Copying 1 resource from src\main\resources to target\classes
2025-08-12 10:19:49,965 [Worker-54: Building] INFO  o.a.m.s.f.DefaultMavenResourcesFiltering - Copying 0 resource from src\main\resources to target\classes
2025-08-12 10:19:49,967 [Worker-54: Building] INFO  o.a.m.s.f.DefaultMavenResourcesFiltering - skip non existing resourceDirectory C:\Users\laksh\Music\Microservices\Ecommerce\order-service\src\test\resources
2025-08-12 10:20:52,111 [Worker-53: Building] INFO  o.a.m.s.f.DefaultMavenResourcesFiltering - Copying 1 resource from src\main\resources to target\classes
2025-08-12 10:20:52,121 [Worker-53: Building] INFO  o.a.m.s.f.DefaultMavenResourcesFiltering - Copying 0 resource from src\main\resources to target\classes
2025-08-12 10:20:52,126 [Worker-53: Building] INFO  o.a.m.s.f.DefaultMavenResourcesFiltering - skip non existing resourceDirectory C:\Users\laksh\Music\Microservices\Ecommerce\order-service\src\test\resources
2025-08-12 10:21:28,065 [Worker-53: Building] INFO  o.a.m.s.f.DefaultMavenResourcesFiltering - Copying 1 resource from src\main\resources to target\classes
2025-08-12 10:21:28,070 [Worker-53: Building] INFO  o.a.m.s.f.DefaultMavenResourcesFiltering - Copying 0 resource from src\main\resources to target\classes
2025-08-12 10:21:28,074 [Worker-53: Building] INFO  o.a.m.s.f.DefaultMavenResourcesFiltering - skip non existing resourceDirectory C:\Users\laksh\Music\Microservices\Ecommerce\order-service\src\test\resources
2025-08-12 10:28:49,029 [Worker-56: Building] INFO  o.a.m.s.f.DefaultMavenResourcesFiltering - Copying 1 resource from src\main\resources to target\classes
2025-08-12 10:28:49,039 [Worker-56: Building] INFO  o.a.m.s.f.DefaultMavenResourcesFiltering - Copying 0 resource from src\main\resources to target\classes
2025-08-12 10:28:49,042 [Worker-56: Building] INFO  o.a.m.s.f.DefaultMavenResourcesFiltering - skip non existing resourceDirectory C:\Users\laksh\Music\Microservices\Ecommerce\order-service\src\test\resources
2025-08-12 10:40:25,224 [Worker-5: Building] INFO  o.a.m.s.f.DefaultMavenResourcesFiltering - Copying 1 resource from src\main\resources to target\classes
2025-08-12 10:40:25,234 [Worker-5: Building] INFO  o.a.m.s.f.DefaultMavenResourcesFiltering - Copying 0 resource from src\main\resources to target\classes
2025-08-12 10:40:25,241 [Worker-5: Building] INFO  o.a.m.s.f.DefaultMavenResourcesFiltering - skip non existing resourceDirectory C:\Users\laksh\Music\Microservices\Ecommerce\customer-service\src\test\resources
